mSqQa4pKte,Modern Oblique Bedframe,Steel,Nylon,Somewhat Strong,Green
XfEUW9yRoy,Italian Chunky Bedframe,Hickory,Acetate,Very Strong,Green
34rfYWhENI,Slender Ladylike Bedframe,Balsa,Nylon,Strong,Sky Blue
G7Ccks70sT,Oblique Badass Bedframe,Walnut,Vinyl,Very Wobbly,Green
OxfbSpERI1,Norwegian Oblique Bedframe,Cedar,Polyester,Very Strong,Violet
CvrXxvaET5,Eclectic Fat Bedframe,Balsa,Linen,Somewhat Strong,Salmon
7dRg1lN4aF,Aged Bowed Bedframe,Oak,Cotton,Wobbly,White
TStJURWGNz,Gaunt Oblique Bedframe,Teak,Olefin,Very Sturdy,White
CgEi0rqx5c,Modern Fat Bedframe,Lindens,Linen,Strong,Gold
84cLQunGbC,Eclectic Angular Bedframe,Fir,Cotton Blend,Somewhat Wobbly,Turquoise
qlGrh0wDwn,Aged Badass Bedframe,Aluminum,Vinyl,Strong,Silver
uMX873fyNO,Norwegian Wimpy Bedframe,Pine,Olefin,Somewhat Sturdy,Silver
jsKPzVnZCb,Bowed Meager Bedframe,Hickory,Leather,Strong,Grey
k32rQUVZbK,Meager Hefty Bedframe,Ebony,Cotton,Very Wobbly,Teal
9Tv3jHqvWo,Strong Bowed Bedframe,Ebony,Linen,Indestructable,Yellow
8JMBPVlGD2,Gaunt Badass Bedframe,Coast Redwood,Wool,Very Strong,Yellow
WALkUOaLZt,Italian Thin Bedframe,Purpleheart,Wool,Very Sturdy,Grey
HAydWqAF2x,Modern Fat Bedframe,Afzelia,Polyester,Very Strong,Indigo
QuzqOEbROL,Aged Rounded Bedframe,Beech,Polyester,Very Wobbly,Maroon
cgVTlpPcfg,Aged Oblique Bedframe,Rayon,Vinyl,Indestructable,Blue
KbQs6m0lUk,Genteel Wimpy Bedframe,Fir,Cotton Blend,Indestructable,White
I9bbdHJb14,Indian Ladylike Bedframe,Aluminum,Nylon,Very Wobbly,Purple
qAFvg04zFf,Strong Rounded Bedframe,Hickory,Leather,Very Wobbly,Coral
JVnWCeHmQB,Italian Fat Bedframe,Cottonwood,Wool,Somewhat Strong,Purple
AUDz5IxYqB,Eclectic Hefty Bedframe,Teak,Cotton Blend,Somewhat Wobbly,Yellow
JizIBAxCKK,Eclectic Fat Bedframe,Purpleheart,Cotton,Very Wobbly,Teal
GbcOoK7zEQ,Gaunt Meager Bedframe,Alder,Cotton,Strong,Coral
lL5RM8IbEF,Strong Genteel Bedframe,Maple,Polyester,Somewhat Strong,Sky Blue
BMzfMoVlYh,German Rounded Bedframe,Pine,Wool,Wobbly,Indigo
SnCSGSpgYT,Bowed Meager Bedframe,Walnut,Acrylic,Strong,Coral
drdzHDiW8a,Gaunt Fat Bedframe,Teak,Cotton,Sturdy,Sky Blue
MRr88p0nYj,Gaunt Slender Bedframe,Teak,Vinyl,Somewhat Sturdy,Magenta
DHjSIHVuB3,Norwegian Gaunt Bedframe,Afzelia,Silk,Somewhat Wobbly,Sky Blue
cjdig1gpAc,Revolutionary Wimpy Bedframe,Teak,Acetate,Very Wobbly,Coral
KvWB6kppgc,Wimpy Bowed Bedframe,Hemlock,Silk,Wobbly,Orange
uX1wRxyvKH,Norwegian Slender Bedframe,Pine,Cotton Blend,Wobbly,Turquoise
OQVV3hf1qL,Revolutionary Meager Bedframe,Steel,Linen,Very Strong,Orange
kZnPDgCOm0,Strong Wimpy Bedframe,Balsa,Polyester,Very Wobbly,Salmon
frbSrFpJk8,Indian Gaunt Bedframe,Fir,Polyester,Very Sturdy,Indigo
rgBpu7NMrf,Fat Gaunt Bedframe,Cottonwood,Polyester,Sturdy,Violet
H14fp3KtBU,Oblique Wimpy Bedframe,Coast Redwood,Cotton Blend,Strong,Tan
5RfWzi7tOJ,Oblique Rounded Bedframe,Coast Redwood,Wool,Somewhat Strong,Grey
KtyqKG2ZOq,German Fat Bedframe,Alder,Leather,Somewhat Strong,White
Nu3OaR0C6k,Rustic Macho Bedframe,Rayon,Leather,Very Wobbly,Sky Blue
o3v7qEI4xx,German Oblique Bedframe,Magnesium Alloy,Silk,Very Wobbly,Turquoise
mDq5iJ8hnw,Fat Thin Bedframe,Elm,Acrylic,Strong,Tan
lqKAZ0fWr5,Oblique Jagged Bedframe,Cottonwood,Cotton Blend,Sturdy,Cyan
qJ1WwYYPV9,Gaunt Jagged Bedframe,Cherry,Wool,Sturdy,Orange
mtzPnlkPaj,Aged Thin Bedframe,Rayon,Nylon,Very Wobbly,Pink
eoIN2kmm92,German Hefty Bedframe,Birch,Nylon,Very Sturdy,Tan
MYqS5DUkSq,Fat Thin Bedframe,Steel,Silk,Wobbly,Grey
XmhKQgS3wQ,Wimpy Genteel Bedframe,Alder,Cotton,Very Sturdy,Magenta
hlv0i3VKBJ,Slender Slender Bedframe,Pine,Wool,Somewhat Wobbly,Green
ORiQHJCgYh,Fat Jagged Bedframe,Cedar,Wool,Very Strong,Grey
lUZQdDbVGZ,Gaunt Thin Bedframe,Coast Redwood,Cotton Blend,Somewhat Wobbly,Teal
28RWBDWBSg,Norwegian Ladylike Bedframe,Coast Redwood,Olefin,Sturdy,Purple
brrbzqzg5i,Slender Jagged Bedframe,Birch,Leather,Sturdy,Maroon
JLSo2PIe8o,Oblique Chunky Bedframe,Fir,Silk,Indestructable,Purple
jv0FBgYj9i,Revolutionary Rounded Bedframe,Hickory,Linen,Strong,Indigo
CjDIWMAWkR,Slender Light Bedframe,Cherry,Polyester,Wobbly,Green
jvVR6213Hy,Meager Badass Bedframe,Balsa,Acrylic,Very Strong,Tan
em4LxO6WY2,Gaunt Hefty Bedframe,Rayon,Cotton,Very Wobbly,Red
kaQu8rAqdG,Aged Macho Bedframe,Ebony,Acetate,Very Wobbly,Sky Blue
LqPaAknYqS,Meager Rounded Bedframe,Alder,Vinyl,Very Wobbly,Gold
4cuzlZ8ap6,Italian Oblique Bedframe,Alder,Vinyl,Wobbly,Purple
mj6wu2FS3v,Fat Rounded Bedframe,Fir,Silk,Very Strong,Indigo
g2inQPejWv,Fat Wimpy Bedframe,Pine,Cotton,Somewhat Wobbly,Maroon
xipKm4ZpqB,Slender Rounded Bedframe,Aluminum,Linen,Sturdy,Indigo
ckWsjy0qfn,Aged Oblique Bedframe,Cottonwood,Olefin,Sturdy,Purple
p1oRXmf0vp,Wimpy Jagged Bedframe,Pine,Acrylic,Very Wobbly,Blue
QVogyjf8b8,Fat Hefty Bedframe,Maple,Silk,Wobbly,Green
KJ26kmXeX7,Aged Genteel Bedframe,Hickory,Linen,Somewhat Wobbly,Lavender
wJCAz4XWFp,Fat Genteel Bedframe,Cottonwood,Acetate,Strong,Turquoise
Kt8tyAGM90,Bowed Ladylike Bedframe,Teak,Vinyl,Very Wobbly,Maroon
ppy6lB2izS,Slender Wimpy Bedframe,Purpleheart,Linen,Somewhat Strong,Blue
tK3KIsYHjP,Indian Ladylike Bedframe,Steel,Silk,Very Sturdy,Purple
MdgGwgxBYn,Oblique Hefty Bedframe,Afzelia,Cotton,Somewhat Strong,Olive
jWSMNoSQXb,Wimpy Rounded Bedframe,Beech,Vinyl,Wobbly,Purple
lHSxpq8uHs,Slender Meager Bedframe,Aluminum,Cotton,Very Strong,Turquoise
PSHJKRB52C,Strong Chunky Bedframe,Fir,Wool,Somewhat Strong,Red
I8jgc1Rjp0,Aged Angular Bedframe,Beech,Olefin,Somewhat Wobbly,Silver
lE1lT4mlvB,Eclectic Angular Bedframe,Walnut,Leather,Somewhat Sturdy,Yellow
kFr0Ks1B69,Aged Wimpy Bedframe,Walnut,Silk,Strong,Black
0mp9PGPdKw,Slender Oblique Bedframe,Steel,Polyester,Somewhat Wobbly,Tan
4aYM1g5Udu,Modern Hefty Bedframe,Lindens,Leather,Wobbly,Orange
jTImt1RNH7,Gaunt Fat Bedframe,Coast Redwood,Linen,Very Sturdy,Yellow
ZGZvEISawB,Norwegian Jagged Bedframe,Beech,Leather,Very Strong,Blue
tOWU8CUbqF,German Angular Bedframe,Lindens,Silk,Somewhat Wobbly,Lavender
5A75nuYO0H,Indian Jagged Bedframe,Aluminum,Silk,Very Sturdy,Violet
VlM7pgv67Z,Indian Angular Bedframe,Cedar,Acrylic,Wobbly,Yellow
zUOWCzFjaE,German Genteel Bedframe,Rayon,Olefin,Very Wobbly,Coral
zZ9XWJ8UHM,Meager Wimpy Bedframe,Balsa,Silk,Somewhat Strong,Cyan
Ro8r9BNhrj,Gaunt Light Bedframe,Afzelia,Vinyl,Very Strong,Magenta
obKXfkAJte,German Hefty Bedframe,Fir,Acetate,Indestructable,Coral
1dMKsDHhNY,German Meager Bedframe,Purpleheart,Silk,Strong,Magenta
9TNHcGDta2,Fat Macho Bedframe,Cherry,Silk,Somewhat Wobbly,Violet
5NwM4u2CRT,Meager Genteel Bedframe,Aluminum,Vinyl,Somewhat Sturdy,Coral
eQICr8bjKC,Genteel Meager Bedframe,Cedar,Wool,Somewhat Sturdy,Maroon
6eN33hCaLu,Norwegian Slender Bedframe,Afzelia,Acetate,Very Strong,Magenta
vXbO56JovI,Genteel Badass Bedframe,Oak,Vinyl,Somewhat Wobbly,Cyan
qxRgCLP3um,Wimpy Thin Bedframe,Cottonwood,Acetate,Very Sturdy,Red
ikvGJmD334,Indian Angular Bedframe,Ebony,Wool,Wobbly,Cyan
bbnymUqQf0,Rustic Oblique Bedframe,Magnesium Alloy,Polyester,Indestructable,Violet
yyIAQoeWLb,Rustic Ladylike Bedframe,Maple,Leather,Wobbly,Lavender
ZftwHjTplA,Gaunt Genteel Bedframe,Hemlock,Acrylic,Indestructable,White
srMNAowYSf,Norwegian Ladylike Bedframe,Cherry,Wool,Very Wobbly,Red
p3egrsR6bB,Modern Jagged Bedframe,Hickory,Wool,Somewhat Wobbly,Teal
otAlnw3xge,German Jagged Bedframe,Pine,Cotton,Very Sturdy,Teal
t1Psl3AsAU,Aged Light Bedframe,Cherry,Nylon,Sturdy,Yellow
FWtBhJEvtW,Genteel Chunky Bedframe,Walnut,Cotton Blend,Sturdy,Maroon
KhObeoJfr9,Modern Hefty Bedframe,Elm,Polyester,Wobbly,Violet
vQvd80s43Q,Italian Chunky Bedframe,Beech,Vinyl,Indestructable,Lavender
RlnoE3oj7f,Fat Ladylike Bedframe,Birch,Polyester,Very Wobbly,Sky Blue
BkyRY8nyyt,German Jagged Bedframe,Cottonwood,Acrylic,Very Sturdy,Teal
uHFcBb3Hd1,Oblique Wimpy Bedframe,Coast Redwood,Acetate,Very Sturdy,Violet
2oPMQdmtmW,Eclectic Hefty Bedframe,Hemlock,Cotton,Indestructable,Green
YQ9J5U6QGI,Revolutionary Gaunt Bedframe,Birch,Cotton,Indestructable,Pink
VFvjuzND52,Revolutionary Bowed Bedframe,Hickory,Olefin,Somewhat Wobbly,White
93D0hl1oj7,Aged Angular Bedframe,Aluminum,Vinyl,Wobbly,Teal
vcyVOV3FVH,Genteel Thin Bedframe,Birch,Leather,Somewhat Wobbly,Violet
75BEGa66eX,Gaunt Wimpy Bedframe,Beech,Acrylic,Somewhat Wobbly,Olive
FplUtPU6y1,Oblique Slender Bedframe,Elm,Silk,Sturdy,Turquoise
W9BvjZobEM,Modern Gaunt Bedframe,Hemlock,Wool,Very Wobbly,Tan
gWWhFZ5zml,Bowed Bowed Bedframe,Aluminum,Acrylic,Wobbly,Silver
k598Jv575W,Genteel Rounded Bedframe,Hickory,Acetate,Wobbly,Cyan
aaFAH5nYyZ,Meager Rounded Bedframe,Lindens,Acrylic,Very Sturdy,Orange
ayPOjFDLoP,Bowed Genteel Bedframe,Hemlock,Acetate,Very Sturdy,White
XLlGxXGvec,Indian Thin Bedframe,Birch,Wool,Somewhat Sturdy,Grey
FkSjoylt6R,Oblique Badass Bedframe,Balsa,Olefin,Very Wobbly,Cyan
XRzhw6WO9O,Modern Slender Bedframe,Steel,Vinyl,Very Wobbly,Green
RCNZ71NFEI,Oblique Light Bedframe,Cottonwood,Olefin,Somewhat Strong,Green
JTNVbQph6T,Modern Wimpy Bedframe,Purpleheart,Wool,Very Wobbly,Magenta
O05FqVxarW,Wimpy Wimpy Bedframe,Ebony,Cotton,Somewhat Strong,Cyan
ZL8BQrm1Nb,Oblique Light Bedframe,Aluminum,Polyester,Somewhat Sturdy,Purple
cURUJoiDSc,Slender Jagged Bedframe,Oak,Nylon,Indestructable,Orange
hO8K39itbJ,Slender Gaunt Bedframe,Balsa,Silk,Very Wobbly,Grey
gVR2PmYcZP,Slender Bowed Bedframe,Alder,Wool,Very Wobbly,Blue
kCia6FkdRZ,Genteel Wimpy Bedframe,Lindens,Acrylic,Very Wobbly,Salmon
rYL1Wu3rIO,Eclectic Chunky Bedframe,Hickory,Cotton,Strong,Orange
t8kPv0DeVr,Rustic Hefty Bedframe,Hemlock,Nylon,Sturdy,Tan
2rdNz43QBq,Strong Rounded Bedframe,Birch,Cotton,Wobbly,Black
vYVyaj4lIU,Modern Ladylike Bedframe,Ebony,Acrylic,Indestructable,Silver
UjfaSIppps,Meager Meager Bedframe,Ebony,Olefin,Somewhat Wobbly,Teal
Z3GAdVZIQD,Oblique Genteel Bedframe,Walnut,Cotton Blend,Wobbly,Purple
U6RzNL1xfo,Rustic Slender Bedframe,Steel,Linen,Indestructable,Coral
9ckqlzrFFm,Strong Jagged Bedframe,Cherry,Vinyl,Sturdy,Black
BZw1mo8x5e,Norwegian Genteel Bedframe,Birch,Nylon,Somewhat Sturdy,Tan
qnu8DyEF1k,Gaunt Angular Bedframe,Steel,Olefin,Somewhat Strong,Magenta
dAhLSOhSok,Genteel Rounded Bedframe,Alder,Polyester,Wobbly,Grey
yANemkzB1y,Wimpy Rounded Bedframe,Fir,Acetate,Very Sturdy,White
pQ1qdkWfg3,Slender Badass Bedframe,Afzelia,Acetate,Indestructable,Olive
PHalHg8aP9,Slender Wimpy Bedframe,Purpleheart,Acrylic,Somewhat Sturdy,Grey
Un3UokagPv,Bowed Angular Bedframe,Teak,Acetate,Very Strong,Silver
oOj5jAseDA,Gaunt Bowed Bedframe,Hemlock,Cotton,Indestructable,Violet
qfs0cQwXmd,Gaunt Badass Bedframe,Elm,Acetate,Indestructable,Green
pl5RMQ5K1T,Indian Jagged Bedframe,Oak,Silk,Strong,Purple
i4Z9vVvw7o,Aged Thin Bedframe,Oak,Wool,Somewhat Wobbly,Teal
OoYpO5YfJz,Eclectic Jagged Bedframe,Hemlock,Acetate,Sturdy,Indigo
JdO8uqljvW,Oblique Light Bedframe,Lindens,Wool,Somewhat Sturdy,Salmon
NMy6ziCgqN,Aged Genteel Bedframe,Beech,Polyester,Somewhat Wobbly,Olive
lh4HiY9lhC,Meager Badass Bedframe,Fir,Cotton,Somewhat Strong,Olive
mkpI17Rzgd,Meager Slender Bedframe,Magnesium Alloy,Cotton,Strong,Cyan
WgvnEenYs2,German Thin Bedframe,Elm,Wool,Very Strong,Olive
wutKVFv7dc,Italian Genteel Bedframe,Hickory,Polyester,Very Wobbly,Cyan
