IeqHqrksrD,German Fat Cabinet,Magnesium Alloy,Leather,Somewhat Sturdy,Salmon
RmfyTBjGNv,Norwegian Fat Cabinet,Maple,Acrylic,Very Wobbly,Orange
wTPFpedKxy,Modern Fat Cabinet,Teak,Linen,Very Strong,Pink
YWgi6pa5xx,Slender Macho Cabinet,Magnesium Alloy,Linen,Very Strong,Pink
yOHXFK8Ek6,Italian Rounded Cabinet,Steel,Nylon,Very Strong,Grey
A0fZY06JEo,Revolutionary Oblique Cabinet,Hickory,Leather,Sturdy,Orange
s5xQyIFNnz,Italian Gaunt Cabinet,Hemlock,Cotton Blend,Somewhat Strong,Black
SCDbnkKYfZ,Eclectic Meager Cabinet,Coast Redwood,Polyester,Very Strong,Coral
1UpwbrwB6d,Meager Fat Cabinet,Pine,Vinyl,Indestructable,Coral
Gd31KWZqiU,Rustic Ladylike Cabinet,Cottonwood,Linen,Somewhat Strong,Yellow
fJ298RAOYQ,Bowed Light Cabinet,Alder,Polyester,Somewhat Strong,Lavender
hj3cGvpiOt,German Genteel Cabinet,Lindens,Silk,Somewhat Sturdy,Yellow
ouZNXv6e6y,Oblique Macho Cabinet,Birch,Nylon,Wobbly,Red
HqSvQYsAB2,Revolutionary Badass Cabinet,Cedar,Linen,Very Sturdy,Salmon
bNbQJ5VVtY,Norwegian Thin Cabinet,Coast Redwood,Linen,Somewhat Strong,Turquoise
nM3qD6IsIM,Bowed Chunky Cabinet,Walnut,Polyester,Strong,Silver
b6X7sRDHZE,Modern Angular Cabinet,Cherry,Nylon,Very Wobbly,Maroon
LPeL6PByi2,Genteel Chunky Cabinet,Walnut,Linen,Strong,Salmon
n6E5RIoKDQ,Slender Meager Cabinet,Cedar,Polyester,Somewhat Wobbly,Magenta
Yu3iCQgQG3,Wimpy Slender Cabinet,Hemlock,Silk,Very Wobbly,Cyan
XrH6FEaWnF,Norwegian Angular Cabinet,Beech,Vinyl,Strong,Tan
il6EUHihrS,Gaunt Hefty Cabinet,Coast Redwood,Nylon,Strong,Lavender
YFmGTzHB8s,Bowed Badass Cabinet,Hickory,Polyester,Wobbly,Sky Blue
BAPIt4p0sI,Indian Hefty Cabinet,Elm,Polyester,Indestructable,Blue
U7MaLzWV7i,Italian Genteel Cabinet,Coast Redwood,Wool,Strong,Gold
W6MH7l0mBz,Bowed Chunky Cabinet,Magnesium Alloy,Acetate,Sturdy,Gold
VG6Zescfwu,Bowed Genteel Cabinet,Alder,Cotton Blend,Somewhat Wobbly,Magenta
TiW8b2reOx,Meager Oblique Cabinet,Lindens,Leather,Sturdy,Turquoise
K4nBYDeM9L,Genteel Chunky Cabinet,Maple,Vinyl,Somewhat Wobbly,Maroon
CsFe3Q1tHE,Slender Meager Cabinet,Alder,Olefin,Somewhat Strong,Blue
eZTLeRASH2,Norwegian Oblique Cabinet,Steel,Acrylic,Somewhat Sturdy,Maroon
n1dC6Zc6kY,Indian Angular Cabinet,Ebony,Cotton,Somewhat Sturdy,Lavender
vWR6uwNNdO,German Hefty Cabinet,Magnesium Alloy,Silk,Strong,Lavender
MMz1JGlIKb,Wimpy Thin Cabinet,Steel,Linen,Very Strong,Violet
2RdXzr9UxB,Bowed Slender Cabinet,Hickory,Acrylic,Sturdy,Green
Hr3wkcW3Lg,Genteel Meager Cabinet,Magnesium Alloy,Olefin,Strong,Teal
qxl6oMfZru,Italian Rounded Cabinet,Teak,Silk,Very Wobbly,Blue
P6A90qfk4C,Italian Genteel Cabinet,Beech,Olefin,Very Wobbly,Tan
OLFH7SPI6S,Aged Ladylike Cabinet,Fir,Nylon,Indestructable,Black
ZWBZvRETvr,Eclectic Angular Cabinet,Birch,Linen,Somewhat Strong,Salmon
O98AUHorU9,Meager Angular Cabinet,Aluminum,Wool,Wobbly,Turquoise
DwXEisPz7L,Aged Thin Cabinet,Teak,Polyester,Sturdy,Silver
WYz2xwXdok,Aged Hefty Cabinet,Afzelia,Cotton,Sturdy,Salmon
MvcQunm5Y0,German Badass Cabinet,Hemlock,Cotton Blend,Indestructable,Violet
3XPN4QGtYl,Meager Ladylike Cabinet,Oak,Linen,Strong,Red
77SbR2BtLW,Bowed Meager Cabinet,Purpleheart,Vinyl,Somewhat Strong,Sky Blue
QTLPfzPDnU,Slender Genteel Cabinet,Beech,Cotton,Somewhat Sturdy,Silver
TtFvMir6em,Wimpy Genteel Cabinet,Lindens,Cotton,Somewhat Strong,Orange
uYeQUv4nyO,Genteel Light Cabinet,Balsa,Polyester,Very Sturdy,Pink
yXPrp0SxTX,Modern Light Cabinet,Magnesium Alloy,Cotton Blend,Somewhat Strong,Maroon
Yfk8fPaMMc,German Hefty Cabinet,Cherry,Wool,Indestructable,Yellow
4im00eM9DI,Rustic Hefty Cabinet,Cherry,Olefin,Somewhat Sturdy,Green
69e7uYBnCx,Meager Angular Cabinet,Elm,Nylon,Somewhat Sturdy,Pink
fActa60Op2,German Ladylike Cabinet,Cedar,Cotton,Somewhat Strong,Purple
Fxtrcb6JVu,Italian Bowed Cabinet,Aluminum,Olefin,Indestructable,Indigo
yf7wuw2h0N,German Ladylike Cabinet,Magnesium Alloy,Leather,Very Sturdy,Tan
mkb6RZzXEm,Genteel Wimpy Cabinet,Rayon,Acrylic,Somewhat Wobbly,Magenta
9RZzrpKGxa,Indian Ladylike Cabinet,Coast Redwood,Polyester,Wobbly,Teal
UJsmlB2VXD,Indian Jagged Cabinet,Teak,Leather,Wobbly,Red
GrjUlprJhx,Indian Ladylike Cabinet,Aluminum,Cotton Blend,Somewhat Sturdy,White
6qaaHgPjZ1,Genteel Hefty Cabinet,Ebony,Linen,Indestructable,Indigo
9VRBIDn7Q5,Rustic Wimpy Cabinet,Balsa,Leather,Very Strong,Indigo
yvjZP5CCOb,Fat Rounded Cabinet,Birch,Acrylic,Wobbly,Maroon
2brCsqMwFv,German Thin Cabinet,Teak,Polyester,Very Strong,White
0uzi2lU3dA,Modern Angular Cabinet,Walnut,Acrylic,Very Sturdy,Yellow
cwF7vAc4zF,Revolutionary Jagged Cabinet,Afzelia,Vinyl,Strong,Grey
g3u7odqMAF,Italian Oblique Cabinet,Elm,Olefin,Very Wobbly,Teal
qHHQVXgcBN,Modern Badass Cabinet,Beech,Vinyl,Wobbly,Orange
txklYaJXFY,Modern Angular Cabinet,Alder,Nylon,Wobbly,Violet
kYvH8E6DeR,German Genteel Cabinet,Cedar,Acrylic,Very Sturdy,Pink
L5XLpa5cap,Rustic Hefty Cabinet,Hickory,Acrylic,Somewhat Wobbly,Lavender
GcIytotvoZ,German Fat Cabinet,Purpleheart,Olefin,Somewhat Sturdy,Coral
KQGJ8VD3wT,Slender Wimpy Cabinet,Hickory,Silk,Somewhat Sturdy,Sky Blue
KrxJ7qsu83,Bowed Meager Cabinet,Maple,Cotton,Somewhat Strong,Gold
lgGUlztw6f,Rustic Thin Cabinet,Cherry,Nylon,Sturdy,Pink
zP5MVohZt0,Aged Genteel Cabinet,Cedar,Vinyl,Somewhat Strong,Black
g6yeUpcwSe,Italian Gaunt Cabinet,Balsa,Cotton,Somewhat Strong,Grey
oea3K10Fwk,Genteel Fat Cabinet,Balsa,Cotton,Very Strong,Magenta
bvQG7AyzpP,Wimpy Light Cabinet,Afzelia,Silk,Somewhat Wobbly,Yellow
Lgi31OieR1,Indian Meager Cabinet,Cedar,Acrylic,Very Strong,Yellow
NvpkimV72M,Norwegian Macho Cabinet,Cedar,Cotton Blend,Sturdy,Sky Blue
4d0ndtZCfG,Bowed Genteel Cabinet,Balsa,Cotton Blend,Indestructable,Black
8A40NorlvK,German Meager Cabinet,Hemlock,Leather,Wobbly,Violet
3FltIo53cP,Meager Ladylike Cabinet,Fir,Cotton Blend,Wobbly,Red
iw90kcR4Vk,Fat Wimpy Cabinet,Cherry,Silk,Somewhat Wobbly,Violet
L5NMAFhpum,Revolutionary Bowed Cabinet,Alder,Cotton,Very Sturdy,Purple
iPVdubkrTT,Eclectic Light Cabinet,Teak,Olefin,Very Strong,Salmon
eTtf1QpjZ5,Fat Genteel Cabinet,Pine,Linen,Strong,Lavender
f8QKLaEMto,Aged Oblique Cabinet,Lindens,Acetate,Somewhat Strong,Orange
nCT1TAk7oS,Strong Gaunt Cabinet,Hickory,Cotton Blend,Somewhat Sturdy,Gold
C6ALN8sYo8,Oblique Gaunt Cabinet,Teak,Wool,Very Sturdy,Silver
xDGyCXl7W1,Norwegian Jagged Cabinet,Birch,Linen,Sturdy,Cyan
KvXdWchurf,Genteel Thin Cabinet,Lindens,Nylon,Strong,Black
sEf2YuCCVU,Genteel Badass Cabinet,Steel,Cotton Blend,Sturdy,Green
QDAUu4SYUK,Italian Bowed Cabinet,Balsa,Silk,Indestructable,Blue
cte2Z9Iz14,Eclectic Chunky Cabinet,Cottonwood,Silk,Sturdy,Salmon
QKfCY0eASx,Revolutionary Badass Cabinet,Maple,Wool,Strong,Lavender
pyiwlScewT,Meager Thin Cabinet,Alder,Acrylic,Very Wobbly,Cyan
nbsvVJUjNU,Italian Oblique Cabinet,Maple,Acrylic,Very Wobbly,Maroon
mPjjYIenLZ,Rustic Oblique Cabinet,Walnut,Cotton Blend,Wobbly,Teal
qXfLcdQZ3W,German Slender Cabinet,Fir,Acrylic,Very Sturdy,Teal
9Gxsi0TOjW,Eclectic Bowed Cabinet,Alder,Acetate,Very Strong,Indigo
gj6Mn48NdS,Fat Angular Cabinet,Alder,Silk,Somewhat Sturdy,Salmon
zQImaMUMUb,Slender Chunky Cabinet,Lindens,Vinyl,Strong,Green
OduQpEPyaK,Meager Light Cabinet,Fir,Linen,Indestructable,Pink
DGldqhAclw,Meager Thin Cabinet,Balsa,Silk,Very Wobbly,Pink
IeuJp3BUnd,Norwegian Wimpy Cabinet,Teak,Cotton,Strong,Magenta
DwHt6Ep36W,Aged Macho Cabinet,Cedar,Cotton,Very Wobbly,Magenta
lrQhujYLp5,Bowed Badass Cabinet,Pine,Vinyl,Very Wobbly,Cyan
vK4Rp98p4A,Italian Hefty Cabinet,Pine,Cotton,Very Sturdy,Cyan
IOZsB5DZWZ,Norwegian Angular Cabinet,Elm,Silk,Strong,Yellow
A6SjLWwlXB,Slender Badass Cabinet,Lindens,Cotton,Very Wobbly,Blue
kphIGiILcS,Bowed Gaunt Cabinet,Ebony,Leather,Somewhat Strong,Indigo
IHbXNfy8by,Eclectic Ladylike Cabinet,Cottonwood,Cotton,Very Strong,Gold
gQfkZcRjPQ,Oblique Hefty Cabinet,Elm,Vinyl,Very Strong,Grey
8FbS1Dz5Z3,German Meager Cabinet,Beech,Olefin,Indestructable,Indigo
R0GOvJYKl5,Slender Chunky Cabinet,Pine,Silk,Wobbly,Blue
rebuWzEk53,Wimpy Thin Cabinet,Magnesium Alloy,Nylon,Very Wobbly,Grey
akAyKbuVUI,Slender Wimpy Cabinet,Purpleheart,Wool,Sturdy,Red
th5P1k3Cbd,Bowed Hefty Cabinet,Fir,Vinyl,Sturdy,Olive
64qLDK26KP,Aged Oblique Cabinet,Lindens,Wool,Very Strong,Orange
yIOQJr80CO,Oblique Oblique Cabinet,Teak,Olefin,Very Strong,Olive
uKeGwVAde7,Eclectic Slender Cabinet,Fir,Acrylic,Somewhat Sturdy,Salmon
EcZRrSCIKb,Norwegian Badass Cabinet,Beech,Vinyl,Wobbly,Indigo
9IDrTc6hjp,Strong Oblique Cabinet,Aluminum,Linen,Very Wobbly,Olive
SFtVPxi4d9,Rustic Oblique Cabinet,Ebony,Acetate,Somewhat Sturdy,Yellow
4rbXnrcW86,Bowed Meager Cabinet,Elm,Acrylic,Very Strong,Silver
Aabanpg0HQ,Aged Hefty Cabinet,Beech,Silk,Very Sturdy,Blue
h16P6bTVLj,Eclectic Chunky Cabinet,Coast Redwood,Vinyl,Somewhat Wobbly,Salmon
2siC5yZ1g2,Bowed Badass Cabinet,Elm,Cotton Blend,Very Sturdy,White
ghJ3FsBdDS,Wimpy Gaunt Cabinet,Pine,Vinyl,Strong,Silver
3weuZIFeOt,Fat Oblique Cabinet,Balsa,Cotton,Somewhat Wobbly,Orange
Ig7CjKPHvC,Aged Rounded Cabinet,Purpleheart,Leather,Strong,Purple
IGntYv8scu,German Genteel Cabinet,Walnut,Cotton,Very Wobbly,Cyan
K7rhYYYQRW,Italian Badass Cabinet,Aluminum,Olefin,Indestructable,Cyan
XcCIMOZvQe,Oblique Meager Cabinet,Teak,Olefin,Very Strong,Tan
WbTCssTZwc,Revolutionary Fat Cabinet,Magnesium Alloy,Vinyl,Very Sturdy,Tan
1fKjS4JCV3,Wimpy Meager Cabinet,Afzelia,Cotton,Strong,Indigo
AnjFpDMOBx,Wimpy Ladylike Cabinet,Lindens,Leather,Very Strong,Violet
25M9T6hMA9,Gaunt Rounded Cabinet,Maple,Vinyl,Very Wobbly,Salmon
u1a2FtF8k6,Fat Chunky Cabinet,Elm,Cotton,Indestructable,Pink
YnfwTyqtiV,Bowed Hefty Cabinet,Pine,Leather,Strong,Silver
HkNMWDv7tK,Genteel Genteel Cabinet,Coast Redwood,Nylon,Very Wobbly,Red
P4Z4AV7BCw,Strong Angular Cabinet,Coast Redwood,Wool,Wobbly,Teal
FnHS1wUJTa,Norwegian Meager Cabinet,Birch,Cotton,Very Wobbly,Indigo
VQKhxrcAu9,Wimpy Genteel Cabinet,Oak,Vinyl,Somewhat Wobbly,Green
FXbpy30qET,Genteel Bowed Cabinet,Maple,Linen,Wobbly,Turquoise
XOjIoDORww,Indian Wimpy Cabinet,Hickory,Linen,Somewhat Wobbly,Sky Blue
dfVeYYYmOX,Fat Oblique Cabinet,Alder,Polyester,Very Strong,Gold
NAhgEfNipT,Aged Light Cabinet,Purpleheart,Acetate,Indestructable,Green
OXP2DaOYZi,Fat Fat Cabinet,Hickory,Polyester,Somewhat Strong,Olive
45IHJInpMG,Rustic Rounded Cabinet,Coast Redwood,Leather,Very Strong,Salmon
GT33uqqq5D,Wimpy Meager Cabinet,Coast Redwood,Wool,Wobbly,Salmon
qrFBAHWM17,Rustic Bowed Cabinet,Cherry,Silk,Wobbly,Orange
Shd1ZZ6Uay,Italian Ladylike Cabinet,Rayon,Cotton,Strong,Purple
cdiArDYM4d,Strong Bowed Cabinet,Afzelia,Leather,Wobbly,Black
lpeJdlV0y9,Revolutionary Slender Cabinet,Birch,Cotton Blend,Somewhat Strong,Grey
r51GhroIT7,German Angular Cabinet,Steel,Nylon,Somewhat Sturdy,Salmon
S51q1LC1vk,Italian Meager Cabinet,Hickory,Acetate,Very Sturdy,Salmon
TU5Wn6HaAv,Bowed Thin Cabinet,Aluminum,Nylon,Very Wobbly,Green
2WHYBFvyJt,Modern Chunky Cabinet,Steel,Leather,Somewhat Wobbly,Olive
cDpdGk8TRM,Fat Slender Cabinet,Afzelia,Olefin,Sturdy,Black
dJzGgEyYct,Rustic Oblique Cabinet,Cedar,Cotton,Somewhat Strong,Salmon
5jMtS9OrWm,Indian Thin Cabinet,Aluminum,Olefin,Very Wobbly,White
XKuKFb7uK0,Aged Light Cabinet,Cherry,Olefin,Strong,Pink
aYDW6yvRrW,Genteel Oblique Cabinet,Elm,Linen,Sturdy,Sky Blue
CxGmsL4X25,Fat Badass Cabinet,Afzelia,Nylon,Very Strong,Teal
mQugylHKPY,Fat Genteel Cabinet,Maple,Silk,Sturdy,Red
t0CgmqvpHh,Rustic Thin Cabinet,Oak,Acetate,Strong,Maroon
XVjhwgLmLZ,Italian Hefty Cabinet,Pine,Cotton Blend,Sturdy,Sky Blue
XvrvfRhwft,Eclectic Slender Cabinet,Balsa,Nylon,Very Sturdy,Orange
tjbSxgVsl7,Wimpy Meager Cabinet,Aluminum,Acrylic,Wobbly,Green
6O6pMG8LQb,Revolutionary Bowed Cabinet,Pine,Acetate,Strong,Maroon
BKr5yK9w4G,Gaunt Ladylike Cabinet,Steel,Linen,Strong,Maroon
Y1xICpISfT,Meager Slender Cabinet,Maple,Nylon,Strong,Coral
T4bZ68wokN,Genteel Light Cabinet,Aluminum,Cotton Blend,Somewhat Sturdy,Pink
lHGkBlojS7,Rustic Rounded Cabinet,Aluminum,Silk,Very Wobbly,Lavender
