e4N74ZRbsQ,Indian Light Chair,Cherry,Cotton Blend,Very Wobbly,Magenta
DIGd7pVmDw,Oblique Chunky Chair,Oak,Leather,Sturdy,Sky Blue
jDovuytOo3,Aged Oblique Chair,Balsa,Leather,Somewhat Strong,Indigo
lUVvXaqzLt,German Hefty Chair,Cedar,Wool,Very Wobbly,Sky Blue
KNG9lK5OiG,Oblique Ladylike Chair,Pine,Olefin,Sturdy,Indigo
n9DtdenoTI,German Macho Chair,Cedar,Silk,Strong,Violet
TOOFiGvehT,Modern Macho Chair,Lindens,Linen,Sturdy,Grey
eBFE02sObx,Norwegian Meager Chair,Aluminum,Linen,Somewhat Wobbly,Maroon
TAEYSw6jsz,Gaunt Meager Chair,Rayon,Acetate,Sturdy,Indigo
kxQcrKrpbs,Eclectic Gaunt Chair,Teak,Cotton Blend,Strong,Olive
JMk0gsylrb,Aged Jagged Chair,Purpleheart,Nylon,Sturdy,Tan
Mw9ukBfPFq,Fat Fat Chair,Birch,Acrylic,Sturdy,Coral
q5aj9fR6Or,German Slender Chair,Teak,Polyester,Somewhat Strong,Salmon
LZbcFexDwT,Wimpy Angular Chair,Beech,Wool,Somewhat Sturdy,Blue
2AOOGS7BoV,Oblique Chunky Chair,Cherry,Olefin,Sturdy,Sky Blue
Hj2HuizkM6,German Hefty Chair,Cherry,Leather,Indestructable,Salmon
fSaiycEr4J,Modern Hefty Chair,Pine,Acetate,Indestructable,Maroon
JZJ5pk5xm2,Fat Fat Chair,Birch,Wool,Somewhat Wobbly,Sky Blue
pEBEsrNftY,Genteel Oblique Chair,Birch,Acetate,Very Strong,Pink
ZrR0bF5QXw,Oblique Jagged Chair,Ebony,Cotton,Somewhat Wobbly,Orange
XCE2SvYNQL,Revolutionary Fat Chair,Steel,Silk,Sturdy,Grey
3gZT6eTVNM,Fat Bowed Chair,Teak,Cotton,Somewhat Strong,Cyan
N2Vc0LNaQ2,Norwegian Badass Chair,Coast Redwood,Cotton,Somewhat Sturdy,Red
C5bsBRaObE,Rustic Bowed Chair,Teak,Vinyl,Somewhat Wobbly,Green
fspifRInAQ,Fat Meager Chair,Cottonwood,Nylon,Somewhat Strong,Olive
gpBq8rHPNs,Meager Hefty Chair,Maple,Nylon,Very Wobbly,Green
vhMzt0ryTy,Modern Fat Chair,Ebony,Vinyl,Somewhat Sturdy,Olive
jO65mNIZtJ,Eclectic Macho Chair,Hemlock,Polyester,Somewhat Sturdy,Indigo
QHviw93MxK,Italian Badass Chair,Magnesium Alloy,Vinyl,Very Wobbly,Black
zqlJ2waid2,Indian Angular Chair,Hickory,Acetate,Strong,Silver
f5ywG7SXQU,Eclectic Thin Chair,Ebony,Olefin,Somewhat Strong,Lavender
V8DwHReBoG,Aged Thin Chair,Magnesium Alloy,Linen,Sturdy,Sky Blue
qKNcfh4MV6,Indian Rounded Chair,Walnut,Cotton Blend,Somewhat Strong,Purple
9Gz3PgpxS9,Indian Gaunt Chair,Teak,Leather,Very Wobbly,Teal
cpkCqv5MPO,Fat Angular Chair,Ebony,Nylon,Very Sturdy,Gold
5FhFrb6Hhz,Modern Rounded Chair,Elm,Cotton,Wobbly,Tan
LJImkOYMFr,Slender Bowed Chair,Birch,Olefin,Somewhat Wobbly,Coral
wBpcbkKZtf,Italian Hefty Chair,Cherry,Linen,Indestructable,Salmon
S26yqk0gDM,Indian Jagged Chair,Pine,Polyester,Somewhat Wobbly,Sky Blue
nQZCLh7IcI,Norwegian Bowed Chair,Alder,Cotton Blend,Somewhat Wobbly,Purple
2nvIHb4NF7,Rustic Thin Chair,Rayon,Leather,Somewhat Sturdy,Teal
IVUQB6POuO,Genteel Badass Chair,Lindens,Olefin,Somewhat Wobbly,Tan
wK8rMbq3PJ,Aged Oblique Chair,Ebony,Vinyl,Very Sturdy,Teal
A93xiWMRhT,Aged Jagged Chair,Purpleheart,Acrylic,Very Wobbly,Pink
PstlUzTHfE,Fat Rounded Chair,Alder,Linen,Somewhat Strong,Blue
9RjVh3x8tK,Meager Badass Chair,Birch,Acrylic,Somewhat Sturdy,Maroon
0KSfx7M1IN,Bowed Ladylike Chair,Cedar,Cotton,Very Wobbly,Black
fjw9XYXsTK,Gaunt Meager Chair,Walnut,Leather,Very Sturdy,Pink
3oJRUJXifV,Rustic Jagged Chair,Cherry,Wool,Somewhat Strong,Tan
JITkC0GZOH,Italian Chunky Chair,Purpleheart,Linen,Strong,Grey
htonUFapQZ,Oblique Wimpy Chair,Rayon,Olefin,Indestructable,Silver
TQrCNApRzN,Strong Wimpy Chair,Alder,Nylon,Indestructable,Indigo
iamEgW0Ag2,Gaunt Wimpy Chair,Pine,Olefin,Indestructable,Silver
5f1NWm6yVP,Slender Hefty Chair,Hickory,Cotton,Strong,Lavender
T3UWoWJI6d,Gaunt Slender Chair,Hickory,Wool,Sturdy,Lavender
fHDKhWgoyW,Genteel Jagged Chair,Purpleheart,Polyester,Somewhat Wobbly,Coral
FNlBck6S61,Slender Gaunt Chair,Lindens,Nylon,Somewhat Strong,Blue
AmEdnMsefb,Wimpy Ladylike Chair,Balsa,Cotton Blend,Indestructable,Sky Blue
FGichGMA8G,Genteel Slender Chair,Beech,Wool,Strong,Silver
tLBIkc5Fw4,Fat Hefty Chair,Cherry,Cotton,Somewhat Strong,Yellow
Be9nvmOuJB,Eclectic Fat Chair,Cedar,Acetate,Very Wobbly,Gold
y21LVHAkEE,Rustic Oblique Chair,Elm,Vinyl,Somewhat Wobbly,Yellow
TRNPXOSNS1,Rustic Thin Chair,Birch,Leather,Very Wobbly,Pink
xEiXFQMNxU,Slender Badass Chair,Rayon,Cotton,Sturdy,Lavender
t46b40gnat,Bowed Wimpy Chair,Cedar,Acetate,Strong,Red
wjzgUIVYh6,Slender Light Chair,Steel,Cotton Blend,Somewhat Sturdy,Olive
Y9oPD5wbxV,Slender Wimpy Chair,Afzelia,Acetate,Very Strong,Pink
GD8FikLpTa,Slender Slender Chair,Hemlock,Nylon,Very Sturdy,Cyan
N5gFbniK9u,Wimpy Slender Chair,Pine,Leather,Strong,Turquoise
dAerV1FFCW,Fat Light Chair,Pine,Nylon,Very Wobbly,Grey
NN1gagsEQJ,Slender Chunky Chair,Elm,Olefin,Very Wobbly,Olive
qZ2CujzPhr,Strong Angular Chair,Teak,Leather,Very Sturdy,Lavender
9Fb2brEVnd,Slender Genteel Chair,Cottonwood,Silk,Somewhat Sturdy,Olive
TTAoSpkTam,Norwegian Macho Chair,Afzelia,Cotton,Strong,Coral
vbvyCoo9sD,Indian Fat Chair,Cherry,Leather,Somewhat Wobbly,Cyan
o8wMrHSwUk,Oblique Macho Chair,Fir,Acrylic,Wobbly,Maroon
Sr0VEgPNfG,Bowed Slender Chair,Oak,Cotton Blend,Somewhat Sturdy,Blue
B9pLVld0kA,Indian Light Chair,Alder,Wool,Somewhat Wobbly,Magenta
9kzx98bRlX,Strong Macho Chair,Coast Redwood,Nylon,Somewhat Strong,Grey
7F34jaOWUE,Bowed Thin Chair,Hemlock,Acetate,Very Strong,Yellow
iOLcnTIVFy,Rustic Chunky Chair,Ebony,Linen,Wobbly,Black
UhCgTjSXvT,Oblique Ladylike Chair,Pine,Vinyl,Somewhat Sturdy,Green
GvAKFKkyM6,Gaunt Wimpy Chair,Coast Redwood,Cotton,Wobbly,Grey
nrNZEpvXKy,Indian Meager Chair,Cherry,Acrylic,Indestructable,Violet
eP6RB3BHpZ,Oblique Gaunt Chair,Beech,Nylon,Somewhat Strong,Silver
YLDtC2Xs9h,Strong Genteel Chair,Ebony,Linen,Very Strong,Salmon
q3rHteiF4D,Aged Gaunt Chair,Afzelia,Polyester,Very Strong,Orange
NijtnyBhEk,Oblique Angular Chair,Pine,Acrylic,Somewhat Wobbly,Olive
mMKW3QzCSq,Slender Hefty Chair,Hemlock,Cotton Blend,Very Wobbly,Teal
tI8FHUlyB6,Eclectic Hefty Chair,Purpleheart,Vinyl,Somewhat Strong,Maroon
kXNt3Uau7o,Oblique Genteel Chair,Walnut,Cotton,Indestructable,Lavender
upjHz3f4Dn,Aged Wimpy Chair,Pine,Leather,Very Strong,Magenta
mFfSS1M6uW,Strong Chunky Chair,Fir,Olefin,Strong,Gold
mWr4Nj2Drh,Indian Wimpy Chair,Balsa,Olefin,Wobbly,Yellow
NpMhIjL9wZ,Wimpy Ladylike Chair,Hemlock,Silk,Very Sturdy,Black
fTmo9qbApQ,Wimpy Meager Chair,Steel,Olefin,Sturdy,Magenta
iLk84yUBI0,Italian Fat Chair,Fir,Leather,Very Wobbly,Blue
l7v07sVia1,Revolutionary Fat Chair,Coast Redwood,Nylon,Somewhat Strong,Purple
l2k6uktmgm,Slender Ladylike Chair,Lindens,Vinyl,Somewhat Sturdy,Violet
SmkuhLebC0,Eclectic Oblique Chair,Beech,Cotton Blend,Strong,White
atZM3m7Sie,Eclectic Thin Chair,Pine,Acetate,Somewhat Wobbly,Indigo
hJ4p3fo0D5,Wimpy Bowed Chair,Cherry,Acetate,Strong,Cyan
2E482dhyl7,Gaunt Slender Chair,Walnut,Linen,Very Strong,Yellow
Mr8FwUntD1,Oblique Rounded Chair,Cherry,Acrylic,Indestructable,Blue
R4cmBp2ZlB,Italian Macho Chair,Ebony,Vinyl,Very Wobbly,Purple
Vl2vCs1Bn3,Fat Gaunt Chair,Ebony,Olefin,Sturdy,Maroon
MjWFpulw3d,Aged Oblique Chair,Cedar,Polyester,Very Wobbly,Cyan
kW9w63n70g,Modern Ladylike Chair,Beech,Silk,Very Strong,Salmon
T9Ojs2TtWx,Rustic Ladylike Chair,Lindens,Nylon,Strong,Indigo
7LQypSrc74,Slender Rounded Chair,Beech,Leather,Somewhat Strong,Maroon
z64rw2UJEU,Strong Ladylike Chair,Alder,Wool,Wobbly,Purple
FL1lFPjINy,Strong Meager Chair,Pine,Acrylic,Wobbly,White
hOg636jo7d,Meager Thin Chair,Lindens,Cotton Blend,Strong,Indigo
x4tey11ARs,Eclectic Slender Chair,Fir,Acrylic,Sturdy,Sky Blue
g6EcxgWqjW,Norwegian Chunky Chair,Maple,Silk,Strong,Blue
sRbALWZaec,Norwegian Light Chair,Cottonwood,Polyester,Somewhat Sturdy,Lavender
2EBSj1noVT,Modern Hefty Chair,Balsa,Olefin,Somewhat Wobbly,Violet
r5JeUL5a39,Rustic Light Chair,Cherry,Acetate,Wobbly,Black
QmWyeLgRdE,Fat Wimpy Chair,Hickory,Acetate,Wobbly,Silver
HmHOkSYNQ0,Genteel Oblique Chair,Coast Redwood,Silk,Somewhat Sturdy,Lavender
G84omuq7Ii,Bowed Jagged Chair,Afzelia,Linen,Sturdy,Cyan
ISmF5sCRfP,Revolutionary Ladylike Chair,Cedar,Acetate,Indestructable,Olive
9sPvBZkGSB,Norwegian Wimpy Chair,Alder,Acrylic,Wobbly,Teal
CJCyKUx9tG,Genteel Jagged Chair,Cottonwood,Olefin,Strong,Teal
RwiIDHEOHM,Indian Thin Chair,Aluminum,Leather,Very Wobbly,Gold
78djBq6UFZ,Norwegian Thin Chair,Steel,Acetate,Very Sturdy,Yellow
5941PljvFQ,Gaunt Oblique Chair,Ebony,Acetate,Very Strong,Yellow
t6KAQ650O0,Eclectic Ladylike Chair,Teak,Cotton,Strong,Blue
h0vIBMNzp0,Oblique Wimpy Chair,Fir,Acetate,Very Strong,Gold
6saOyAWvxZ,Genteel Hefty Chair,Lindens,Cotton,Indestructable,White
MQuPikdako,Meager Angular Chair,Cedar,Polyester,Sturdy,Turquoise
tjz9k8OWK1,Indian Badass Chair,Teak,Vinyl,Somewhat Wobbly,Teal
CYpf2UHCHO,Genteel Slender Chair,Steel,Acrylic,Very Strong,Green
CVL6uiW4EB,Aged Macho Chair,Rayon,Cotton,Strong,Indigo
RwdPsOsjwz,Aged Meager Chair,Teak,Wool,Wobbly,Lavender
r71U0p8LFB,Strong Fat Chair,Teak,Cotton,Very Sturdy,Grey
z9Tns3qnZd,Gaunt Hefty Chair,Birch,Acetate,Very Wobbly,Orange
FslBs9Q7ni,Oblique Gaunt Chair,Rayon,Wool,Somewhat Wobbly,Yellow
LA8UIuo0w9,Slender Oblique Chair,Purpleheart,Acrylic,Somewhat Sturdy,Blue
zfWAfzHi6X,Revolutionary Bowed Chair,Cherry,Polyester,Very Strong,Violet
h01hhhDdVA,Eclectic Macho Chair,Rayon,Linen,Strong,Silver
paIrUy7sna,Modern Jagged Chair,Elm,Linen,Somewhat Strong,Gold
R1pfqlsdxo,Strong Light Chair,Purpleheart,Olefin,Sturdy,White
CqosqwBi5P,Wimpy Badass Chair,Hemlock,Silk,Wobbly,Olive
fuQPkeaSIf,Gaunt Angular Chair,Cedar,Acrylic,Somewhat Strong,Indigo
uRLLkSRH3N,Strong Jagged Chair,Aluminum,Linen,Somewhat Wobbly,Green
18ZhIAl9R1,Indian Angular Chair,Rayon,Nylon,Somewhat Strong,Maroon
6gJKuwxyNO,Norwegian Oblique Chair,Magnesium Alloy,Olefin,Sturdy,Sky Blue
gjDN4ECK9H,Eclectic Slender Chair,Oak,Acetate,Sturdy,Blue
qQgflb4lxc,Indian Slender Chair,Birch,Nylon,Very Strong,Teal
c3bLdAGSph,German Oblique Chair,Ebony,Olefin,Somewhat Strong,Grey
