UO84xXWaFk,Indian Oblique Desk,Fir,Leather,Very Wobbly,Teal
CUv5v6Xdiq,Slender Hefty Desk,Teak,Linen,Very Wobbly,Olive
e4N74ZRbsQ,Indian Light Chair,Cherry,Cotton Blend,Very Wobbly,Magenta
DIGd7pVmDw,Oblique Chunky Chair,Oak,Leather,Sturdy,Sky Blue
tbI7y1SPG9,Italian Hefty Table,Teak,Cotton,Somewhat Strong,Violet
eWGzBGluOm,Indian Light Desk,Hemlock,Silk,Wobbly,Red
mSqQa4pKte,Modern Oblique Bedframe,Steel,Nylon,Somewhat Strong,Green
XfEUW9yRoy,Italian Chunky Bedframe,Hickory,Acetate,Very Strong,Green
IeqHqrksrD,German Fat Cabinet,Magnesium Alloy,Leather,Somewhat Sturdy,Salmon
RmfyTBjGNv,Norwegian Fat Cabinet,Maple,Acrylic,Very Wobbly,Orange
34rfYWhENI,Slender Ladylike Bedframe,Balsa,Nylon,Strong,Sky Blue
Z7dL9FoeNk,Modern Thin Desk,Lindens,Linen,Somewhat Wobbly,White
wTPFpedKxy,Modern Fat Cabinet,Teak,Linen,Very Strong,Pink
jDovuytOo3,Aged Oblique Chair,Balsa,Leather,Somewhat Strong,Indigo
YWgi6pa5xx,Slender Macho Cabinet,Magnesium Alloy,Linen,Very Strong,Pink
jnNyiVGjxl,German Meager Desk,Ebony,Leather,Somewhat Wobbly,Blue
G7Ccks70sT,Oblique Badass Bedframe,Walnut,Vinyl,Very Wobbly,Green
i0FbNhdD4v,Gaunt Jagged Table,Oak,Cotton Blend,Somewhat Wobbly,Salmon
bVQBhBKLmu,Aged Angular Table,Magnesium Alloy,Olefin,Very Strong,Turquoise
OxfbSpERI1,Norwegian Oblique Bedframe,Cedar,Polyester,Very Strong,Violet
kIk12S6xoU,Norwegian Macho Desk,Balsa,Wool,Somewhat Strong,Cyan
1TDchSBeov,Rustic Fat Table,Cedar,Linen,Sturdy,Tan
CvrXxvaET5,Eclectic Fat Bedframe,Balsa,Linen,Somewhat Strong,Salmon
7dRg1lN4aF,Aged Bowed Bedframe,Oak,Cotton,Wobbly,White
eQbrYaJIa9,Norwegian Fat Desk,Birch,Acrylic,Indestructable,Tan
TStJURWGNz,Gaunt Oblique Bedframe,Teak,Olefin,Very Sturdy,White
yOHXFK8Ek6,Italian Rounded Cabinet,Steel,Nylon,Very Strong,Grey
bTNpLIcY5K,Slender Ladylike Stool,Birch,Cotton Blend,Wobbly,Olive
lUVvXaqzLt,German Hefty Chair,Cedar,Wool,Very Wobbly,Sky Blue
CgEi0rqx5c,Modern Fat Bedframe,Lindens,Linen,Strong,Gold
KNG9lK5OiG,Oblique Ladylike Chair,Pine,Olefin,Sturdy,Indigo
evfppQCPkq,Italian Oblique Table,Maple,Vinyl,Very Sturdy,Violet
xH8TrfHOyw,Modern Badass Stool,Hemlock,Cotton Blend,Somewhat Wobbly,Violet
OAYUjGCFnc,Strong Angular Stool,Aluminum,Cotton Blend,Somewhat Wobbly,Black
KCEl3t9aPf,Indian Bowed Desk,Walnut,Linen,Sturdy,Pink
A0fZY06JEo,Revolutionary Oblique Cabinet,Hickory,Leather,Sturdy,Orange
I0DFDbvAXc,Gaunt Gaunt Desk,Oak,Leather,Wobbly,Gold
84cLQunGbC,Eclectic Angular Bedframe,Fir,Cotton Blend,Somewhat Wobbly,Turquoise
s5xQyIFNnz,Italian Gaunt Cabinet,Hemlock,Cotton Blend,Somewhat Strong,Black
VCGNZqtmAB,Genteel Rounded Stool,Beech,Vinyl,Very Sturdy,Magenta
SCDbnkKYfZ,Eclectic Meager Cabinet,Coast Redwood,Polyester,Very Strong,Coral
qlGrh0wDwn,Aged Badass Bedframe,Aluminum,Vinyl,Strong,Silver
uMX873fyNO,Norwegian Wimpy Bedframe,Pine,Olefin,Somewhat Sturdy,Silver
M2VGwljbY2,Genteel Slender Stool,Maple,Olefin,Somewhat Wobbly,Blue
wES64WNPwF,Revolutionary Ladylike Stool,Lindens,Vinyl,Sturdy,Cyan
1UpwbrwB6d,Meager Fat Cabinet,Pine,Vinyl,Indestructable,Coral
n9DtdenoTI,German Macho Chair,Cedar,Silk,Strong,Violet
k8UvkbfNxm,Eclectic Gaunt Desk,Alder,Wool,Somewhat Wobbly,Black
TOOFiGvehT,Modern Macho Chair,Lindens,Linen,Sturdy,Grey
yOxxpgB72s,Aged Oblique Stool,Beech,Leather,Indestructable,Green
TLjIC9Y7R5,Modern Hefty Stool,Beech,Linen,Very Strong,Pink
fOIwMX2kPs,Oblique Meager Stool,Fir,Vinyl,Somewhat Wobbly,Red
Gd31KWZqiU,Rustic Ladylike Cabinet,Cottonwood,Linen,Somewhat Strong,Yellow
XKzRPPL1ed,Gaunt Meager Desk,Maple,Cotton,Indestructable,Black
nOMsKtOFzn,Modern Rounded Stool,Cedar,Acetate,Very Strong,Blue
jsKPzVnZCb,Bowed Meager Bedframe,Hickory,Leather,Strong,Grey
k32rQUVZbK,Meager Hefty Bedframe,Ebony,Cotton,Very Wobbly,Teal
fJ298RAOYQ,Bowed Light Cabinet,Alder,Polyester,Somewhat Strong,Lavender
eBFE02sObx,Norwegian Meager Chair,Aluminum,Linen,Somewhat Wobbly,Maroon
IZqzxTcbL3,Rustic Bowed Stool,Cottonwood,Olefin,Indestructable,Maroon
hj3cGvpiOt,German Genteel Cabinet,Lindens,Silk,Somewhat Sturdy,Yellow
3REe97dI6I,Eclectic Fat Table,Rayon,Acetate,Sturdy,Cyan
TAEYSw6jsz,Gaunt Meager Chair,Rayon,Acetate,Sturdy,Indigo
EvkyJKPjRl,Fat Macho Table,Hemlock,Polyester,Sturdy,White
ouZNXv6e6y,Oblique Macho Cabinet,Birch,Nylon,Wobbly,Red
9Tv3jHqvWo,Strong Bowed Bedframe,Ebony,Linen,Indestructable,Yellow
KmVPha8UAM,Aged Fat Desk,Rayon,Silk,Somewhat Strong,Coral
8JMBPVlGD2,Gaunt Badass Bedframe,Coast Redwood,Wool,Very Strong,Yellow
XtbgRBNuBw,Gaunt Slender Desk,Cherry,Cotton,Wobbly,Gold
kxQcrKrpbs,Eclectic Gaunt Chair,Teak,Cotton Blend,Strong,Olive
EA5DKGjFuJ,Modern Chunky Desk,Elm,Linen,Strong,Red
FcoCKZReNO,Modern Wimpy Stool,Maple,Polyester,Very Strong,Indigo
IdUjlAvDmO,Gaunt Jagged Table,Pine,Olefin,Somewhat Wobbly,Sky Blue
Hic9zxq4R2,Wimpy Rounded Table,Birch,Wool,Sturdy,Gold
JMk0gsylrb,Aged Jagged Chair,Purpleheart,Nylon,Sturdy,Tan
pXB7QmLlRf,Slender Wimpy Stool,Alder,Wool,Sturdy,Magenta
WALkUOaLZt,Italian Thin Bedframe,Purpleheart,Wool,Very Sturdy,Grey
Rb5MdRRbZp,Rustic Jagged Stool,Walnut,Silk,Sturdy,Silver
d4j85xx1cP,Wimpy Angular Table,Beech,Cotton Blend,Indestructable,Yellow
s7PbdovKJm,Slender Wimpy Desk,Ebony,Cotton Blend,Very Wobbly,Purple
Gd2Rkd1BAM,Wimpy Gaunt Stool,Cherry,Silk,Indestructable,Lavender
BHnEguifyH,Meager Badass Table,Balsa,Cotton,Sturdy,Green
Mw9ukBfPFq,Fat Fat Chair,Birch,Acrylic,Sturdy,Coral
BMKfkxbBOU,Bowed Jagged Stool,Maple,Nylon,Wobbly,Red
CHGrAEBEJ9,Wimpy Badass Desk,Magnesium Alloy,Acetate,Somewhat Wobbly,Tan
HAydWqAF2x,Modern Fat Bedframe,Afzelia,Polyester,Very Strong,Indigo
q5aj9fR6Or,German Slender Chair,Teak,Polyester,Somewhat Strong,Salmon
SyqZUH2KGO,Aged Jagged Desk,Steel,Linen,Somewhat Wobbly,Gold
ARzY7IxSTK,Bowed Bowed Table,Birch,Cotton Blend,Somewhat Sturdy,Blue
Dvs3WG41cN,Revolutionary Oblique Desk,Birch,Vinyl,Sturdy,Turquoise
MXvu57RdQh,Eclectic Wimpy Desk,Pine,Acetate,Somewhat Sturdy,Lavender
zmwTc0H5ky,Genteel Macho Desk,Beech,Acrylic,Somewhat Sturdy,Pink
juJaOJUd9P,Strong Meager Stool,Coast Redwood,Polyester,Somewhat Sturdy,Coral
LZbcFexDwT,Wimpy Angular Chair,Beech,Wool,Somewhat Sturdy,Blue
QuzqOEbROL,Aged Rounded Bedframe,Beech,Polyester,Very Wobbly,Maroon
HqSvQYsAB2,Revolutionary Badass Cabinet,Cedar,Linen,Very Sturdy,Salmon
cgVTlpPcfg,Aged Oblique Bedframe,Rayon,Vinyl,Indestructable,Blue
KbQs6m0lUk,Genteel Wimpy Bedframe,Fir,Cotton Blend,Indestructable,White
b0iMhr4DBJ,Genteel Fat Stool,Pine,Olefin,Very Wobbly,Red
2AOOGS7BoV,Oblique Chunky Chair,Cherry,Olefin,Sturdy,Sky Blue
I9bbdHJb14,Indian Ladylike Bedframe,Aluminum,Nylon,Very Wobbly,Purple
Qrq7F7O1o5,Wimpy Chunky Stool,Walnut,Linen,Somewhat Wobbly,Yellow
qAFvg04zFf,Strong Rounded Bedframe,Hickory,Leather,Very Wobbly,Coral
Hj2HuizkM6,German Hefty Chair,Cherry,Leather,Indestructable,Salmon
6CqRygxOrx,Meager Jagged Table,Afzelia,Vinyl,Very Strong,Salmon
bNbQJ5VVtY,Norwegian Thin Cabinet,Coast Redwood,Linen,Somewhat Strong,Turquoise
fSaiycEr4J,Modern Hefty Chair,Pine,Acetate,Indestructable,Maroon
JVnWCeHmQB,Italian Fat Bedframe,Cottonwood,Wool,Somewhat Strong,Purple
itcwxz8x5v,Norwegian Jagged Stool,Beech,Wool,Somewhat Strong,Maroon
JZJ5pk5xm2,Fat Fat Chair,Birch,Wool,Somewhat Wobbly,Sky Blue
AUDz5IxYqB,Eclectic Hefty Bedframe,Teak,Cotton Blend,Somewhat Wobbly,Yellow
pEBEsrNftY,Genteel Oblique Chair,Birch,Acetate,Very Strong,Pink
LkKv7DrsMK,Genteel Bowed Stool,Birch,Olefin,Somewhat Sturdy,Tan
ZrR0bF5QXw,Oblique Jagged Chair,Ebony,Cotton,Somewhat Wobbly,Orange
JizIBAxCKK,Eclectic Fat Bedframe,Purpleheart,Cotton,Very Wobbly,Teal
GbcOoK7zEQ,Gaunt Meager Bedframe,Alder,Cotton,Strong,Coral
ji7VyjX3x4,Wimpy Hefty Stool,Magnesium Alloy,Acetate,Wobbly,Gold
XCE2SvYNQL,Revolutionary Fat Chair,Steel,Silk,Sturdy,Grey
nM3qD6IsIM,Bowed Chunky Cabinet,Walnut,Polyester,Strong,Silver
Twsyk5rhDF,Revolutionary Light Table,Rayon,Linen,Somewhat Strong,Coral
3gZT6eTVNM,Fat Bowed Chair,Teak,Cotton,Somewhat Strong,Cyan
kQ3hmYSBWr,Eclectic Thin Desk,Teak,Silk,Sturdy,Lavender
N2Vc0LNaQ2,Norwegian Badass Chair,Coast Redwood,Cotton,Somewhat Sturdy,Red
b6X7sRDHZE,Modern Angular Cabinet,Cherry,Nylon,Very Wobbly,Maroon
ox40fUMSpb,Indian Rounded Stool,Afzelia,Vinyl,Somewhat Strong,Red
C5bsBRaObE,Rustic Bowed Chair,Teak,Vinyl,Somewhat Wobbly,Green
wSk19ctOMs,Indian Fat Stool,Cherry,Cotton,Somewhat Sturdy,Salmon
KJpG3RlKfQ,Meager Slender Desk,Afzelia,Cotton Blend,Somewhat Wobbly,Teal
b0kSPtqJVr,Genteel Jagged Stool,Ebony,Acrylic,Somewhat Sturdy,Yellow
AYXY1xw6Jn,Eclectic Wimpy Table,Walnut,Cotton Blend,Very Sturdy,Maroon
lL5RM8IbEF,Strong Genteel Bedframe,Maple,Polyester,Somewhat Strong,Sky Blue
BMzfMoVlYh,German Rounded Bedframe,Pine,Wool,Wobbly,Indigo
l2F16QtLkm,Fat Oblique Desk,Alder,Leather,Somewhat Strong,Coral
bL9EZFjb24,Bowed Fat Table,Hickory,Olefin,Sturdy,Red
LPeL6PByi2,Genteel Chunky Cabinet,Walnut,Linen,Strong,Salmon
2zRO1JEROn,Bowed Slender Table,Afzelia,Cotton Blend,Indestructable,Silver
fspifRInAQ,Fat Meager Chair,Cottonwood,Nylon,Somewhat Strong,Olive
FxSGG0aVXI,Norwegian Gaunt Desk,Oak,Silk,Very Sturdy,Coral
mvVqEj4gF4,Modern Gaunt Desk,Coast Redwood,Leather,Very Strong,Green
uqDGB6Htxt,Revolutionary Hefty Stool,Walnut,Acetate,Very Sturdy,White
L1VQbGRC9K,Norwegian Badass Table,Rayon,Wool,Very Sturdy,Turquoise
byyRrf0QOW,Fat Wimpy Stool,Cottonwood,Olefin,Sturdy,Violet
QxdLATw93C,Modern Macho Desk,Cherry,Polyester,Very Sturdy,Yellow
gpBq8rHPNs,Meager Hefty Chair,Maple,Nylon,Very Wobbly,Green
OffAcR4pyy,Wimpy Genteel Stool,Elm,Vinyl,Very Strong,Black
n6E5RIoKDQ,Slender Meager Cabinet,Cedar,Polyester,Somewhat Wobbly,Magenta
Yu3iCQgQG3,Wimpy Slender Cabinet,Hemlock,Silk,Very Wobbly,Cyan
RZkGXe2OFG,Modern Hefty Desk,Alder,Cotton Blend,Somewhat Strong,Violet
p75Pf3jPOc,Aged Chunky Desk,Maple,Nylon,Wobbly,Tan
XrH6FEaWnF,Norwegian Angular Cabinet,Beech,Vinyl,Strong,Tan
il6EUHihrS,Gaunt Hefty Cabinet,Coast Redwood,Nylon,Strong,Lavender
SnCSGSpgYT,Bowed Meager Bedframe,Walnut,Acrylic,Strong,Coral
drdzHDiW8a,Gaunt Fat Bedframe,Teak,Cotton,Sturdy,Sky Blue
cHuaIqWreN,Bowed Bowed Table,Fir,Cotton Blend,Very Sturdy,Teal
vhMzt0ryTy,Modern Fat Chair,Ebony,Vinyl,Somewhat Sturdy,Olive
MRr88p0nYj,Gaunt Slender Bedframe,Teak,Vinyl,Somewhat Sturdy,Magenta
c9chQUGBdi,Meager Light Table,Magnesium Alloy,Silk,Very Sturdy,Red
DHjSIHVuB3,Norwegian Gaunt Bedframe,Afzelia,Silk,Somewhat Wobbly,Sky Blue
jO65mNIZtJ,Eclectic Macho Chair,Hemlock,Polyester,Somewhat Sturdy,Indigo
QHviw93MxK,Italian Badass Chair,Magnesium Alloy,Vinyl,Very Wobbly,Black
cIOKwWkJ72,Bowed Slender Stool,Cedar,Leather,Very Sturdy,Pink
cjdig1gpAc,Revolutionary Wimpy Bedframe,Teak,Acetate,Very Wobbly,Coral
YFmGTzHB8s,Bowed Badass Cabinet,Hickory,Polyester,Wobbly,Sky Blue
0KSjIO5LDu,German Bowed Stool,Maple,Nylon,Sturdy,Salmon
vqVKi0zce7,Genteel Thin Stool,Maple,Cotton,Wobbly,Purple
rdmVNyRpIi,German Ladylike Desk,Lindens,Wool,Somewhat Wobbly,Grey
sbFeVdyIqS,Gaunt Wimpy Stool,Alder,Acetate,Wobbly,Yellow
zqlJ2waid2,Indian Angular Chair,Hickory,Acetate,Strong,Silver
f5ywG7SXQU,Eclectic Thin Chair,Ebony,Olefin,Somewhat Strong,Lavender
KvWB6kppgc,Wimpy Bowed Bedframe,Hemlock,Silk,Wobbly,Orange
BAPIt4p0sI,Indian Hefty Cabinet,Elm,Polyester,Indestructable,Blue
261bsDpx62,Fat Hefty Stool,Maple,Cotton,Wobbly,Green
TOlhgKw6dh,German Slender Stool,Afzelia,Polyester,Somewhat Sturdy,Black
mcV4dlQ2BM,Aged Badass Desk,Hemlock,Leather,Somewhat Strong,Olive
7jPVGYjRn2,Eclectic Angular Desk,Walnut,Olefin,Indestructable,Sky Blue
6apEde5YAW,Eclectic Thin Table,Cherry,Cotton Blend,Very Wobbly,Magenta
U7MaLzWV7i,Italian Genteel Cabinet,Coast Redwood,Wool,Strong,Gold
W6MH7l0mBz,Bowed Chunky Cabinet,Magnesium Alloy,Acetate,Sturdy,Gold
h3oXQdTOsZ,Norwegian Light Table,Fir,Acrylic,Sturdy,Teal
WZdlOna8zu,Strong Badass Stool,Elm,Polyester,Indestructable,Indigo
VG6Zescfwu,Bowed Genteel Cabinet,Alder,Cotton Blend,Somewhat Wobbly,Magenta
ARWEeRPMsm,Italian Bowed Table,Maple,Olefin,Sturdy,Coral
V8DwHReBoG,Aged Thin Chair,Magnesium Alloy,Linen,Sturdy,Sky Blue
qKNcfh4MV6,Indian Rounded Chair,Walnut,Cotton Blend,Somewhat Strong,Purple
9Gz3PgpxS9,Indian Gaunt Chair,Teak,Leather,Very Wobbly,Teal
uX1wRxyvKH,Norwegian Slender Bedframe,Pine,Cotton Blend,Wobbly,Turquoise
cpkCqv5MPO,Fat Angular Chair,Ebony,Nylon,Very Sturdy,Gold
REs8Kkofe8,Fat Light Table,Magnesium Alloy,Cotton Blend,Very Strong,Olive
5FhFrb6Hhz,Modern Rounded Chair,Elm,Cotton,Wobbly,Tan
lucnZNg3E5,Italian Meager Stool,Aluminum,Vinyl,Somewhat Strong,Sky Blue
xYewjadppZ,Indian Gaunt Desk,Maple,Linen,Somewhat Wobbly,Teal
nBmHX2Hetj,Norwegian Ladylike Stool,Rayon,Nylon,Strong,Red
TiW8b2reOx,Meager Oblique Cabinet,Lindens,Leather,Sturdy,Turquoise
ol4Cq22PYD,Gaunt Hefty Desk,Steel,Cotton,Wobbly,Lavender
K4nBYDeM9L,Genteel Chunky Cabinet,Maple,Vinyl,Somewhat Wobbly,Maroon
OQVV3hf1qL,Revolutionary Meager Bedframe,Steel,Linen,Very Strong,Orange
CsFe3Q1tHE,Slender Meager Cabinet,Alder,Olefin,Somewhat Strong,Blue
6BODAHr9hy,Strong Chunky Desk,Pine,Silk,Somewhat Sturdy,Olive
xDpBwTPA3D,Meager Macho Table,Cottonwood,Cotton Blend,Somewhat Strong,Turquoise
LJImkOYMFr,Slender Bowed Chair,Birch,Olefin,Somewhat Wobbly,Coral
IOz2PTeAUm,Rustic Gaunt Stool,Afzelia,Acetate,Very Strong,Gold
wBpcbkKZtf,Italian Hefty Chair,Cherry,Linen,Indestructable,Salmon
Uv6zHAk1bM,Fat Badass Table,Ebony,Leather,Sturdy,Gold
eZTLeRASH2,Norwegian Oblique Cabinet,Steel,Acrylic,Somewhat Sturdy,Maroon
S26yqk0gDM,Indian Jagged Chair,Pine,Polyester,Somewhat Wobbly,Sky Blue
HrwA2ZGlPl,Slender Angular Desk,Ebony,Vinyl,Somewhat Sturdy,Olive
kZnPDgCOm0,Strong Wimpy Bedframe,Balsa,Polyester,Very Wobbly,Salmon
n1dC6Zc6kY,Indian Angular Cabinet,Ebony,Cotton,Somewhat Sturdy,Lavender
vWR6uwNNdO,German Hefty Cabinet,Magnesium Alloy,Silk,Strong,Lavender
MMz1JGlIKb,Wimpy Thin Cabinet,Steel,Linen,Very Strong,Violet
phqZWhhAWU,Italian Rounded Desk,Purpleheart,Cotton Blend,Somewhat Wobbly,Purple
2RdXzr9UxB,Bowed Slender Cabinet,Hickory,Acrylic,Sturdy,Green
vaDqjF7yXJ,Oblique Wimpy Desk,Magnesium Alloy,Nylon,Wobbly,Olive
jXU9MdZE38,Modern Macho Table,Rayon,Cotton,Very Sturdy,Green
s8ssyWIwiC,Fat Chunky Stool,Birch,Acrylic,Somewhat Sturdy,Gold
pSTlXk6AKv,Indian Badass Table,Afzelia,Acrylic,Very Wobbly,Magenta
Hr3wkcW3Lg,Genteel Meager Cabinet,Magnesium Alloy,Olefin,Strong,Teal
qxl6oMfZru,Italian Rounded Cabinet,Teak,Silk,Very Wobbly,Blue
nQZCLh7IcI,Norwegian Bowed Chair,Alder,Cotton Blend,Somewhat Wobbly,Purple
frbSrFpJk8,Indian Gaunt Bedframe,Fir,Polyester,Very Sturdy,Indigo
rgBpu7NMrf,Fat Gaunt Bedframe,Cottonwood,Polyester,Sturdy,Violet
2nvIHb4NF7,Rustic Thin Chair,Rayon,Leather,Somewhat Sturdy,Teal
H14fp3KtBU,Oblique Wimpy Bedframe,Coast Redwood,Cotton Blend,Strong,Tan
e9Ao0ZZpfP,Modern Badass Stool,Aluminum,Acetate,Sturdy,Olive
5RfWzi7tOJ,Oblique Rounded Bedframe,Coast Redwood,Wool,Somewhat Strong,Grey
P6A90qfk4C,Italian Genteel Cabinet,Beech,Olefin,Very Wobbly,Tan
KtyqKG2ZOq,German Fat Bedframe,Alder,Leather,Somewhat Strong,White
spMc3s95Ic,German Wimpy Stool,Afzelia,Linen,Wobbly,Tan
IVUQB6POuO,Genteel Badass Chair,Lindens,Olefin,Somewhat Wobbly,Tan
p4QSn1Fb6L,Aged Hefty Desk,Hemlock,Nylon,Very Sturdy,Cyan
OLFH7SPI6S,Aged Ladylike Cabinet,Fir,Nylon,Indestructable,Black
yoD8ryc0PO,Genteel Fat Stool,Pine,Nylon,Very Strong,Turquoise
wK8rMbq3PJ,Aged Oblique Chair,Ebony,Vinyl,Very Sturdy,Teal
rB0lOqzwyy,Meager Chunky Desk,Balsa,Linen,Very Sturdy,Cyan
A93xiWMRhT,Aged Jagged Chair,Purpleheart,Acrylic,Very Wobbly,Pink
ZrgfToif0S,Rustic Chunky Stool,Purpleheart,Olefin,Wobbly,Teal
n1zK0wRGHt,Indian Thin Desk,Purpleheart,Vinyl,Somewhat Strong,Purple
LwsUn5AAEl,German Oblique Table,Teak,Cotton,Very Wobbly,Magenta
NrXKS0Cv6m,Bowed Macho Stool,Pine,Linen,Very Wobbly,Turquoise
FAvboviiBh,Italian Light Desk,Cottonwood,Polyester,Sturdy,Coral
DztW9n6w9s,Indian Slender Desk,Ebony,Leather,Strong,Teal
ZWBZvRETvr,Eclectic Angular Cabinet,Birch,Linen,Somewhat Strong,Salmon
wPRRgJdYQy,Italian Bowed Table,Maple,Cotton,Somewhat Strong,Coral
zUMj1N6hyT,Modern Gaunt Stool,Steel,Cotton,Indestructable,Olive
m2TXfiOfHt,Slender Slender Desk,Teak,Cotton Blend,Very Strong,Red
efbnO5BSZD,Indian Genteel Stool,Birch,Leather,Very Strong,White
gI5bzH71GQ,Revolutionary Wimpy Stool,Oak,Vinyl,Very Sturdy,Indigo
Nu3OaR0C6k,Rustic Macho Bedframe,Rayon,Leather,Very Wobbly,Sky Blue
O98AUHorU9,Meager Angular Cabinet,Aluminum,Wool,Wobbly,Turquoise
bcgN7pw4Rb,Aged Hefty Desk,Beech,Silk,Sturdy,Sky Blue
DwXEisPz7L,Aged Thin Cabinet,Teak,Polyester,Sturdy,Silver
WYz2xwXdok,Aged Hefty Cabinet,Afzelia,Cotton,Sturdy,Salmon
o3v7qEI4xx,German Oblique Bedframe,Magnesium Alloy,Silk,Very Wobbly,Turquoise
GWkNP8ylAk,Wimpy Bowed Desk,Pine,Nylon,Strong,Teal
MvcQunm5Y0,German Badass Cabinet,Hemlock,Cotton Blend,Indestructable,Violet
6eKQ1oNZ3k,Slender Hefty Desk,Purpleheart,Linen,Very Strong,Grey
UfT8MyZloB,German Bowed Stool,Hickory,Cotton Blend,Very Wobbly,Tan
3XPN4QGtYl,Meager Ladylike Cabinet,Oak,Linen,Strong,Red
mDq5iJ8hnw,Fat Thin Bedframe,Elm,Acrylic,Strong,Tan
T9sU0ACsPc,German Fat Desk,Oak,Cotton,Wobbly,Orange
77SbR2BtLW,Bowed Meager Cabinet,Purpleheart,Vinyl,Somewhat Strong,Sky Blue
QTLPfzPDnU,Slender Genteel Cabinet,Beech,Cotton,Somewhat Sturdy,Silver
SiSo5p4ZxD,Fat Jagged Table,Balsa,Linen,Somewhat Sturdy,White
GXoJ6xHDap,Norwegian Wimpy Desk,Pine,Leather,Very Wobbly,Grey
Fgg9LKnFu3,Indian Oblique Desk,Walnut,Polyester,Very Strong,White
TtFvMir6em,Wimpy Genteel Cabinet,Lindens,Cotton,Somewhat Strong,Orange
9AwAVq2kqQ,Aged Rounded Stool,Maple,Silk,Indestructable,Orange
oYUjgXnGO6,Fat Light Stool,Afzelia,Olefin,Indestructable,Purple
PstlUzTHfE,Fat Rounded Chair,Alder,Linen,Somewhat Strong,Blue
lqKAZ0fWr5,Oblique Jagged Bedframe,Cottonwood,Cotton Blend,Sturdy,Cyan
WLmp6byYFO,Oblique Badass Desk,Walnut,Wool,Somewhat Sturdy,White
B80nrfSPDY,Slender Angular Stool,Elm,Nylon,Indestructable,White
KEQTt6SKwk,Strong Jagged Desk,Cedar,Cotton,Indestructable,Gold
aNFLgbBNqa,Fat Slender Table,Purpleheart,Polyester,Somewhat Strong,Magenta
hwUnL69ty0,Italian Hefty Stool,Hickory,Silk,Very Sturdy,Silver
a7YGG0UZcT,Oblique Jagged Table,Maple,Cotton,Indestructable,White
9RjVh3x8tK,Meager Badass Chair,Birch,Acrylic,Somewhat Sturdy,Maroon
qJ1WwYYPV9,Gaunt Jagged Bedframe,Cherry,Wool,Sturdy,Orange
sYyuKDp1d6,Strong Light Table,Walnut,Wool,Very Sturdy,Silver
0KSfx7M1IN,Bowed Ladylike Chair,Cedar,Cotton,Very Wobbly,Black
VF7nVmjVl3,Rustic Jagged Stool,Rayon,Acrylic,Indestructable,Indigo
dEnOJ3MLSZ,Aged Chunky Desk,Oak,Acetate,Strong,Gold
uYeQUv4nyO,Genteel Light Cabinet,Balsa,Polyester,Very Sturdy,Pink
rPWGVmbsWh,Oblique Bowed Table,Coast Redwood,Wool,Very Sturdy,Sky Blue
mtzPnlkPaj,Aged Thin Bedframe,Rayon,Nylon,Very Wobbly,Pink
wklKX7ZBab,Revolutionary Thin Table,Balsa,Olefin,Strong,Orange
UzZJ79yHey,Gaunt Angular Desk,Steel,Cotton,Very Strong,Coral
Vsh6r7aoII,Genteel Light Table,Hickory,Polyester,Very Sturdy,Salmon
8zBYbytzxN,Aged Macho Table,Cottonwood,Wool,Strong,Maroon
sLYEGMNXbq,Oblique Bowed Desk,Beech,Polyester,Somewhat Strong,Violet
yXPrp0SxTX,Modern Light Cabinet,Magnesium Alloy,Cotton Blend,Somewhat Strong,Maroon
Xd5WJpWzEK,Rustic Angular Stool,Birch,Nylon,Somewhat Wobbly,Blue
V4dDgjqvet,German Angular Table,Maple,Vinyl,Sturdy,Coral
zbRCHmj3PE,Slender Macho Desk,Lindens,Olefin,Wobbly,Blue
Yfk8fPaMMc,German Hefty Cabinet,Cherry,Wool,Indestructable,Yellow
fjw9XYXsTK,Gaunt Meager Chair,Walnut,Leather,Very Sturdy,Pink
4im00eM9DI,Rustic Hefty Cabinet,Cherry,Olefin,Somewhat Sturdy,Green
eoIN2kmm92,German Hefty Bedframe,Birch,Nylon,Very Sturdy,Tan
pR9pTufLk7,Indian Slender Stool,Walnut,Acrylic,Very Sturdy,Tan
MYqS5DUkSq,Fat Thin Bedframe,Steel,Silk,Wobbly,Grey
XmhKQgS3wQ,Wimpy Genteel Bedframe,Alder,Cotton,Very Sturdy,Magenta
6TSiNZ1dwq,Norwegian Gaunt Table,Beech,Wool,Sturdy,Coral
6CWdOcKxIT,Norwegian Macho Stool,Hickory,Olefin,Very Strong,Purple
RC1Iia93M7,Aged Slender Desk,Balsa,Cotton,Very Wobbly,Silver
NJWMka2WM8,Eclectic Chunky Desk,Coast Redwood,Silk,Wobbly,Grey
MmSk58BlYS,Modern Oblique Stool,Balsa,Acetate,Somewhat Wobbly,Silver
sv76zJQHKb,Slender Genteel Stool,Aluminum,Cotton Blend,Very Wobbly,Pink
vV9cyNPOiI,Strong Jagged Stool,Magnesium Alloy,Cotton,Somewhat Strong,Grey
FzLspeB3em,Slender Bowed Table,Lindens,Olefin,Indestructable,Green
3oJRUJXifV,Rustic Jagged Chair,Cherry,Wool,Somewhat Strong,Tan
hlv0i3VKBJ,Slender Slender Bedframe,Pine,Wool,Somewhat Wobbly,Green
ORiQHJCgYh,Fat Jagged Bedframe,Cedar,Wool,Very Strong,Grey
qbwBYCxSUp,Eclectic Genteel Desk,Steel,Silk,Very Wobbly,White
E8dzx4txzm,Indian Thin Desk,Fir,Polyester,Somewhat Wobbly,Magenta
pTJivvZ1qk,Aged Meager Table,Lindens,Olefin,Wobbly,Maroon
7XyXnOi3wk,Modern Bowed Table,Lindens,Acrylic,Somewhat Strong,Blue
JITkC0GZOH,Italian Chunky Chair,Purpleheart,Linen,Strong,Grey
9iMFg0tQMl,Italian Fat Table,Lindens,Linen,Indestructable,Teal
A8yVI1Ag3v,Genteel Bowed Table,Walnut,Acetate,Sturdy,Grey
lUZQdDbVGZ,Gaunt Thin Bedframe,Coast Redwood,Cotton Blend,Somewhat Wobbly,Teal
69e7uYBnCx,Meager Angular Cabinet,Elm,Nylon,Somewhat Sturdy,Pink
fActa60Op2,German Ladylike Cabinet,Cedar,Cotton,Somewhat Strong,Purple
5DajVqtLY1,Norwegian Slender Table,Birch,Cotton,Somewhat Wobbly,Lavender
Zp7zOujqHJ,German Slender Desk,Rayon,Nylon,Very Sturdy,Coral
htonUFapQZ,Oblique Wimpy Chair,Rayon,Olefin,Indestructable,Silver
iu0MEQVptP,Bowed Light Stool,Cedar,Leather,Somewhat Wobbly,Coral
KzyxdT83vY,Norwegian Macho Stool,Cedar,Cotton Blend,Strong,Black
6u06l2g2Sg,Modern Gaunt Stool,Rayon,Cotton,Somewhat Sturdy,Violet
TQrCNApRzN,Strong Wimpy Chair,Alder,Nylon,Indestructable,Indigo
iamEgW0Ag2,Gaunt Wimpy Chair,Pine,Olefin,Indestructable,Silver
UWYaQakgaT,Fat Thin Desk,Coast Redwood,Polyester,Somewhat Wobbly,Coral
5LVsPqQAOe,Modern Genteel Stool,Beech,Cotton,Somewhat Sturdy,Black
FQzatdhmjv,Wimpy Chunky Desk,Pine,Acetate,Very Wobbly,Lavender
5f1NWm6yVP,Slender Hefty Chair,Hickory,Cotton,Strong,Lavender
7wxrLanEqe,Modern Slender Desk,Pine,Linen,Very Sturdy,Grey
Fxtrcb6JVu,Italian Bowed Cabinet,Aluminum,Olefin,Indestructable,Indigo
mNTAzxDqkp,Bowed Wimpy Table,Ebony,Acrylic,Very Sturdy,Maroon
28RWBDWBSg,Norwegian Ladylike Bedframe,Coast Redwood,Olefin,Sturdy,Purple
2Vsqvr4pSG,Aged Oblique Stool,Walnut,Acrylic,Somewhat Wobbly,Lavender
yf7wuw2h0N,German Ladylike Cabinet,Magnesium Alloy,Leather,Very Sturdy,Tan
RhVeGTjbHJ,Oblique Hefty Table,Cherry,Vinyl,Somewhat Sturdy,Turquoise
T3UWoWJI6d,Gaunt Slender Chair,Hickory,Wool,Sturdy,Lavender
fHDKhWgoyW,Genteel Jagged Chair,Purpleheart,Polyester,Somewhat Wobbly,Coral
brrbzqzg5i,Slender Jagged Bedframe,Birch,Leather,Sturdy,Maroon
FNlBck6S61,Slender Gaunt Chair,Lindens,Nylon,Somewhat Strong,Blue
mkb6RZzXEm,Genteel Wimpy Cabinet,Rayon,Acrylic,Somewhat Wobbly,Magenta
JLSo2PIe8o,Oblique Chunky Bedframe,Fir,Silk,Indestructable,Purple
AmEdnMsefb,Wimpy Ladylike Chair,Balsa,Cotton Blend,Indestructable,Sky Blue
FGichGMA8G,Genteel Slender Chair,Beech,Wool,Strong,Silver
9RZzrpKGxa,Indian Ladylike Cabinet,Coast Redwood,Polyester,Wobbly,Teal
chbdgVzJuq,Slender Badass Desk,Cherry,Acetate,Very Sturdy,Indigo
riUq9SI8gq,Genteel Rounded Stool,Coast Redwood,Acetate,Very Strong,Pink
XxPiTF9xu3,Strong Meager Desk,Pine,Silk,Somewhat Sturdy,Maroon
jv0FBgYj9i,Revolutionary Rounded Bedframe,Hickory,Linen,Strong,Indigo
tLBIkc5Fw4,Fat Hefty Chair,Cherry,Cotton,Somewhat Strong,Yellow
Be9nvmOuJB,Eclectic Fat Chair,Cedar,Acetate,Very Wobbly,Gold
wbz0NbdhpJ,Slender Oblique Table,Fir,Nylon,Very Sturdy,Yellow
2q15mUc98o,Revolutionary Angular Table,Balsa,Acetate,Strong,Yellow
4LKZ0FX7yJ,Genteel Chunky Table,Rayon,Cotton,Very Sturdy,Indigo
CjDIWMAWkR,Slender Light Bedframe,Cherry,Polyester,Wobbly,Green
wfuuErQI2B,Rustic Thin Stool,Balsa,Leather,Sturdy,Purple
y21LVHAkEE,Rustic Oblique Chair,Elm,Vinyl,Somewhat Wobbly,Yellow
VZXybYEP0q,Italian Ladylike Stool,Ebony,Cotton,Very Wobbly,Gold
q4RR6AXpIZ,Aged Macho Stool,Purpleheart,Leather,Wobbly,Magenta
TRNPXOSNS1,Rustic Thin Chair,Birch,Leather,Very Wobbly,Pink
xEiXFQMNxU,Slender Badass Chair,Rayon,Cotton,Sturdy,Lavender
jvVR6213Hy,Meager Badass Bedframe,Balsa,Acrylic,Very Strong,Tan
02SVZ28q47,Italian Wimpy Table,Lindens,Acetate,Somewhat Strong,Blue
UJsmlB2VXD,Indian Jagged Cabinet,Teak,Leather,Wobbly,Red
em4LxO6WY2,Gaunt Hefty Bedframe,Rayon,Cotton,Very Wobbly,Red
t46b40gnat,Bowed Wimpy Chair,Cedar,Acetate,Strong,Red
GrjUlprJhx,Indian Ladylike Cabinet,Aluminum,Cotton Blend,Somewhat Sturdy,White
KdidrJmCDu,Revolutionary Oblique Stool,Alder,Olefin,Somewhat Strong,Olive
b8XWkMJ01T,Norwegian Fat Stool,Cedar,Vinyl,Very Sturdy,Green
wjzgUIVYh6,Slender Light Chair,Steel,Cotton Blend,Somewhat Sturdy,Olive
UCDvmTFnJX,Gaunt Light Desk,Fir,Wool,Wobbly,Sky Blue
Nn628I1rS7,German Chunky Desk,Maple,Linen,Wobbly,Pink
LMR1hrrTLj,Slender Bowed Stool,Alder,Acetate,Very Strong,Gold
hZuUdDpGAQ,Rustic Badass Table,Balsa,Nylon,Wobbly,Magenta
Y9oPD5wbxV,Slender Wimpy Chair,Afzelia,Acetate,Very Strong,Pink
GD8FikLpTa,Slender Slender Chair,Hemlock,Nylon,Very Sturdy,Cyan
kaQu8rAqdG,Aged Macho Bedframe,Ebony,Acetate,Very Wobbly,Sky Blue
68EUTc7joi,Rustic Ladylike Table,Magnesium Alloy,Olefin,Very Wobbly,Cyan
RfBTVUqoof,Italian Jagged Desk,Teak,Leather,Somewhat Strong,Green
N5gFbniK9u,Wimpy Slender Chair,Pine,Leather,Strong,Turquoise
54KU2z0wGS,Rustic Rounded Stool,Steel,Cotton,Wobbly,Maroon
dAerV1FFCW,Fat Light Chair,Pine,Nylon,Very Wobbly,Grey
mqlwxxdsh8,Meager Angular Desk,Cherry,Silk,Sturdy,Cyan
obiDI1FkuR,Wimpy Meager Desk,Coast Redwood,Cotton,Indestructable,Magenta
6qaaHgPjZ1,Genteel Hefty Cabinet,Ebony,Linen,Indestructable,Indigo
9VRBIDn7Q5,Rustic Wimpy Cabinet,Balsa,Leather,Very Strong,Indigo
j2NoKyFfmn,Eclectic Light Table,Beech,Acrylic,Sturdy,Indigo
VjdhFLgHuA,Bowed Meager Desk,Rayon,Nylon,Strong,Gold
NN1gagsEQJ,Slender Chunky Chair,Elm,Olefin,Very Wobbly,Olive
yvjZP5CCOb,Fat Rounded Cabinet,Birch,Acrylic,Wobbly,Maroon
2brCsqMwFv,German Thin Cabinet,Teak,Polyester,Very Strong,White
qZ2CujzPhr,Strong Angular Chair,Teak,Leather,Very Sturdy,Lavender
TWusDLJc6c,Italian Rounded Stool,Hemlock,Polyester,Somewhat Strong,Teal
ceYelWAcpw,Revolutionary Oblique Desk,Aluminum,Cotton Blend,Wobbly,Black
GLvHOXRjeP,Slender Badass Stool,Steel,Polyester,Indestructable,Purple
EHOc6EXxFj,Revolutionary Thin Stool,Afzelia,Acrylic,Strong,Purple
LqPaAknYqS,Meager Rounded Bedframe,Alder,Vinyl,Very Wobbly,Gold
G8RnagTNvh,Aged Bowed Desk,Pine,Acetate,Strong,Maroon
4cuzlZ8ap6,Italian Oblique Bedframe,Alder,Vinyl,Wobbly,Purple
0uzi2lU3dA,Modern Angular Cabinet,Walnut,Acrylic,Very Sturdy,Yellow
9Fb2brEVnd,Slender Genteel Chair,Cottonwood,Silk,Somewhat Sturdy,Olive
TTAoSpkTam,Norwegian Macho Chair,Afzelia,Cotton,Strong,Coral
vbvyCoo9sD,Indian Fat Chair,Cherry,Leather,Somewhat Wobbly,Cyan
o8wMrHSwUk,Oblique Macho Chair,Fir,Acrylic,Wobbly,Maroon
V5zQLJc4wF,Indian Hefty Desk,Oak,Polyester,Somewhat Wobbly,Yellow
VT0XZUpVfr,Oblique Slender Table,Oak,Vinyl,Somewhat Strong,Salmon
KeyDKmdExE,Rustic Macho Table,Rayon,Olefin,Very Strong,Olive
baTrYfs79j,Eclectic Rounded Table,Fir,Silk,Wobbly,Maroon
g0DBcceCIA,Genteel Bowed Stool,Hemlock,Wool,Indestructable,Magenta
cwF7vAc4zF,Revolutionary Jagged Cabinet,Afzelia,Vinyl,Strong,Grey
ws2tnVQbpJ,Wimpy Light Desk,Magnesium Alloy,Nylon,Very Strong,Gold
g3u7odqMAF,Italian Oblique Cabinet,Elm,Olefin,Very Wobbly,Teal
Sr0VEgPNfG,Bowed Slender Chair,Oak,Cotton Blend,Somewhat Sturdy,Blue
qHHQVXgcBN,Modern Badass Cabinet,Beech,Vinyl,Wobbly,Orange
9glVJgAsal,Gaunt Ladylike Desk,Steel,Cotton,Strong,Indigo
19SSu37wFg,Aged Oblique Desk,Maple,Linen,Wobbly,Yellow
N637Q5UVRN,German Bowed Stool,Lindens,Wool,Somewhat Strong,Teal
xM7umn9NPq,Indian Macho Table,Teak,Leather,Very Wobbly,Maroon
txklYaJXFY,Modern Angular Cabinet,Alder,Nylon,Wobbly,Violet
nqiEt3X3cx,German Ladylike Desk,Coast Redwood,Silk,Indestructable,Coral
2lrpWbie85,Italian Rounded Table,Alder,Nylon,Wobbly,Green
cA2Mk87mMX,Modern Light Table,Lindens,Polyester,Very Sturdy,Lavender
Hk2n1nwkOU,Norwegian Oblique Stool,Birch,Linen,Strong,Salmon
1ZsQkl9U36,Rustic Genteel Stool,Lindens,Olefin,Very Wobbly,Green
aVd9cieknO,Modern Thin Desk,Teak,Leather,Wobbly,Silver
TnD5znZtG5,Indian Macho Stool,Elm,Polyester,Wobbly,Teal
tumqOtsN6l,Indian Chunky Table,Beech,Silk,Sturdy,Orange
sNdDpCk97e,Aged Chunky Stool,Maple,Cotton,Very Sturdy,Lavender
kYvH8E6DeR,German Genteel Cabinet,Cedar,Acrylic,Very Sturdy,Pink
iCfHwj4wRF,Rustic Wimpy Table,Teak,Cotton,Somewhat Sturdy,Maroon
mj6wu2FS3v,Fat Rounded Bedframe,Fir,Silk,Very Strong,Indigo
L5XLpa5cap,Rustic Hefty Cabinet,Hickory,Acrylic,Somewhat Wobbly,Lavender
XcRH36IpsT,Norwegian Gaunt Stool,Walnut,Olefin,Wobbly,Silver
GcIytotvoZ,German Fat Cabinet,Purpleheart,Olefin,Somewhat Sturdy,Coral
B9pLVld0kA,Indian Light Chair,Alder,Wool,Somewhat Wobbly,Magenta
53f2OD3dbm,Indian Bowed Table,Purpleheart,Acrylic,Strong,Green
g2inQPejWv,Fat Wimpy Bedframe,Pine,Cotton,Somewhat Wobbly,Maroon
9kzx98bRlX,Strong Macho Chair,Coast Redwood,Nylon,Somewhat Strong,Grey
74X99J11Cq,Bowed Light Desk,Ebony,Acrylic,Indestructable,Gold
7F34jaOWUE,Bowed Thin Chair,Hemlock,Acetate,Very Strong,Yellow
xipKm4ZpqB,Slender Rounded Bedframe,Aluminum,Linen,Sturdy,Indigo
ckWsjy0qfn,Aged Oblique Bedframe,Cottonwood,Olefin,Sturdy,Purple
p1oRXmf0vp,Wimpy Jagged Bedframe,Pine,Acrylic,Very Wobbly,Blue
KQGJ8VD3wT,Slender Wimpy Cabinet,Hickory,Silk,Somewhat Sturdy,Sky Blue
QVogyjf8b8,Fat Hefty Bedframe,Maple,Silk,Wobbly,Green
iOLcnTIVFy,Rustic Chunky Chair,Ebony,Linen,Wobbly,Black
KJ26kmXeX7,Aged Genteel Bedframe,Hickory,Linen,Somewhat Wobbly,Lavender
wJCAz4XWFp,Fat Genteel Bedframe,Cottonwood,Acetate,Strong,Turquoise
UhCgTjSXvT,Oblique Ladylike Chair,Pine,Vinyl,Somewhat Sturdy,Green
GvAKFKkyM6,Gaunt Wimpy Chair,Coast Redwood,Cotton,Wobbly,Grey
dHh8gwYQIU,Gaunt Ladylike Table,Maple,Polyester,Somewhat Strong,Pink
pbfYqWNwCE,Strong Hefty Desk,Teak,Acrylic,Very Strong,Blue
Kt8tyAGM90,Bowed Ladylike Bedframe,Teak,Vinyl,Very Wobbly,Maroon
KrxJ7qsu83,Bowed Meager Cabinet,Maple,Cotton,Somewhat Strong,Gold
lgGUlztw6f,Rustic Thin Cabinet,Cherry,Nylon,Sturdy,Pink
Eb4XgddODU,Aged Oblique Stool,Teak,Leather,Somewhat Strong,Grey
ppy6lB2izS,Slender Wimpy Bedframe,Purpleheart,Linen,Somewhat Strong,Blue
zP5MVohZt0,Aged Genteel Cabinet,Cedar,Vinyl,Somewhat Strong,Black
g6yeUpcwSe,Italian Gaunt Cabinet,Balsa,Cotton,Somewhat Strong,Grey
aAPFjHxG37,Rustic Jagged Desk,Balsa,Silk,Strong,Silver
oea3K10Fwk,Genteel Fat Cabinet,Balsa,Cotton,Very Strong,Magenta
tK3KIsYHjP,Indian Ladylike Bedframe,Steel,Silk,Very Sturdy,Purple
MdgGwgxBYn,Oblique Hefty Bedframe,Afzelia,Cotton,Somewhat Strong,Olive
jWSMNoSQXb,Wimpy Rounded Bedframe,Beech,Vinyl,Wobbly,Purple
nrNZEpvXKy,Indian Meager Chair,Cherry,Acrylic,Indestructable,Violet
2T97Qbshv3,Gaunt Badass Stool,Afzelia,Cotton,Somewhat Wobbly,Grey
wb4GUYHfE5,Oblique Genteel Stool,Rayon,Silk,Indestructable,Olive
eP6RB3BHpZ,Oblique Gaunt Chair,Beech,Nylon,Somewhat Strong,Silver
bvQG7AyzpP,Wimpy Light Cabinet,Afzelia,Silk,Somewhat Wobbly,Yellow
daOHVUkZyg,Gaunt Fat Desk,Purpleheart,Vinyl,Sturdy,Gold
4gdDyqwGI5,Gaunt Thin Desk,Aluminum,Leather,Very Wobbly,Magenta
YLDtC2Xs9h,Strong Genteel Chair,Ebony,Linen,Very Strong,Salmon
lHSxpq8uHs,Slender Meager Bedframe,Aluminum,Cotton,Very Strong,Turquoise
q3rHteiF4D,Aged Gaunt Chair,Afzelia,Polyester,Very Strong,Orange
NijtnyBhEk,Oblique Angular Chair,Pine,Acrylic,Somewhat Wobbly,Olive
A9KNDK7NBZ,Aged Macho Stool,Cherry,Vinyl,Sturdy,Indigo
mMKW3QzCSq,Slender Hefty Chair,Hemlock,Cotton Blend,Very Wobbly,Teal
Lgi31OieR1,Indian Meager Cabinet,Cedar,Acrylic,Very Strong,Yellow
PSHJKRB52C,Strong Chunky Bedframe,Fir,Wool,Somewhat Strong,Red
tI8FHUlyB6,Eclectic Hefty Chair,Purpleheart,Vinyl,Somewhat Strong,Maroon
F9O7dCYKoi,Gaunt Slender Desk,Walnut,Silk,Strong,Pink
NvpkimV72M,Norwegian Macho Cabinet,Cedar,Cotton Blend,Sturdy,Sky Blue
EuKfwTbSMQ,Slender Ladylike Stool,Purpleheart,Vinyl,Strong,Salmon
kXNt3Uau7o,Oblique Genteel Chair,Walnut,Cotton,Indestructable,Lavender
4d0ndtZCfG,Bowed Genteel Cabinet,Balsa,Cotton Blend,Indestructable,Black
78rJKTUJXk,Italian Ladylike Stool,Steel,Leather,Indestructable,Black
8A40NorlvK,German Meager Cabinet,Hemlock,Leather,Wobbly,Violet
cGj6nectLJ,Modern Fat Stool,Walnut,Vinyl,Very Sturdy,Pink
qjeiFxEKb6,German Bowed Desk,Lindens,Polyester,Somewhat Wobbly,Turquoise
c8lRknyeAJ,Indian Ladylike Stool,Afzelia,Olefin,Very Strong,Olive
RSUTq8hdLh,Italian Gaunt Desk,Cottonwood,Nylon,Indestructable,Gold
ahSgDugH1u,Revolutionary Chunky Table,Elm,Cotton,Wobbly,Coral
gKs6UHPm7e,Oblique Chunky Table,Afzelia,Nylon,Somewhat Strong,Cyan
qhXoRSIciU,Gaunt Light Desk,Beech,Nylon,Indestructable,Olive
I8jgc1Rjp0,Aged Angular Bedframe,Beech,Olefin,Somewhat Wobbly,Silver
3FltIo53cP,Meager Ladylike Cabinet,Fir,Cotton Blend,Wobbly,Red
eIkoTQGQI8,Fat Ladylike Desk,Walnut,Olefin,Somewhat Wobbly,Green
EVOwoqvdnj,Modern Ladylike Stool,Cherry,Cotton Blend,Indestructable,Orange
iw90kcR4Vk,Fat Wimpy Cabinet,Cherry,Silk,Somewhat Wobbly,Violet
L5NMAFhpum,Revolutionary Bowed Cabinet,Alder,Cotton,Very Sturdy,Purple
UcTFBzoeUN,Indian Bowed Stool,Elm,Nylon,Wobbly,Orange
upjHz3f4Dn,Aged Wimpy Chair,Pine,Leather,Very Strong,Magenta
iPVdubkrTT,Eclectic Light Cabinet,Teak,Olefin,Very Strong,Salmon
eTtf1QpjZ5,Fat Genteel Cabinet,Pine,Linen,Strong,Lavender
lE1lT4mlvB,Eclectic Angular Bedframe,Walnut,Leather,Somewhat Sturdy,Yellow
kFr0Ks1B69,Aged Wimpy Bedframe,Walnut,Silk,Strong,Black
1gKp3k38G7,Strong Meager Desk,Aluminum,Polyester,Wobbly,White
mFfSS1M6uW,Strong Chunky Chair,Fir,Olefin,Strong,Gold
EZyugc24Cp,Eclectic Macho Stool,Lindens,Vinyl,Wobbly,Salmon
0mp9PGPdKw,Slender Oblique Bedframe,Steel,Polyester,Somewhat Wobbly,Tan
fUnDO7oeNq,Bowed Ladylike Table,Afzelia,Acetate,Somewhat Wobbly,Cyan
o5zNeXCBE1,Italian Jagged Desk,Aluminum,Linen,Strong,Blue
1ua6LeaubQ,Fat Light Table,Ebony,Olefin,Wobbly,Pink
oaz6GsFlTI,Indian Wimpy Table,Walnut,Wool,Sturdy,Magenta
f8QKLaEMto,Aged Oblique Cabinet,Lindens,Acetate,Somewhat Strong,Orange
4aYM1g5Udu,Modern Hefty Bedframe,Lindens,Leather,Wobbly,Orange
D7JQNJqEo3,Genteel Wimpy Table,Teak,Cotton Blend,Somewhat Strong,White
eo9Vsx0grh,Wimpy Meager Desk,Birch,Acrylic,Wobbly,Black
nCT1TAk7oS,Strong Gaunt Cabinet,Hickory,Cotton Blend,Somewhat Sturdy,Gold
RW0RvYkERf,Bowed Rounded Stool,Teak,Linen,Very Wobbly,Blue
UE3Jqkzamq,Wimpy Slender Stool,Balsa,Polyester,Wobbly,Indigo
mWr4Nj2Drh,Indian Wimpy Chair,Balsa,Olefin,Wobbly,Yellow
NpMhIjL9wZ,Wimpy Ladylike Chair,Hemlock,Silk,Very Sturdy,Black
c644T1pacr,Rustic Slender Desk,Coast Redwood,Polyester,Sturdy,Sky Blue
5ypLBtWgEG,Revolutionary Macho Desk,Hemlock,Acetate,Indestructable,Silver
fTmo9qbApQ,Wimpy Meager Chair,Steel,Olefin,Sturdy,Magenta
mHUtZtrnmJ,Aged Angular Table,Lindens,Linen,Strong,Gold
xotbNFkT00,Slender Ladylike Table,Magnesium Alloy,Nylon,Sturdy,Coral
KXtrq5Cntm,Fat Bowed Table,Oak,Silk,Strong,Purple
C6ALN8sYo8,Oblique Gaunt Cabinet,Teak,Wool,Very Sturdy,Silver
iLk84yUBI0,Italian Fat Chair,Fir,Leather,Very Wobbly,Blue
xDGyCXl7W1,Norwegian Jagged Cabinet,Birch,Linen,Sturdy,Cyan
KvXdWchurf,Genteel Thin Cabinet,Lindens,Nylon,Strong,Black
l7v07sVia1,Revolutionary Fat Chair,Coast Redwood,Nylon,Somewhat Strong,Purple
PNPFm4u1ku,Meager Macho Desk,Cherry,Cotton,Indestructable,Gold
jTImt1RNH7,Gaunt Fat Bedframe,Coast Redwood,Linen,Very Sturdy,Yellow
7WO5WXboBg,Revolutionary Gaunt Desk,Beech,Leather,Strong,Pink
ZGZvEISawB,Norwegian Jagged Bedframe,Beech,Leather,Very Strong,Blue
l2k6uktmgm,Slender Ladylike Chair,Lindens,Vinyl,Somewhat Sturdy,Violet
tOWU8CUbqF,German Angular Bedframe,Lindens,Silk,Somewhat Wobbly,Lavender
5A75nuYO0H,Indian Jagged Bedframe,Aluminum,Silk,Very Sturdy,Violet
SmkuhLebC0,Eclectic Oblique Chair,Beech,Cotton Blend,Strong,White
zFaSgPcO6x,Slender Genteel Desk,Purpleheart,Leather,Very Sturdy,White
sEf2YuCCVU,Genteel Badass Cabinet,Steel,Cotton Blend,Sturdy,Green
Z0CX8dldkM,Meager Genteel Stool,Pine,Leather,Very Sturdy,Salmon
3TxDSGOiXq,Rustic Meager Stool,Cedar,Wool,Indestructable,Blue
QDAUu4SYUK,Italian Bowed Cabinet,Balsa,Silk,Indestructable,Blue
VlM7pgv67Z,Indian Angular Bedframe,Cedar,Acrylic,Wobbly,Yellow
cte2Z9Iz14,Eclectic Chunky Cabinet,Cottonwood,Silk,Sturdy,Salmon
goGFjMBM8f,Slender Hefty Table,Cedar,Wool,Indestructable,Tan
QKfCY0eASx,Revolutionary Badass Cabinet,Maple,Wool,Strong,Lavender
zUOWCzFjaE,German Genteel Bedframe,Rayon,Olefin,Very Wobbly,Coral
C1MROBSSQt,German Chunky Table,Cottonwood,Leather,Sturdy,Cyan
H1PXyv67Po,Genteel Rounded Desk,Beech,Leather,Very Strong,Blue
zZ9XWJ8UHM,Meager Wimpy Bedframe,Balsa,Silk,Somewhat Strong,Cyan
atZM3m7Sie,Eclectic Thin Chair,Pine,Acetate,Somewhat Wobbly,Indigo
Ro8r9BNhrj,Gaunt Light Bedframe,Afzelia,Vinyl,Very Strong,Magenta
pyiwlScewT,Meager Thin Cabinet,Alder,Acrylic,Very Wobbly,Cyan
1R9yytBBIO,Fat Ladylike Table,Walnut,Polyester,Somewhat Sturdy,Sky Blue
XGcXVRWADX,Eclectic Ladylike Stool,Magnesium Alloy,Wool,Strong,Purple
40gb42Tabg,Oblique Genteel Table,Cedar,Leather,Somewhat Strong,Yellow
v71Sy0XAGp,Eclectic Jagged Desk,Beech,Silk,Strong,Silver
1FMLBRgTgJ,Aged Chunky Table,Maple,Leather,Very Wobbly,Yellow
iQPEGDveWn,Oblique Light Table,Lindens,Polyester,Wobbly,Black
dOtbm2vsJd,Meager Slender Table,Magnesium Alloy,Silk,Very Sturdy,Magenta
UM2jUjWP94,Wimpy Angular Stool,Hemlock,Vinyl,Strong,Silver
xOW0v7Bh8i,Genteel Jagged Desk,Fir,Vinyl,Strong,Orange
obKXfkAJte,German Hefty Bedframe,Fir,Acetate,Indestructable,Coral
SIbscyn7QW,Norwegian Chunky Stool,Hickory,Nylon,Somewhat Wobbly,Green
hJ4p3fo0D5,Wimpy Bowed Chair,Cherry,Acetate,Strong,Cyan
nbsvVJUjNU,Italian Oblique Cabinet,Maple,Acrylic,Very Wobbly,Maroon
jMo8rJp7id,Indian Thin Stool,Alder,Leather,Indestructable,Teal
pQdbpE9Xzb,Wimpy Fat Table,Purpleheart,Acetate,Very Wobbly,Black
Do8uU3nC7r,German Gaunt Table,Beech,Silk,Very Strong,Teal
2E482dhyl7,Gaunt Slender Chair,Walnut,Linen,Very Strong,Yellow
1dMKsDHhNY,German Meager Bedframe,Purpleheart,Silk,Strong,Magenta
9pP4n6uevs,Rustic Chunky Stool,Steel,Olefin,Very Strong,Violet
Mr8FwUntD1,Oblique Rounded Chair,Cherry,Acrylic,Indestructable,Blue
R4cmBp2ZlB,Italian Macho Chair,Ebony,Vinyl,Very Wobbly,Purple
mPjjYIenLZ,Rustic Oblique Cabinet,Walnut,Cotton Blend,Wobbly,Teal
DyO6mjh7Dq,Slender Genteel Stool,Ebony,Leather,Sturdy,Maroon
9TNHcGDta2,Fat Macho Bedframe,Cherry,Silk,Somewhat Wobbly,Violet
5NwM4u2CRT,Meager Genteel Bedframe,Aluminum,Vinyl,Somewhat Sturdy,Coral
qXfLcdQZ3W,German Slender Cabinet,Fir,Acrylic,Very Sturdy,Teal
Vl2vCs1Bn3,Fat Gaunt Chair,Ebony,Olefin,Sturdy,Maroon
rlv1diSS3U,Strong Thin Table,Cedar,Linen,Very Wobbly,Yellow
9Gxsi0TOjW,Eclectic Bowed Cabinet,Alder,Acetate,Very Strong,Indigo
gj6Mn48NdS,Fat Angular Cabinet,Alder,Silk,Somewhat Sturdy,Salmon
MjWFpulw3d,Aged Oblique Chair,Cedar,Polyester,Very Wobbly,Cyan
zQImaMUMUb,Slender Chunky Cabinet,Lindens,Vinyl,Strong,Green
OduQpEPyaK,Meager Light Cabinet,Fir,Linen,Indestructable,Pink
eQICr8bjKC,Genteel Meager Bedframe,Cedar,Wool,Somewhat Sturdy,Maroon
6eN33hCaLu,Norwegian Slender Bedframe,Afzelia,Acetate,Very Strong,Magenta
xa5I0uRsws,Revolutionary Rounded Table,Lindens,Polyester,Somewhat Sturdy,White
wPOgmqgEY6,Fat Gaunt Table,Walnut,Nylon,Indestructable,Purple
DGldqhAclw,Meager Thin Cabinet,Balsa,Silk,Very Wobbly,Pink
xggKcNGJXQ,Rustic Meager Desk,Aluminum,Olefin,Somewhat Strong,Green
vXbO56JovI,Genteel Badass Bedframe,Oak,Vinyl,Somewhat Wobbly,Cyan
NSagjbHwWG,Indian Fat Table,Pine,Cotton Blend,Strong,White
lk0V3L9On5,Norwegian Slender Stool,Teak,Cotton,Sturdy,Cyan
qxRgCLP3um,Wimpy Thin Bedframe,Cottonwood,Acetate,Very Sturdy,Red
ikvGJmD334,Indian Angular Bedframe,Ebony,Wool,Wobbly,Cyan
IeuJp3BUnd,Norwegian Wimpy Cabinet,Teak,Cotton,Strong,Magenta
ctQm0T24Wd,German Slender Desk,Coast Redwood,Silk,Sturdy,Black
ULDGuHWFAe,Oblique Meager Stool,Ebony,Cotton Blend,Strong,Magenta
bbnymUqQf0,Rustic Oblique Bedframe,Magnesium Alloy,Polyester,Indestructable,Violet
RjUiJFh34g,Strong Angular Desk,Elm,Acrylic,Indestructable,Gold
yyIAQoeWLb,Rustic Ladylike Bedframe,Maple,Leather,Wobbly,Lavender
lz0cjYYJT4,Modern Angular Stool,Fir,Olefin,Strong,Turquoise
kW9w63n70g,Modern Ladylike Chair,Beech,Silk,Very Strong,Salmon
JnxJCLw8rc,Gaunt Ladylike Table,Afzelia,Cotton Blend,Very Wobbly,Olive
Z2H6y0hP2k,Aged Badass Table,Aluminum,Linen,Very Wobbly,Pink
qReUtXtAiH,Rustic Slender Table,Fir,Wool,Somewhat Sturdy,White
f9uOTQqAlS,Norwegian Ladylike Desk,Cherry,Leather,Strong,White
DwHt6Ep36W,Aged Macho Cabinet,Cedar,Cotton,Very Wobbly,Magenta
vNSYA8Nxkq,Modern Light Stool,Birch,Silk,Very Wobbly,Lavender
T9Ojs2TtWx,Rustic Ladylike Chair,Lindens,Nylon,Strong,Indigo
7LQypSrc74,Slender Rounded Chair,Beech,Leather,Somewhat Strong,Maroon
ZftwHjTplA,Gaunt Genteel Bedframe,Hemlock,Acrylic,Indestructable,White
srMNAowYSf,Norwegian Ladylike Bedframe,Cherry,Wool,Very Wobbly,Red
lrQhujYLp5,Bowed Badass Cabinet,Pine,Vinyl,Very Wobbly,Cyan
ukxpIQAsjs,Bowed Gaunt Table,Cottonwood,Cotton Blend,Very Wobbly,Purple
vK4Rp98p4A,Italian Hefty Cabinet,Pine,Cotton,Very Sturdy,Cyan
ZJsxWlhBjX,Bowed Hefty Table,Coast Redwood,Cotton Blend,Strong,Pink
H7AK7JFI2z,Norwegian Fat Table,Cottonwood,Polyester,Very Sturdy,Gold
fXvraD9YNG,Revolutionary Slender Desk,Hickory,Nylon,Indestructable,Grey
hWUrtFkAw3,Genteel Light Table,Magnesium Alloy,Leather,Very Strong,Magenta
IOZsB5DZWZ,Norwegian Angular Cabinet,Elm,Silk,Strong,Yellow
p3egrsR6bB,Modern Jagged Bedframe,Hickory,Wool,Somewhat Wobbly,Teal
Na6eh8GhyM,Revolutionary Badass Table,Alder,Nylon,Wobbly,Silver
A6SjLWwlXB,Slender Badass Cabinet,Lindens,Cotton,Very Wobbly,Blue
b6rtWt54KS,Oblique Hefty Table,Steel,Cotton Blend,Sturdy,Magenta
kphIGiILcS,Bowed Gaunt Cabinet,Ebony,Leather,Somewhat Strong,Indigo
5Rp7K137Nz,Norwegian Fat Stool,Elm,Polyester,Very Strong,Salmon
z64rw2UJEU,Strong Ladylike Chair,Alder,Wool,Wobbly,Purple
vYnVNULL4z,Genteel Genteel Stool,Magnesium Alloy,Leather,Somewhat Wobbly,Red
oIktr1HJn8,Rustic Angular Table,Pine,Leather,Somewhat Strong,Magenta
IHbXNfy8by,Eclectic Ladylike Cabinet,Cottonwood,Cotton,Very Strong,Gold
gQfkZcRjPQ,Oblique Hefty Cabinet,Elm,Vinyl,Very Strong,Grey
u74Du3qwkk,Modern Light Stool,Aluminum,Olefin,Very Sturdy,Salmon
13ZGsM9x5l,Rustic Badass Stool,Fir,Leather,Indestructable,Orange
8FbS1Dz5Z3,German Meager Cabinet,Beech,Olefin,Indestructable,Indigo
FL1lFPjINy,Strong Meager Chair,Pine,Acrylic,Wobbly,White
s8wyITKro4,Norwegian Chunky Stool,Fir,Leather,Strong,Gold
R0GOvJYKl5,Slender Chunky Cabinet,Pine,Silk,Wobbly,Blue
hOg636jo7d,Meager Thin Chair,Lindens,Cotton Blend,Strong,Indigo
2CBJwmUBip,Norwegian Light Table,Coast Redwood,Wool,Very Wobbly,Cyan
kbIajBs1gj,Oblique Thin Desk,Cottonwood,Wool,Somewhat Strong,Violet
2XgMPM5r9Z,Strong Ladylike Table,Birch,Leather,Wobbly,Gold
rebuWzEk53,Wimpy Thin Cabinet,Magnesium Alloy,Nylon,Very Wobbly,Grey
msWH7nqeNv,Revolutionary Chunky Desk,Lindens,Cotton,Strong,Turquoise
akAyKbuVUI,Slender Wimpy Cabinet,Purpleheart,Wool,Sturdy,Red
otAlnw3xge,German Jagged Bedframe,Pine,Cotton,Very Sturdy,Teal
th5P1k3Cbd,Bowed Hefty Cabinet,Fir,Vinyl,Sturdy,Olive
cAIXrJI623,Norwegian Macho Table,Fir,Vinyl,Very Sturdy,Coral
VoZTDm11AI,Modern Thin Stool,Alder,Polyester,Very Strong,Violet
64qLDK26KP,Aged Oblique Cabinet,Lindens,Wool,Very Strong,Orange
x4tey11ARs,Eclectic Slender Chair,Fir,Acrylic,Sturdy,Sky Blue
g6EcxgWqjW,Norwegian Chunky Chair,Maple,Silk,Strong,Blue
yIOQJr80CO,Oblique Oblique Cabinet,Teak,Olefin,Very Strong,Olive
sRbALWZaec,Norwegian Light Chair,Cottonwood,Polyester,Somewhat Sturdy,Lavender
NwJ54M9lCh,Meager Bowed Stool,Cherry,Nylon,Indestructable,Turquoise
WVvDhAbel1,Modern Light Desk,Lindens,Acetate,Sturdy,Red
w79t2g838m,Italian Chunky Desk,Rayon,Silk,Somewhat Strong,Turquoise
uKeGwVAde7,Eclectic Slender Cabinet,Fir,Acrylic,Somewhat Sturdy,Salmon
2EBSj1noVT,Modern Hefty Chair,Balsa,Olefin,Somewhat Wobbly,Violet
EcZRrSCIKb,Norwegian Badass Cabinet,Beech,Vinyl,Wobbly,Indigo
r5JeUL5a39,Rustic Light Chair,Cherry,Acetate,Wobbly,Black
0vhyAaLCYg,Aged Ladylike Table,Cottonwood,Leather,Somewhat Strong,Orange
QmWyeLgRdE,Fat Wimpy Chair,Hickory,Acetate,Wobbly,Silver
fQGUqqENJn,Bowed Jagged Stool,Aluminum,Cotton Blend,Strong,Tan
t1Psl3AsAU,Aged Light Bedframe,Cherry,Nylon,Sturdy,Yellow
xDgUNBMQ8f,Aged Chunky Desk,Hemlock,Wool,Indestructable,Red
HmHOkSYNQ0,Genteel Oblique Chair,Coast Redwood,Silk,Somewhat Sturdy,Lavender
FWtBhJEvtW,Genteel Chunky Bedframe,Walnut,Cotton Blend,Sturdy,Maroon
KhObeoJfr9,Modern Hefty Bedframe,Elm,Polyester,Wobbly,Violet
9IDrTc6hjp,Strong Oblique Cabinet,Aluminum,Linen,Very Wobbly,Olive
MpkvpT5uke,Oblique Chunky Stool,Alder,Acetate,Somewhat Wobbly,Lavender
gnJi8U9L6m,Oblique Hefty Table,Maple,Polyester,Very Strong,Salmon
rZIbLyvhBG,German Rounded Stool,Cedar,Acrylic,Somewhat Sturdy,Maroon
vQvd80s43Q,Italian Chunky Bedframe,Beech,Vinyl,Indestructable,Lavender
PVFluEL9mE,Oblique Oblique Stool,Maple,Vinyl,Very Wobbly,Gold
SFtVPxi4d9,Rustic Oblique Cabinet,Ebony,Acetate,Somewhat Sturdy,Yellow
At69PCE9ZE,Eclectic Badass Table,Walnut,Vinyl,Strong,Coral
G84omuq7Ii,Bowed Jagged Chair,Afzelia,Linen,Sturdy,Cyan
RasAX0E7Hk,Slender Genteel Stool,Afzelia,Acrylic,Indestructable,Pink
KFzxmyHdMw,Meager Slender Stool,Alder,Leather,Strong,Olive
RlnoE3oj7f,Fat Ladylike Bedframe,Birch,Polyester,Very Wobbly,Sky Blue
OqE0H5xiY9,Oblique Thin Stool,Oak,Leather,Indestructable,Purple
ERyqzuBbxS,Bowed Gaunt Table,Cottonwood,Linen,Very Sturdy,Maroon
ISmF5sCRfP,Revolutionary Ladylike Chair,Cedar,Acetate,Indestructable,Olive
E7YJRm7WHe,Bowed Rounded Desk,Rayon,Acetate,Somewhat Wobbly,Yellow
BkyRY8nyyt,German Jagged Bedframe,Cottonwood,Acrylic,Very Sturdy,Teal
Y1HJOdZw1f,Aged Hefty Stool,Purpleheart,Vinyl,Somewhat Wobbly,Purple
FOrgkISTik,Gaunt Gaunt Stool,Beech,Cotton Blend,Very Strong,Silver
4rbXnrcW86,Bowed Meager Cabinet,Elm,Acrylic,Very Strong,Silver
uHFcBb3Hd1,Oblique Wimpy Bedframe,Coast Redwood,Acetate,Very Sturdy,Violet
uKSMHVuFL3,Rustic Angular Desk,Cedar,Cotton Blend,Somewhat Strong,Yellow
Aabanpg0HQ,Aged Hefty Cabinet,Beech,Silk,Very Sturdy,Blue
RnGMHZiHZr,Strong Macho Desk,Ebony,Linen,Somewhat Wobbly,Sky Blue
82RjMF8Zgq,Modern Gaunt Table,Balsa,Vinyl,Strong,Pink
2oPMQdmtmW,Eclectic Hefty Bedframe,Hemlock,Cotton,Indestructable,Green
9sPvBZkGSB,Norwegian Wimpy Chair,Alder,Acrylic,Wobbly,Teal
h16P6bTVLj,Eclectic Chunky Cabinet,Coast Redwood,Vinyl,Somewhat Wobbly,Salmon
tG8hHtfzeE,Slender Bowed Table,Coast Redwood,Linen,Indestructable,Red
4XjLHDRo54,Revolutionary Badass Stool,Steel,Polyester,Indestructable,Grey
2siC5yZ1g2,Bowed Badass Cabinet,Elm,Cotton Blend,Very Sturdy,White
ghJ3FsBdDS,Wimpy Gaunt Cabinet,Pine,Vinyl,Strong,Silver
CJCyKUx9tG,Genteel Jagged Chair,Cottonwood,Olefin,Strong,Teal
YQ9J5U6QGI,Revolutionary Gaunt Bedframe,Birch,Cotton,Indestructable,Pink
EokDv28lSq,Indian Ladylike Stool,Rayon,Olefin,Very Strong,Coral
BRaEg58ygH,German Jagged Table,Alder,Acrylic,Somewhat Sturdy,Grey
6Fvlm8fP9z,Genteel Light Stool,Lindens,Cotton,Strong,Black
nPMaXczInW,Modern Genteel Stool,Birch,Polyester,Very Strong,Yellow
3weuZIFeOt,Fat Oblique Cabinet,Balsa,Cotton,Somewhat Wobbly,Orange
VFvjuzND52,Revolutionary Bowed Bedframe,Hickory,Olefin,Somewhat Wobbly,White
mYOqbFITVg,Slender Fat Stool,Lindens,Nylon,Very Strong,Yellow
Ig7CjKPHvC,Aged Rounded Cabinet,Purpleheart,Leather,Strong,Purple
tFUqFGbFBZ,Aged Macho Table,Hickory,Wool,Somewhat Wobbly,Purple
o729EHqYlV,Gaunt Jagged Table,Balsa,Leather,Very Sturdy,Red
PWDvBpYFAb,Genteel Bowed Stool,Oak,Cotton,Very Sturdy,Tan
d4r3KXY6JB,Oblique Thin Desk,Cedar,Nylon,Somewhat Strong,Pink
RwiIDHEOHM,Indian Thin Chair,Aluminum,Leather,Very Wobbly,Gold
CE8VQ0I3QG,Revolutionary Meager Table,Beech,Cotton Blend,Very Wobbly,Grey
b1VPeAm02I,Revolutionary Light Table,Maple,Wool,Sturdy,Orange
93D0hl1oj7,Aged Angular Bedframe,Aluminum,Vinyl,Wobbly,Teal
MKrdX3mYcD,Fat Badass Stool,Maple,Cotton Blend,Very Wobbly,Green
vcyVOV3FVH,Genteel Thin Bedframe,Birch,Leather,Somewhat Wobbly,Violet
75BEGa66eX,Gaunt Wimpy Bedframe,Beech,Acrylic,Somewhat Wobbly,Olive
1Fy3WoazER,Bowed Badass Desk,Hemlock,Leather,Indestructable,Orange
MZyDA4LYbG,Oblique Ladylike Table,Oak,Leather,Somewhat Sturdy,Orange
78djBq6UFZ,Norwegian Thin Chair,Steel,Acetate,Very Sturdy,Yellow
naeA3Xec1n,Norwegian Bowed Table,Ebony,Leather,Somewhat Strong,Turquoise
m7XHKjUfrJ,Meager Meager Stool,Oak,Wool,Very Sturdy,Violet
vj5AfgpehJ,Meager Light Desk,Rayon,Olefin,Wobbly,Turquoise
Qfr5SxW1Sy,Eclectic Oblique Desk,Lindens,Acetate,Sturdy,Magenta
5941PljvFQ,Gaunt Oblique Chair,Ebony,Acetate,Very Strong,Yellow
FplUtPU6y1,Oblique Slender Bedframe,Elm,Silk,Sturdy,Turquoise
yH2NmYUhU6,Gaunt Slender Table,Purpleheart,Cotton Blend,Somewhat Wobbly,Cyan
JCedkVtvQK,Oblique Slender Desk,Teak,Wool,Very Sturdy,Maroon
W9BvjZobEM,Modern Gaunt Bedframe,Hemlock,Wool,Very Wobbly,Tan
IGntYv8scu,German Genteel Cabinet,Walnut,Cotton,Very Wobbly,Cyan
gWWhFZ5zml,Bowed Bowed Bedframe,Aluminum,Acrylic,Wobbly,Silver
PUwCfLAJPa,Genteel Wimpy Desk,Birch,Acrylic,Indestructable,Olive
R0Zi80BIhN,Oblique Chunky Desk,Hemlock,Acrylic,Very Strong,Magenta
6fbrZp0XtP,Bowed Chunky Table,Purpleheart,Leather,Very Sturdy,Salmon
k598Jv575W,Genteel Rounded Bedframe,Hickory,Acetate,Wobbly,Cyan
Onk0JHFbxN,Italian Slender Desk,Cherry,Cotton,Somewhat Strong,Sky Blue
LU24DXYd38,German Gaunt Desk,Cherry,Olefin,Somewhat Sturdy,Purple
aaFAH5nYyZ,Meager Rounded Bedframe,Lindens,Acrylic,Very Sturdy,Orange
K7rhYYYQRW,Italian Badass Cabinet,Aluminum,Olefin,Indestructable,Cyan
hzclxDbNRt,Meager Oblique Desk,Aluminum,Leather,Somewhat Strong,Tan
t6KAQ650O0,Eclectic Ladylike Chair,Teak,Cotton,Strong,Blue
ayPOjFDLoP,Bowed Genteel Bedframe,Hemlock,Acetate,Very Sturdy,White
Xa5Ppn2cWl,Indian Rounded Table,Maple,Silk,Very Sturdy,Indigo
XcCIMOZvQe,Oblique Meager Cabinet,Teak,Olefin,Very Strong,Tan
XLlGxXGvec,Indian Thin Bedframe,Birch,Wool,Somewhat Sturdy,Grey
6qSmSYFQRj,Eclectic Bowed Stool,Steel,Olefin,Very Strong,Teal
nRtOIYDun8,Aged Gaunt Desk,Elm,Acetate,Wobbly,Black
FkSjoylt6R,Oblique Badass Bedframe,Balsa,Olefin,Very Wobbly,Cyan
sblZciDTls,Revolutionary Jagged Desk,Balsa,Nylon,Somewhat Strong,Purple
cANIp3RVXL,Modern Badass Stool,Cedar,Nylon,Sturdy,Black
h0vIBMNzp0,Oblique Wimpy Chair,Fir,Acetate,Very Strong,Gold
WbTCssTZwc,Revolutionary Fat Cabinet,Magnesium Alloy,Vinyl,Very Sturdy,Tan
XRzhw6WO9O,Modern Slender Bedframe,Steel,Vinyl,Very Wobbly,Green
1fKjS4JCV3,Wimpy Meager Cabinet,Afzelia,Cotton,Strong,Indigo
fm6Xw7wXYr,German Slender Stool,Maple,Linen,Very Sturdy,Gold
6saOyAWvxZ,Genteel Hefty Chair,Lindens,Cotton,Indestructable,White
1aQEePSyjf,Rustic Jagged Stool,Teak,Cotton,Somewhat Strong,Black
fIg5dDEAGQ,Italian Bowed Table,Afzelia,Silk,Very Sturdy,Purple
AnjFpDMOBx,Wimpy Ladylike Cabinet,Lindens,Leather,Very Strong,Violet
Q0drCQP8qU,Wimpy Bowed Table,Fir,Wool,Strong,Purple
RCNZ71NFEI,Oblique Light Bedframe,Cottonwood,Olefin,Somewhat Strong,Green
25M9T6hMA9,Gaunt Rounded Cabinet,Maple,Vinyl,Very Wobbly,Salmon
h0540FeDJm,Revolutionary Hefty Table,Steel,Silk,Somewhat Strong,Sky Blue
TiCCrJl53A,Rustic Badass Table,Lindens,Acrylic,Very Wobbly,Black
ciEhLlHOeR,Eclectic Angular Stool,Rayon,Polyester,Somewhat Sturdy,Indigo
yLBoDmDjne,Genteel Jagged Desk,Balsa,Leather,Very Strong,Tan
XlUOikWMWz,Gaunt Light Table,Elm,Wool,Very Sturdy,Orange
LcVj0v6sUE,Fat Badass Stool,Rayon,Cotton Blend,Somewhat Wobbly,Coral
MQuPikdako,Meager Angular Chair,Cedar,Polyester,Sturdy,Turquoise
tjz9k8OWK1,Indian Badass Chair,Teak,Vinyl,Somewhat Wobbly,Teal
47JKmJLwDR,Revolutionary Gaunt Table,Rayon,Wool,Wobbly,Olive
u1a2FtF8k6,Fat Chunky Cabinet,Elm,Cotton,Indestructable,Pink
LK2raZM4jx,Meager Ladylike Desk,Rayon,Nylon,Sturdy,Gold
wzPlejTkCR,German Thin Desk,Lindens,Olefin,Indestructable,Purple
f0hCgChgtD,Meager Gaunt Table,Cedar,Linen,Wobbly,Tan
CYpf2UHCHO,Genteel Slender Chair,Steel,Acrylic,Very Strong,Green
k0cAZCrOJq,Rustic Ladylike Table,Balsa,Silk,Indestructable,Pink
CVL6uiW4EB,Aged Macho Chair,Rayon,Cotton,Strong,Indigo
zuymai4Anv,Gaunt Macho Desk,Steel,Vinyl,Wobbly,Purple
0JCfsD5Pck,Revolutionary Fat Table,Teak,Olefin,Indestructable,Salmon
nKheWasaPw,Meager Slender Desk,Oak,Acrylic,Strong,Silver
hv5bmT6oG9,Gaunt Thin Table,Teak,Acrylic,Very Strong,Gold
Q6bnjtqdG1,Slender Meager Desk,Maple,Acetate,Somewhat Strong,Orange
SoHqDPBpNU,Wimpy Light Table,Elm,Cotton,Wobbly,Magenta
PWpYqI9QO5,Oblique Genteel Stool,Hemlock,Vinyl,Strong,Turquoise
vQxTS5lHsI,Fat Jagged Desk,Beech,Acrylic,Somewhat Wobbly,Teal
NiYXMr2dk4,Strong Wimpy Table,Cottonwood,Cotton Blend,Somewhat Strong,Gold
JTNVbQph6T,Modern Wimpy Bedframe,Purpleheart,Wool,Very Wobbly,Magenta
RwdPsOsjwz,Aged Meager Chair,Teak,Wool,Wobbly,Lavender
O00WawjnjT,Rustic Slender Stool,Balsa,Cotton,Somewhat Sturdy,Maroon
O05FqVxarW,Wimpy Wimpy Bedframe,Ebony,Cotton,Somewhat Strong,Cyan
r71U0p8LFB,Strong Fat Chair,Teak,Cotton,Very Sturdy,Grey
257iLHM3fO,Fat Bowed Desk,Alder,Olefin,Somewhat Strong,Black
MH7TbchPTR,Eclectic Rounded Table,Cherry,Leather,Somewhat Wobbly,Coral
z9Tns3qnZd,Gaunt Hefty Chair,Birch,Acetate,Very Wobbly,Orange
80w6cbVfZL,Norwegian Hefty Table,Birch,Acetate,Very Sturdy,Black
gy46LYJCjQ,Wimpy Wimpy Desk,Maple,Olefin,Wobbly,Coral
YnfwTyqtiV,Bowed Hefty Cabinet,Pine,Leather,Strong,Silver
VM6ZTgV30Y,Strong Rounded Table,Lindens,Leather,Very Wobbly,Silver
iDMX53zz9h,Slender Chunky Desk,Oak,Leather,Somewhat Sturdy,Cyan
gDPRK4Bje2,Indian Oblique Stool,Aluminum,Wool,Indestructable,Lavender
HWPXxTrJ3t,Bowed Rounded Desk,Alder,Acrylic,Strong,Olive
yby2xafAlP,German Badass Desk,Afzelia,Cotton Blend,Very Wobbly,Tan
HkNMWDv7tK,Genteel Genteel Cabinet,Coast Redwood,Nylon,Very Wobbly,Red
UhfEXCi08Q,Strong Gaunt Stool,Hickory,Silk,Somewhat Sturdy,Black
lallwicfBB,Indian Rounded Table,Birch,Silk,Wobbly,Tan
ZL8BQrm1Nb,Oblique Light Bedframe,Aluminum,Polyester,Somewhat Sturdy,Purple
P4Z4AV7BCw,Strong Angular Cabinet,Coast Redwood,Wool,Wobbly,Teal
MInEQSaJ4E,Indian Wimpy Stool,Oak,Olefin,Somewhat Strong,Blue
4zStlQac1V,Gaunt Meager Stool,Pine,Acetate,Very Sturdy,Magenta
A3sU143KXm,Indian Gaunt Table,Lindens,Acetate,Very Strong,Purple
RwjRumemgQ,Revolutionary Chunky Table,Beech,Silk,Strong,Purple
B7rAOcBwHG,Genteel Ladylike Stool,Steel,Polyester,Wobbly,Coral
wVJGvmFf2v,Aged Rounded Table,Ebony,Cotton,Somewhat Wobbly,Turquoise
cURUJoiDSc,Slender Jagged Bedframe,Oak,Nylon,Indestructable,Orange
2tNNpWUJYf,Wimpy Hefty Stool,Hickory,Vinyl,Wobbly,Grey
gikk14v6Ai,Eclectic Angular Stool,Elm,Leather,Somewhat Wobbly,Lavender
FslBs9Q7ni,Oblique Gaunt Chair,Rayon,Wool,Somewhat Wobbly,Yellow
hO8K39itbJ,Slender Gaunt Bedframe,Balsa,Silk,Very Wobbly,Grey
FnHS1wUJTa,Norwegian Meager Cabinet,Birch,Cotton,Very Wobbly,Indigo
gVR2PmYcZP,Slender Bowed Bedframe,Alder,Wool,Very Wobbly,Blue
DiqDmYPSEP,Rustic Oblique Desk,Birch,Linen,Indestructable,Maroon
LA8UIuo0w9,Slender Oblique Chair,Purpleheart,Acrylic,Somewhat Sturdy,Blue
p8oSBgfnqc,Genteel Rounded Table,Alder,Polyester,Very Sturdy,Salmon
VQKhxrcAu9,Wimpy Genteel Cabinet,Oak,Vinyl,Somewhat Wobbly,Green
kCia6FkdRZ,Genteel Wimpy Bedframe,Lindens,Acrylic,Very Wobbly,Salmon
yPtJ8I5R9B,Eclectic Slender Stool,Cottonwood,Acrylic,Very Strong,Teal
3iFEZ5IAU0,Indian Gaunt Table,Elm,Nylon,Sturdy,Yellow
1SAvpQYN5L,Italian Meager Stool,Aluminum,Acetate,Somewhat Sturdy,Black
FXbpy30qET,Genteel Bowed Cabinet,Maple,Linen,Wobbly,Turquoise
9VQX9N7LAW,Eclectic Rounded Desk,Lindens,Nylon,Indestructable,Yellow
XOjIoDORww,Indian Wimpy Cabinet,Hickory,Linen,Somewhat Wobbly,Sky Blue
X6RGLIzE6W,Italian Macho Desk,Afzelia,Cotton Blend,Sturdy,White
rYL1Wu3rIO,Eclectic Chunky Bedframe,Hickory,Cotton,Strong,Orange
siZAfdCuoW,Eclectic Gaunt Table,Rayon,Acrylic,Very Strong,White
b74VBdq66F,Aged Macho Desk,Steel,Leather,Strong,Black
zfWAfzHi6X,Revolutionary Bowed Chair,Cherry,Polyester,Very Strong,Violet
dfVeYYYmOX,Fat Oblique Cabinet,Alder,Polyester,Very Strong,Gold
vtzW6hFzue,Modern Rounded Desk,Lindens,Vinyl,Somewhat Strong,Pink
NAhgEfNipT,Aged Light Cabinet,Purpleheart,Acetate,Indestructable,Green
h01hhhDdVA,Eclectic Macho Chair,Rayon,Linen,Strong,Silver
4ujxF6d4t9,Norwegian Macho Desk,Alder,Acetate,Very Strong,Blue
q1InoktNBz,Indian Badass Stool,Hickory,Cotton Blend,Sturdy,Pink
t8kPv0DeVr,Rustic Hefty Bedframe,Hemlock,Nylon,Sturdy,Tan
2rdNz43QBq,Strong Rounded Bedframe,Birch,Cotton,Wobbly,Black
vYVyaj4lIU,Modern Ladylike Bedframe,Ebony,Acrylic,Indestructable,Silver
PSzK6bmDfr,Gaunt Gaunt Table,Teak,Leather,Somewhat Sturdy,Orange
ixbMjwEoLa,Meager Hefty Stool,Cedar,Cotton,Indestructable,White
GpIU01YkuL,Wimpy Meager Stool,Magnesium Alloy,Linen,Indestructable,Olive
paIrUy7sna,Modern Jagged Chair,Elm,Linen,Somewhat Strong,Gold
0aBIk36Hs2,Bowed Hefty Desk,Cottonwood,Leather,Somewhat Wobbly,Salmon
R1pfqlsdxo,Strong Light Chair,Purpleheart,Olefin,Sturdy,White
DWgOkeAHWG,Fat Chunky Table,Coast Redwood,Leather,Somewhat Sturdy,Maroon
OXP2DaOYZi,Fat Fat Cabinet,Hickory,Polyester,Somewhat Strong,Olive
UjfaSIppps,Meager Meager Bedframe,Ebony,Olefin,Somewhat Wobbly,Teal
ztlPreuxD2,Aged Angular Stool,Pine,Polyester,Sturdy,Black
45IHJInpMG,Rustic Rounded Cabinet,Coast Redwood,Leather,Very Strong,Salmon
yOY8ifG5Ye,Modern Gaunt Stool,Teak,Linen,Somewhat Strong,Red
OLooPODQyp,Modern Badass Stool,Hemlock,Acetate,Very Strong,Salmon
GT33uqqq5D,Wimpy Meager Cabinet,Coast Redwood,Wool,Wobbly,Salmon
UfpJH1Lrjx,Gaunt Ladylike Table,Coast Redwood,Linen,Very Wobbly,Red
qrFBAHWM17,Rustic Bowed Cabinet,Cherry,Silk,Wobbly,Orange
HHctoxPoHS,Bowed Light Desk,Steel,Cotton Blend,Somewhat Wobbly,Turquoise
Shd1ZZ6Uay,Italian Ladylike Cabinet,Rayon,Cotton,Strong,Purple
Z3GAdVZIQD,Oblique Genteel Bedframe,Walnut,Cotton Blend,Wobbly,Purple
cdiArDYM4d,Strong Bowed Cabinet,Afzelia,Leather,Wobbly,Black
qZptIs4241,Modern Oblique Stool,Lindens,Linen,Somewhat Sturdy,Turquoise
yOqDj8tVXl,Gaunt Angular Desk,Elm,Wool,Very Sturdy,Sky Blue
CqosqwBi5P,Wimpy Badass Chair,Hemlock,Silk,Wobbly,Olive
tOXQ8Hj1Qt,Modern Fat Stool,Hemlock,Cotton,Somewhat Sturdy,Black
oWM0imPFe6,Norwegian Light Desk,Ebony,Linen,Indestructable,Teal
L3Pz2yquZm,Aged Oblique Table,Hemlock,Wool,Somewhat Strong,Coral
00aWzohu8g,Italian Light Desk,Ebony,Linen,Strong,Magenta
lpeJdlV0y9,Revolutionary Slender Cabinet,Birch,Cotton Blend,Somewhat Strong,Grey
r51GhroIT7,German Angular Cabinet,Steel,Nylon,Somewhat Sturdy,Salmon
U6RzNL1xfo,Rustic Slender Bedframe,Steel,Linen,Indestructable,Coral
C3vqyZv1dC,Slender Rounded Table,Purpleheart,Polyester,Very Sturdy,Tan
HUee3XYyou,Indian Chunky Stool,Lindens,Acrylic,Very Sturdy,Red
v4QWRd9Qu4,Aged Hefty Table,Balsa,Linen,Very Wobbly,Black
lmslhAeKqY,Revolutionary Wimpy Stool,Pine,Cotton,Somewhat Wobbly,Pink
BmYM2qCaO5,Modern Light Desk,Coast Redwood,Acetate,Somewhat Sturdy,Grey
dsRQYQzsjc,Aged Badass Table,Lindens,Cotton Blend,Somewhat Strong,Blue
si0AxsIm6G,Fat Badass Stool,Magnesium Alloy,Nylon,Very Sturdy,Tan
XlxqxjH0In,Rustic Ladylike Stool,Fir,Wool,Very Strong,Cyan
779atEW8cl,Strong Gaunt Table,Rayon,Wool,Sturdy,Blue
xTDdNSuhJ8,Strong Rounded Desk,Ebony,Acetate,Very Strong,Grey
Kqjc0qioGS,Strong Badass Desk,Rayon,Cotton Blend,Somewhat Strong,Silver
65cJP0Fn4w,Modern Light Stool,Alder,Nylon,Very Sturdy,Indigo
s3VgDBkiuY,Indian Light Desk,Afzelia,Olefin,Wobbly,Sky Blue
mNslV5utGi,Oblique Genteel Stool,Rayon,Wool,Very Sturdy,Purple
1HY686UKIG,Fat Rounded Desk,Balsa,Polyester,Very Wobbly,Teal
JFq6agQU5b,Fat Macho Stool,Maple,Nylon,Sturdy,Gold
8BUjSKBD4C,Wimpy Genteel Desk,Beech,Silk,Somewhat Strong,Turquoise
eVonCglbDI,Bowed Gaunt Desk,Balsa,Silk,Somewhat Sturdy,Yellow
HaCkJ3VX8l,Modern Angular Table,Rayon,Leather,Strong,Silver
Dlome7OuHF,Genteel Fat Desk,Aluminum,Cotton,Indestructable,Coral
fuQPkeaSIf,Gaunt Angular Chair,Cedar,Acrylic,Somewhat Strong,Indigo
yinz3YJy7n,Gaunt Badass Stool,Afzelia,Polyester,Strong,White
18zmOHVRul,Slender Jagged Table,Teak,Olefin,Indestructable,Indigo
o9VVItvEAm,Fat Rounded Table,Maple,Cotton,Strong,Maroon
uRLLkSRH3N,Strong Jagged Chair,Aluminum,Linen,Somewhat Wobbly,Green
9ckqlzrFFm,Strong Jagged Bedframe,Cherry,Vinyl,Sturdy,Black
S51q1LC1vk,Italian Meager Cabinet,Hickory,Acetate,Very Sturdy,Salmon
STXX3E7fU2,Indian Angular Table,Ebony,Cotton Blend,Strong,Turquoise
7COlubEJWc,Revolutionary Oblique Table,Beech,Olefin,Somewhat Wobbly,Olive
BZw1mo8x5e,Norwegian Genteel Bedframe,Birch,Nylon,Somewhat Sturdy,Tan
dH0FQfwE4h,Slender Oblique Desk,Lindens,Acrylic,Indestructable,Black
8OvwpY9Trv,Genteel Angular Desk,Cherry,Cotton,Somewhat Sturdy,Magenta
ks8cloD2wc,Modern Light Desk,Purpleheart,Linen,Very Sturdy,Pink
mGn1s6TMXk,German Thin Stool,Maple,Acetate,Somewhat Sturdy,Indigo
18ZhIAl9R1,Indian Angular Chair,Rayon,Nylon,Somewhat Strong,Maroon
TU5Wn6HaAv,Bowed Thin Cabinet,Aluminum,Nylon,Very Wobbly,Green
qnu8DyEF1k,Gaunt Angular Bedframe,Steel,Olefin,Somewhat Strong,Magenta
2WHYBFvyJt,Modern Chunky Cabinet,Steel,Leather,Somewhat Wobbly,Olive
cDpdGk8TRM,Fat Slender Cabinet,Afzelia,Olefin,Sturdy,Black
dJzGgEyYct,Rustic Oblique Cabinet,Cedar,Cotton,Somewhat Strong,Salmon
dAhLSOhSok,Genteel Rounded Bedframe,Alder,Polyester,Wobbly,Grey
mIQWyUTyzg,Norwegian Genteel Desk,Pine,Polyester,Indestructable,Coral
5jMtS9OrWm,Indian Thin Cabinet,Aluminum,Olefin,Very Wobbly,White
HlNvM5ekTc,Eclectic Wimpy Desk,Afzelia,Wool,Indestructable,Black
6gJKuwxyNO,Norwegian Oblique Chair,Magnesium Alloy,Olefin,Sturdy,Sky Blue
yANemkzB1y,Wimpy Rounded Bedframe,Fir,Acetate,Very Sturdy,White
zGcr1zbiYL,Strong Angular Desk,Beech,Vinyl,Strong,Silver
suK6IYXUDu,Italian Genteel Stool,Coast Redwood,Olefin,Very Wobbly,Black
iywpxTa4CF,Meager Light Desk,Coast Redwood,Leather,Somewhat Wobbly,Yellow
XKuKFb7uK0,Aged Light Cabinet,Cherry,Olefin,Strong,Pink
WjriTVDal4,Genteel Jagged Desk,Lindens,Linen,Indestructable,Lavender
vCEuKzMHZF,Oblique Badass Stool,Cottonwood,Vinyl,Very Strong,Indigo
aYDW6yvRrW,Genteel Oblique Cabinet,Elm,Linen,Sturdy,Sky Blue
LjYNcBMF1L,Modern Thin Stool,Fir,Cotton,Very Wobbly,Turquoise
NXOFx0bb05,Aged Gaunt Table,Fir,Linen,Somewhat Strong,Purple
ymqFVMncBy,Revolutionary Hefty Desk,Rayon,Polyester,Strong,Olive
CxGmsL4X25,Fat Badass Cabinet,Afzelia,Nylon,Very Strong,Teal
Ku1IDOrYEJ,Genteel Meager Desk,Magnesium Alloy,Vinyl,Wobbly,Blue
KDmdI6TptV,Genteel Macho Table,Maple,Wool,Very Wobbly,Violet
NVPcTENbU4,Bowed Jagged Table,Maple,Leather,Very Sturdy,Maroon
mQugylHKPY,Fat Genteel Cabinet,Maple,Silk,Sturdy,Red
glKNxMl18i,Rustic Angular Table,Beech,Leather,Somewhat Sturdy,Indigo
t0CgmqvpHh,Rustic Thin Cabinet,Oak,Acetate,Strong,Maroon
XVjhwgLmLZ,Italian Hefty Cabinet,Pine,Cotton Blend,Sturdy,Sky Blue
pQ1qdkWfg3,Slender Badass Bedframe,Afzelia,Acetate,Indestructable,Olive
JlSMc6fZkY,Fat Badass Stool,Hemlock,Olefin,Strong,Silver
PHalHg8aP9,Slender Wimpy Bedframe,Purpleheart,Acrylic,Somewhat Sturdy,Grey
MS9Plxv9Tq,Fat Angular Stool,Cedar,Cotton,Very Strong,Indigo
XvrvfRhwft,Eclectic Slender Cabinet,Balsa,Nylon,Very Sturdy,Orange
0T2PaDHCEw,Wimpy Gaunt Stool,Maple,Nylon,Wobbly,Magenta
tjbSxgVsl7,Wimpy Meager Cabinet,Aluminum,Acrylic,Wobbly,Green
gjDN4ECK9H,Eclectic Slender Chair,Oak,Acetate,Sturdy,Blue
Un3UokagPv,Bowed Angular Bedframe,Teak,Acetate,Very Strong,Silver
DtUiCw3Gsp,Fat Ladylike Stool,Steel,Vinyl,Somewhat Sturdy,Orange
pZlCPOfml9,Revolutionary Fat Desk,Beech,Nylon,Wobbly,Indigo
oOj5jAseDA,Gaunt Bowed Bedframe,Hemlock,Cotton,Indestructable,Violet
TZffQtiBZf,Modern Macho Stool,Beech,Acrylic,Somewhat Wobbly,Grey
WBGqeEbq7t,Norwegian Meager Table,Coast Redwood,Wool,Somewhat Wobbly,Black
qfs0cQwXmd,Gaunt Badass Bedframe,Elm,Acetate,Indestructable,Green
6O6pMG8LQb,Revolutionary Bowed Cabinet,Pine,Acetate,Strong,Maroon
VgdO7YYbm5,Meager Bowed Desk,Aluminum,Vinyl,Indestructable,Sky Blue
D5LJgDtmoK,German Gaunt Desk,Oak,Leather,Very Strong,Violet
qQgflb4lxc,Indian Slender Chair,Birch,Nylon,Very Strong,Teal
pl5RMQ5K1T,Indian Jagged Bedframe,Oak,Silk,Strong,Purple
J34HUtZIZf,Fat Rounded Table,Cottonwood,Linen,Wobbly,Tan
BKr5yK9w4G,Gaunt Ladylike Cabinet,Steel,Linen,Strong,Maroon
Y1xICpISfT,Meager Slender Cabinet,Maple,Nylon,Strong,Coral
kdlOIicNQ0,Oblique Badass Stool,Afzelia,Nylon,Somewhat Sturdy,Silver
T4bZ68wokN,Genteel Light Cabinet,Aluminum,Cotton Blend,Somewhat Sturdy,Pink
i4Z9vVvw7o,Aged Thin Bedframe,Oak,Wool,Somewhat Wobbly,Teal
OoYpO5YfJz,Eclectic Jagged Bedframe,Hemlock,Acetate,Sturdy,Indigo
JdO8uqljvW,Oblique Light Bedframe,Lindens,Wool,Somewhat Sturdy,Salmon
NMy6ziCgqN,Aged Genteel Bedframe,Beech,Polyester,Somewhat Wobbly,Olive
lHGkBlojS7,Rustic Rounded Cabinet,Aluminum,Silk,Very Wobbly,Lavender
lh4HiY9lhC,Meager Badass Bedframe,Fir,Cotton,Somewhat Strong,Olive
mkpI17Rzgd,Meager Slender Bedframe,Magnesium Alloy,Cotton,Strong,Cyan
ULiDhqBfdJ,Rustic Light Desk,Purpleheart,Silk,Somewhat Strong,Tan
WgvnEenYs2,German Thin Bedframe,Elm,Wool,Very Strong,Olive
Sr0rr5Be59,Fat Angular Table,Steel,Cotton,Sturdy,Silver
rhEXRnkokc,Rustic Gaunt Stool,Teak,Silk,Very Wobbly,Gold
wutKVFv7dc,Italian Genteel Bedframe,Hickory,Polyester,Very Wobbly,Cyan
c3bLdAGSph,German Oblique Chair,Ebony,Olefin,Somewhat Strong,Grey
HImIKPgcZ4,Genteel Macho Desk,Steel,Linen,Somewhat Sturdy,Indigo
5TRWwBo6So,Genteel Slender Desk,Cedar,Vinyl,Somewhat Sturdy,Gold
eDeI1bKiL3,Modern Ladylike Table,Afzelia,Leather,Very Wobbly,Orange
SKja1SFmn8,Italian Macho Table,Cedar,Acrylic,Strong,White
gwb6R9WJcl,Fat Fat Table,Purpleheart,Cotton Blend,Wobbly,Lavender
