bTNpLIcY5K,Slender Ladylike Stool,Birch,Cotton Blend,Wobbly,Olive
xH8TrfHOyw,Modern Badass Stool,Hemlock,Cotton Blend,Somewhat Wobbly,Violet
OAYUjGCFnc,Strong Angular Stool,Aluminum,Cotton Blend,Somewhat Wobbly,Black
VCGNZqtmAB,Genteel Rounded Stool,Beech,Vinyl,Very Sturdy,Magenta
M2VGwljbY2,Genteel Slender Stool,Maple,Olefin,Somewhat Wobbly,Blue
wES64WNPwF,Revolutionary Ladylike Stool,Lindens,Vinyl,Sturdy,Cyan
yOxxpgB72s,Aged Oblique Stool,Beech,Leather,Indestructable,Green
TLjIC9Y7R5,Modern Hefty Stool,Beech,Linen,Very Strong,Pink
fOIwMX2kPs,Oblique Meager Stool,Fir,Vinyl,Somewhat Wobbly,Red
nOMsKtOFzn,Modern Rounded Stool,Cedar,Acetate,Very Strong,Blue
IZqzxTcbL3,Rustic Bowed Stool,Cottonwood,Olefin,Indestructable,Maroon
FcoCKZReNO,Modern Wimpy Stool,Maple,Polyester,Very Strong,Indigo
pXB7QmLlRf,Slender Wimpy Stool,Alder,Wool,Sturdy,Magenta
Rb5MdRRbZp,Rustic Jagged Stool,Walnut,Silk,Sturdy,Silver
Gd2Rkd1BAM,Wimpy Gaunt Stool,Cherry,Silk,Indestructable,Lavender
BMKfkxbBOU,Bowed Jagged Stool,Maple,Nylon,Wobbly,Red
juJaOJUd9P,Strong Meager Stool,Coast Redwood,Polyester,Somewhat Sturdy,Coral
b0iMhr4DBJ,Genteel Fat Stool,Pine,Olefin,Very Wobbly,Red
Qrq7F7O1o5,Wimpy Chunky Stool,Walnut,Linen,Somewhat Wobbly,Yellow
itcwxz8x5v,Norwegian Jagged Stool,Beech,Wool,Somewhat Strong,Maroon
LkKv7DrsMK,Genteel Bowed Stool,Birch,Olefin,Somewhat Sturdy,Tan
ji7VyjX3x4,Wimpy Hefty Stool,Magnesium Alloy,Acetate,Wobbly,Gold
ox40fUMSpb,Indian Rounded Stool,Afzelia,Vinyl,Somewhat Strong,Red
wSk19ctOMs,Indian Fat Stool,Cherry,Cotton,Somewhat Sturdy,Salmon
b0kSPtqJVr,Genteel Jagged Stool,Ebony,Acrylic,Somewhat Sturdy,Yellow
uqDGB6Htxt,Revolutionary Hefty Stool,Walnut,Acetate,Very Sturdy,White
byyRrf0QOW,Fat Wimpy Stool,Cottonwood,Olefin,Sturdy,Violet
OffAcR4pyy,Wimpy Genteel Stool,Elm,Vinyl,Very Strong,Black
cIOKwWkJ72,Bowed Slender Stool,Cedar,Leather,Very Sturdy,Pink
0KSjIO5LDu,German Bowed Stool,Maple,Nylon,Sturdy,Salmon
vqVKi0zce7,Genteel Thin Stool,Maple,Cotton,Wobbly,Purple
sbFeVdyIqS,Gaunt Wimpy Stool,Alder,Acetate,Wobbly,Yellow
261bsDpx62,Fat Hefty Stool,Maple,Cotton,Wobbly,Green
TOlhgKw6dh,German Slender Stool,Afzelia,Polyester,Somewhat Sturdy,Black
WZdlOna8zu,Strong Badass Stool,Elm,Polyester,Indestructable,Indigo
lucnZNg3E5,Italian Meager Stool,Aluminum,Vinyl,Somewhat Strong,Sky Blue
nBmHX2Hetj,Norwegian Ladylike Stool,Rayon,Nylon,Strong,Red
IOz2PTeAUm,Rustic Gaunt Stool,Afzelia,Acetate,Very Strong,Gold
s8ssyWIwiC,Fat Chunky Stool,Birch,Acrylic,Somewhat Sturdy,Gold
e9Ao0ZZpfP,Modern Badass Stool,Aluminum,Acetate,Sturdy,Olive
spMc3s95Ic,German Wimpy Stool,Afzelia,Linen,Wobbly,Tan
yoD8ryc0PO,Genteel Fat Stool,Pine,Nylon,Very Strong,Turquoise
ZrgfToif0S,Rustic Chunky Stool,Purpleheart,Olefin,Wobbly,Teal
NrXKS0Cv6m,Bowed Macho Stool,Pine,Linen,Very Wobbly,Turquoise
zUMj1N6hyT,Modern Gaunt Stool,Steel,Cotton,Indestructable,Olive
efbnO5BSZD,Indian Genteel Stool,Birch,Leather,Very Strong,White
gI5bzH71GQ,Revolutionary Wimpy Stool,Oak,Vinyl,Very Sturdy,Indigo
UfT8MyZloB,German Bowed Stool,Hickory,Cotton Blend,Very Wobbly,Tan
9AwAVq2kqQ,Aged Rounded Stool,Maple,Silk,Indestructable,Orange
oYUjgXnGO6,Fat Light Stool,Afzelia,Olefin,Indestructable,Purple
B80nrfSPDY,Slender Angular Stool,Elm,Nylon,Indestructable,White
hwUnL69ty0,Italian Hefty Stool,Hickory,Silk,Very Sturdy,Silver
VF7nVmjVl3,Rustic Jagged Stool,Rayon,Acrylic,Indestructable,Indigo
Xd5WJpWzEK,Rustic Angular Stool,Birch,Nylon,Somewhat Wobbly,Blue
pR9pTufLk7,Indian Slender Stool,Walnut,Acrylic,Very Sturdy,Tan
6CWdOcKxIT,Norwegian Macho Stool,Hickory,Olefin,Very Strong,Purple
MmSk58BlYS,Modern Oblique Stool,Balsa,Acetate,Somewhat Wobbly,Silver
sv76zJQHKb,Slender Genteel Stool,Aluminum,Cotton Blend,Very Wobbly,Pink
vV9cyNPOiI,Strong Jagged Stool,Magnesium Alloy,Cotton,Somewhat Strong,Grey
iu0MEQVptP,Bowed Light Stool,Cedar,Leather,Somewhat Wobbly,Coral
KzyxdT83vY,Norwegian Macho Stool,Cedar,Cotton Blend,Strong,Black
6u06l2g2Sg,Modern Gaunt Stool,Rayon,Cotton,Somewhat Sturdy,Violet
5LVsPqQAOe,Modern Genteel Stool,Beech,Cotton,Somewhat Sturdy,Black
2Vsqvr4pSG,Aged Oblique Stool,Walnut,Acrylic,Somewhat Wobbly,Lavender
riUq9SI8gq,Genteel Rounded Stool,Coast Redwood,Acetate,Very Strong,Pink
wfuuErQI2B,Rustic Thin Stool,Balsa,Leather,Sturdy,Purple
VZXybYEP0q,Italian Ladylike Stool,Ebony,Cotton,Very Wobbly,Gold
q4RR6AXpIZ,Aged Macho Stool,Purpleheart,Leather,Wobbly,Magenta
KdidrJmCDu,Revolutionary Oblique Stool,Alder,Olefin,Somewhat Strong,Olive
b8XWkMJ01T,Norwegian Fat Stool,Cedar,Vinyl,Very Sturdy,Green
LMR1hrrTLj,Slender Bowed Stool,Alder,Acetate,Very Strong,Gold
54KU2z0wGS,Rustic Rounded Stool,Steel,Cotton,Wobbly,Maroon
TWusDLJc6c,Italian Rounded Stool,Hemlock,Polyester,Somewhat Strong,Teal
GLvHOXRjeP,Slender Badass Stool,Steel,Polyester,Indestructable,Purple
EHOc6EXxFj,Revolutionary Thin Stool,Afzelia,Acrylic,Strong,Purple
g0DBcceCIA,Genteel Bowed Stool,Hemlock,Wool,Indestructable,Magenta
N637Q5UVRN,German Bowed Stool,Lindens,Wool,Somewhat Strong,Teal
Hk2n1nwkOU,Norwegian Oblique Stool,Birch,Linen,Strong,Salmon
1ZsQkl9U36,Rustic Genteel Stool,Lindens,Olefin,Very Wobbly,Green
TnD5znZtG5,Indian Macho Stool,Elm,Polyester,Wobbly,Teal
sNdDpCk97e,Aged Chunky Stool,Maple,Cotton,Very Sturdy,Lavender
XcRH36IpsT,Norwegian Gaunt Stool,Walnut,Olefin,Wobbly,Silver
Eb4XgddODU,Aged Oblique Stool,Teak,Leather,Somewhat Strong,Grey
2T97Qbshv3,Gaunt Badass Stool,Afzelia,Cotton,Somewhat Wobbly,Grey
wb4GUYHfE5,Oblique Genteel Stool,Rayon,Silk,Indestructable,Olive
A9KNDK7NBZ,Aged Macho Stool,Cherry,Vinyl,Sturdy,Indigo
EuKfwTbSMQ,Slender Ladylike Stool,Purpleheart,Vinyl,Strong,Salmon
78rJKTUJXk,Italian Ladylike Stool,Steel,Leather,Indestructable,Black
cGj6nectLJ,Modern Fat Stool,Walnut,Vinyl,Very Sturdy,Pink
c8lRknyeAJ,Indian Ladylike Stool,Afzelia,Olefin,Very Strong,Olive
EVOwoqvdnj,Modern Ladylike Stool,Cherry,Cotton Blend,Indestructable,Orange
UcTFBzoeUN,Indian Bowed Stool,Elm,Nylon,Wobbly,Orange
EZyugc24Cp,Eclectic Macho Stool,Lindens,Vinyl,Wobbly,Salmon
RW0RvYkERf,Bowed Rounded Stool,Teak,Linen,Very Wobbly,Blue
UE3Jqkzamq,Wimpy Slender Stool,Balsa,Polyester,Wobbly,Indigo
Z0CX8dldkM,Meager Genteel Stool,Pine,Leather,Very Sturdy,Salmon
3TxDSGOiXq,Rustic Meager Stool,Cedar,Wool,Indestructable,Blue
XGcXVRWADX,Eclectic Ladylike Stool,Magnesium Alloy,Wool,Strong,Purple
UM2jUjWP94,Wimpy Angular Stool,Hemlock,Vinyl,Strong,Silver
SIbscyn7QW,Norwegian Chunky Stool,Hickory,Nylon,Somewhat Wobbly,Green
jMo8rJp7id,Indian Thin Stool,Alder,Leather,Indestructable,Teal
9pP4n6uevs,Rustic Chunky Stool,Steel,Olefin,Very Strong,Violet
DyO6mjh7Dq,Slender Genteel Stool,Ebony,Leather,Sturdy,Maroon
lk0V3L9On5,Norwegian Slender Stool,Teak,Cotton,Sturdy,Cyan
ULDGuHWFAe,Oblique Meager Stool,Ebony,Cotton Blend,Strong,Magenta
lz0cjYYJT4,Modern Angular Stool,Fir,Olefin,Strong,Turquoise
vNSYA8Nxkq,Modern Light Stool,Birch,Silk,Very Wobbly,Lavender
5Rp7K137Nz,Norwegian Fat Stool,Elm,Polyester,Very Strong,Salmon
vYnVNULL4z,Genteel Genteel Stool,Magnesium Alloy,Leather,Somewhat Wobbly,Red
u74Du3qwkk,Modern Light Stool,Aluminum,Olefin,Very Sturdy,Salmon
13ZGsM9x5l,Rustic Badass Stool,Fir,Leather,Indestructable,Orange
s8wyITKro4,Norwegian Chunky Stool,Fir,Leather,Strong,Gold
VoZTDm11AI,Modern Thin Stool,Alder,Polyester,Very Strong,Violet
NwJ54M9lCh,Meager Bowed Stool,Cherry,Nylon,Indestructable,Turquoise
fQGUqqENJn,Bowed Jagged Stool,Aluminum,Cotton Blend,Strong,Tan
MpkvpT5uke,Oblique Chunky Stool,Alder,Acetate,Somewhat Wobbly,Lavender
rZIbLyvhBG,German Rounded Stool,Cedar,Acrylic,Somewhat Sturdy,Maroon
PVFluEL9mE,Oblique Oblique Stool,Maple,Vinyl,Very Wobbly,Gold
RasAX0E7Hk,Slender Genteel Stool,Afzelia,Acrylic,Indestructable,Pink
KFzxmyHdMw,Meager Slender Stool,Alder,Leather,Strong,Olive
OqE0H5xiY9,Oblique Thin Stool,Oak,Leather,Indestructable,Purple
Y1HJOdZw1f,Aged Hefty Stool,Purpleheart,Vinyl,Somewhat Wobbly,Purple
FOrgkISTik,Gaunt Gaunt Stool,Beech,Cotton Blend,Very Strong,Silver
4XjLHDRo54,Revolutionary Badass Stool,Steel,Polyester,Indestructable,Grey
EokDv28lSq,Indian Ladylike Stool,Rayon,Olefin,Very Strong,Coral
6Fvlm8fP9z,Genteel Light Stool,Lindens,Cotton,Strong,Black
nPMaXczInW,Modern Genteel Stool,Birch,Polyester,Very Strong,Yellow
mYOqbFITVg,Slender Fat Stool,Lindens,Nylon,Very Strong,Yellow
PWDvBpYFAb,Genteel Bowed Stool,Oak,Cotton,Very Sturdy,Tan
MKrdX3mYcD,Fat Badass Stool,Maple,Cotton Blend,Very Wobbly,Green
m7XHKjUfrJ,Meager Meager Stool,Oak,Wool,Very Sturdy,Violet
6qSmSYFQRj,Eclectic Bowed Stool,Steel,Olefin,Very Strong,Teal
cANIp3RVXL,Modern Badass Stool,Cedar,Nylon,Sturdy,Black
fm6Xw7wXYr,German Slender Stool,Maple,Linen,Very Sturdy,Gold
1aQEePSyjf,Rustic Jagged Stool,Teak,Cotton,Somewhat Strong,Black
ciEhLlHOeR,Eclectic Angular Stool,Rayon,Polyester,Somewhat Sturdy,Indigo
LcVj0v6sUE,Fat Badass Stool,Rayon,Cotton Blend,Somewhat Wobbly,Coral
PWpYqI9QO5,Oblique Genteel Stool,Hemlock,Vinyl,Strong,Turquoise
O00WawjnjT,Rustic Slender Stool,Balsa,Cotton,Somewhat Sturdy,Maroon
gDPRK4Bje2,Indian Oblique Stool,Aluminum,Wool,Indestructable,Lavender
UhfEXCi08Q,Strong Gaunt Stool,Hickory,Silk,Somewhat Sturdy,Black
MInEQSaJ4E,Indian Wimpy Stool,Oak,Olefin,Somewhat Strong,Blue
4zStlQac1V,Gaunt Meager Stool,Pine,Acetate,Very Sturdy,Magenta
B7rAOcBwHG,Genteel Ladylike Stool,Steel,Polyester,Wobbly,Coral
2tNNpWUJYf,Wimpy Hefty Stool,Hickory,Vinyl,Wobbly,Grey
gikk14v6Ai,Eclectic Angular Stool,Elm,Leather,Somewhat Wobbly,Lavender
yPtJ8I5R9B,Eclectic Slender Stool,Cottonwood,Acrylic,Very Strong,Teal
1SAvpQYN5L,Italian Meager Stool,Aluminum,Acetate,Somewhat Sturdy,Black
q1InoktNBz,Indian Badass Stool,Hickory,Cotton Blend,Sturdy,Pink
ixbMjwEoLa,Meager Hefty Stool,Cedar,Cotton,Indestructable,White
GpIU01YkuL,Wimpy Meager Stool,Magnesium Alloy,Linen,Indestructable,Olive
ztlPreuxD2,Aged Angular Stool,Pine,Polyester,Sturdy,Black
yOY8ifG5Ye,Modern Gaunt Stool,Teak,Linen,Somewhat Strong,Red
OLooPODQyp,Modern Badass Stool,Hemlock,Acetate,Very Strong,Salmon
qZptIs4241,Modern Oblique Stool,Lindens,Linen,Somewhat Sturdy,Turquoise
tOXQ8Hj1Qt,Modern Fat Stool,Hemlock,Cotton,Somewhat Sturdy,Black
HUee3XYyou,Indian Chunky Stool,Lindens,Acrylic,Very Sturdy,Red
lmslhAeKqY,Revolutionary Wimpy Stool,Pine,Cotton,Somewhat Wobbly,Pink
si0AxsIm6G,Fat Badass Stool,Magnesium Alloy,Nylon,Very Sturdy,Tan
XlxqxjH0In,Rustic Ladylike Stool,Fir,Wool,Very Strong,Cyan
65cJP0Fn4w,Modern Light Stool,Alder,Nylon,Very Sturdy,Indigo
mNslV5utGi,Oblique Genteel Stool,Rayon,Wool,Very Sturdy,Purple
JFq6agQU5b,Fat Macho Stool,Maple,Nylon,Sturdy,Gold
yinz3YJy7n,Gaunt Badass Stool,Afzelia,Polyester,Strong,White
mGn1s6TMXk,German Thin Stool,Maple,Acetate,Somewhat Sturdy,Indigo
suK6IYXUDu,Italian Genteel Stool,Coast Redwood,Olefin,Very Wobbly,Black
vCEuKzMHZF,Oblique Badass Stool,Cottonwood,Vinyl,Very Strong,Indigo
LjYNcBMF1L,Modern Thin Stool,Fir,Cotton,Very Wobbly,Turquoise
JlSMc6fZkY,Fat Badass Stool,Hemlock,Olefin,Strong,Silver
MS9Plxv9Tq,Fat Angular Stool,Cedar,Cotton,Very Strong,Indigo
0T2PaDHCEw,Wimpy Gaunt Stool,Maple,Nylon,Wobbly,Magenta
DtUiCw3Gsp,Fat Ladylike Stool,Steel,Vinyl,Somewhat Sturdy,Orange
TZffQtiBZf,Modern Macho Stool,Beech,Acrylic,Somewhat Wobbly,Grey
kdlOIicNQ0,Oblique Badass Stool,Afzelia,Nylon,Somewhat Sturdy,Silver
rhEXRnkokc,Rustic Gaunt Stool,Teak,Silk,Very Wobbly,Gold
