tbI7y1SPG9,Italian Hefty Table,Teak,Cotton,Somewhat Strong,Violet
i0FbNhdD4v,Gaunt Jagged Table,Oak,Cotton Blend,Somewhat Wobbly,Salmon
bVQBhBKLmu,Aged Angular Table,Magnesium Alloy,Olefin,Very Strong,Turquoise
1TDchSBeov,Rustic Fat Table,Cedar,Linen,Sturdy,Tan
evfppQCPkq,Italian Oblique Table,Maple,Vinyl,Very Sturdy,Violet
3REe97dI6I,Eclectic Fat Table,Rayon,Acetate,Sturdy,Cyan
EvkyJKPjRl,Fat Macho Table,Hemlock,Polyester,Sturdy,White
IdUjlAvDmO,Gaunt Jagged Table,Pine,Olefin,Somewhat Wobbly,Sky Blue
Hic9zxq4R2,Wimpy Rounded Table,Birch,Wool,Sturdy,Gold
d4j85xx1cP,Wimpy Angular Table,Beech,Cotton Blend,Indestructable,Yellow
BHnEguifyH,Meager Badass Table,Balsa,Cotton,Sturdy,Green
ARzY7IxSTK,Bowed Bowed Table,Birch,Cotton Blend,Somewhat Sturdy,Blue
6CqRygxOrx,Meager Jagged Table,Afzelia,Vinyl,Very Strong,Salmon
Twsyk5rhDF,Revolutionary Light Table,Rayon,Linen,Somewhat Strong,Coral
AYXY1xw6Jn,Eclectic Wimpy Table,Walnut,Cotton Blend,Very Sturdy,Maroon
bL9EZFjb24,Bowed Fat Table,Hickory,Olefin,Sturdy,Red
2zRO1JEROn,Bowed Slender Table,Afzelia,Cotton Blend,Indestructable,Silver
L1VQbGRC9K,Norwegian Badass Table,Rayon,Wool,Very Sturdy,Turquoise
cHuaIqWreN,Bowed Bowed Table,Fir,Cotton Blend,Very Sturdy,Teal
c9chQUGBdi,Meager Light Table,Magnesium Alloy,Silk,Very Sturdy,Red
6apEde5YAW,Eclectic Thin Table,Cherry,Cotton Blend,Very Wobbly,Magenta
h3oXQdTOsZ,Norwegian Light Table,Fir,Acrylic,Sturdy,Teal
ARWEeRPMsm,Italian Bowed Table,Maple,Olefin,Sturdy,Coral
REs8Kkofe8,Fat Light Table,Magnesium Alloy,Cotton Blend,Very Strong,Olive
xDpBwTPA3D,Meager Macho Table,Cottonwood,Cotton Blend,Somewhat Strong,Turquoise
Uv6zHAk1bM,Fat Badass Table,Ebony,Leather,Sturdy,Gold
jXU9MdZE38,Modern Macho Table,Rayon,Cotton,Very Sturdy,Green
pSTlXk6AKv,Indian Badass Table,Afzelia,Acrylic,Very Wobbly,Magenta
LwsUn5AAEl,German Oblique Table,Teak,Cotton,Very Wobbly,Magenta
wPRRgJdYQy,Italian Bowed Table,Maple,Cotton,Somewhat Strong,Coral
SiSo5p4ZxD,Fat Jagged Table,Balsa,Linen,Somewhat Sturdy,White
aNFLgbBNqa,Fat Slender Table,Purpleheart,Polyester,Somewhat Strong,Magenta
a7YGG0UZcT,Oblique Jagged Table,Maple,Cotton,Indestructable,White
sYyuKDp1d6,Strong Light Table,Walnut,Wool,Very Sturdy,Silver
rPWGVmbsWh,Oblique Bowed Table,Coast Redwood,Wool,Very Sturdy,Sky Blue
wklKX7ZBab,Revolutionary Thin Table,Balsa,Olefin,Strong,Orange
Vsh6r7aoII,Genteel Light Table,Hickory,Polyester,Very Sturdy,Salmon
8zBYbytzxN,Aged Macho Table,Cottonwood,Wool,Strong,Maroon
V4dDgjqvet,German Angular Table,Maple,Vinyl,Sturdy,Coral
6TSiNZ1dwq,Norwegian Gaunt Table,Beech,Wool,Sturdy,Coral
FzLspeB3em,Slender Bowed Table,Lindens,Olefin,Indestructable,Green
pTJivvZ1qk,Aged Meager Table,Lindens,Olefin,Wobbly,Maroon
7XyXnOi3wk,Modern Bowed Table,Lindens,Acrylic,Somewhat Strong,Blue
9iMFg0tQMl,Italian Fat Table,Lindens,Linen,Indestructable,Teal
A8yVI1Ag3v,Genteel Bowed Table,Walnut,Acetate,Sturdy,Grey
5DajVqtLY1,Norwegian Slender Table,Birch,Cotton,Somewhat Wobbly,Lavender
mNTAzxDqkp,Bowed Wimpy Table,Ebony,Acrylic,Very Sturdy,Maroon
RhVeGTjbHJ,Oblique Hefty Table,Cherry,Vinyl,Somewhat Sturdy,Turquoise
wbz0NbdhpJ,Slender Oblique Table,Fir,Nylon,Very Sturdy,Yellow
2q15mUc98o,Revolutionary Angular Table,Balsa,Acetate,Strong,Yellow
4LKZ0FX7yJ,Genteel Chunky Table,Rayon,Cotton,Very Sturdy,Indigo
02SVZ28q47,Italian Wimpy Table,Lindens,Acetate,Somewhat Strong,Blue
hZuUdDpGAQ,Rustic Badass Table,Balsa,Nylon,Wobbly,Magenta
68EUTc7joi,Rustic Ladylike Table,Magnesium Alloy,Olefin,Very Wobbly,Cyan
j2NoKyFfmn,Eclectic Light Table,Beech,Acrylic,Sturdy,Indigo
VT0XZUpVfr,Oblique Slender Table,Oak,Vinyl,Somewhat Strong,Salmon
KeyDKmdExE,Rustic Macho Table,Rayon,Olefin,Very Strong,Olive
baTrYfs79j,Eclectic Rounded Table,Fir,Silk,Wobbly,Maroon
xM7umn9NPq,Indian Macho Table,Teak,Leather,Very Wobbly,Maroon
2lrpWbie85,Italian Rounded Table,Alder,Nylon,Wobbly,Green
cA2Mk87mMX,Modern Light Table,Lindens,Polyester,Very Sturdy,Lavender
tumqOtsN6l,Indian Chunky Table,Beech,Silk,Sturdy,Orange
iCfHwj4wRF,Rustic Wimpy Table,Teak,Cotton,Somewhat Sturdy,Maroon
53f2OD3dbm,Indian Bowed Table,Purpleheart,Acrylic,Strong,Green
dHh8gwYQIU,Gaunt Ladylike Table,Maple,Polyester,Somewhat Strong,Pink
ahSgDugH1u,Revolutionary Chunky Table,Elm,Cotton,Wobbly,Coral
gKs6UHPm7e,Oblique Chunky Table,Afzelia,Nylon,Somewhat Strong,Cyan
fUnDO7oeNq,Bowed Ladylike Table,Afzelia,Acetate,Somewhat Wobbly,Cyan
1ua6LeaubQ,Fat Light Table,Ebony,Olefin,Wobbly,Pink
oaz6GsFlTI,Indian Wimpy Table,Walnut,Wool,Sturdy,Magenta
D7JQNJqEo3,Genteel Wimpy Table,Teak,Cotton Blend,Somewhat Strong,White
mHUtZtrnmJ,Aged Angular Table,Lindens,Linen,Strong,Gold
xotbNFkT00,Slender Ladylike Table,Magnesium Alloy,Nylon,Sturdy,Coral
KXtrq5Cntm,Fat Bowed Table,Oak,Silk,Strong,Purple
goGFjMBM8f,Slender Hefty Table,Cedar,Wool,Indestructable,Tan
C1MROBSSQt,German Chunky Table,Cottonwood,Leather,Sturdy,Cyan
1R9yytBBIO,Fat Ladylike Table,Walnut,Polyester,Somewhat Sturdy,Sky Blue
40gb42Tabg,Oblique Genteel Table,Cedar,Leather,Somewhat Strong,Yellow
1FMLBRgTgJ,Aged Chunky Table,Maple,Leather,Very Wobbly,Yellow
iQPEGDveWn,Oblique Light Table,Lindens,Polyester,Wobbly,Black
dOtbm2vsJd,Meager Slender Table,Magnesium Alloy,Silk,Very Sturdy,Magenta
pQdbpE9Xzb,Wimpy Fat Table,Purpleheart,Acetate,Very Wobbly,Black
Do8uU3nC7r,German Gaunt Table,Beech,Silk,Very Strong,Teal
rlv1diSS3U,Strong Thin Table,Cedar,Linen,Very Wobbly,Yellow
xa5I0uRsws,Revolutionary Rounded Table,Lindens,Polyester,Somewhat Sturdy,White
wPOgmqgEY6,Fat Gaunt Table,Walnut,Nylon,Indestructable,Purple
NSagjbHwWG,Indian Fat Table,Pine,Cotton Blend,Strong,White
JnxJCLw8rc,Gaunt Ladylike Table,Afzelia,Cotton Blend,Very Wobbly,Olive
Z2H6y0hP2k,Aged Badass Table,Aluminum,Linen,Very Wobbly,Pink
qReUtXtAiH,Rustic Slender Table,Fir,Wool,Somewhat Sturdy,White
ukxpIQAsjs,Bowed Gaunt Table,Cottonwood,Cotton Blend,Very Wobbly,Purple
ZJsxWlhBjX,Bowed Hefty Table,Coast Redwood,Cotton Blend,Strong,Pink
H7AK7JFI2z,Norwegian Fat Table,Cottonwood,Polyester,Very Sturdy,Gold
hWUrtFkAw3,Genteel Light Table,Magnesium Alloy,Leather,Very Strong,Magenta
Na6eh8GhyM,Revolutionary Badass Table,Alder,Nylon,Wobbly,Silver
b6rtWt54KS,Oblique Hefty Table,Steel,Cotton Blend,Sturdy,Magenta
oIktr1HJn8,Rustic Angular Table,Pine,Leather,Somewhat Strong,Magenta
2CBJwmUBip,Norwegian Light Table,Coast Redwood,Wool,Very Wobbly,Cyan
2XgMPM5r9Z,Strong Ladylike Table,Birch,Leather,Wobbly,Gold
cAIXrJI623,Norwegian Macho Table,Fir,Vinyl,Very Sturdy,Coral
0vhyAaLCYg,Aged Ladylike Table,Cottonwood,Leather,Somewhat Strong,Orange
gnJi8U9L6m,Oblique Hefty Table,Maple,Polyester,Very Strong,Salmon
At69PCE9ZE,Eclectic Badass Table,Walnut,Vinyl,Strong,Coral
ERyqzuBbxS,Bowed Gaunt Table,Cottonwood,Linen,Very Sturdy,Maroon
82RjMF8Zgq,Modern Gaunt Table,Balsa,Vinyl,Strong,Pink
tG8hHtfzeE,Slender Bowed Table,Coast Redwood,Linen,Indestructable,Red
BRaEg58ygH,German Jagged Table,Alder,Acrylic,Somewhat Sturdy,Grey
tFUqFGbFBZ,Aged Macho Table,Hickory,Wool,Somewhat Wobbly,Purple
o729EHqYlV,Gaunt Jagged Table,Balsa,Leather,Very Sturdy,Red
CE8VQ0I3QG,Revolutionary Meager Table,Beech,Cotton Blend,Very Wobbly,Grey
b1VPeAm02I,Revolutionary Light Table,Maple,Wool,Sturdy,Orange
MZyDA4LYbG,Oblique Ladylike Table,Oak,Leather,Somewhat Sturdy,Orange
naeA3Xec1n,Norwegian Bowed Table,Ebony,Leather,Somewhat Strong,Turquoise
yH2NmYUhU6,Gaunt Slender Table,Purpleheart,Cotton Blend,Somewhat Wobbly,Cyan
6fbrZp0XtP,Bowed Chunky Table,Purpleheart,Leather,Very Sturdy,Salmon
Xa5Ppn2cWl,Indian Rounded Table,Maple,Silk,Very Sturdy,Indigo
fIg5dDEAGQ,Italian Bowed Table,Afzelia,Silk,Very Sturdy,Purple
Q0drCQP8qU,Wimpy Bowed Table,Fir,Wool,Strong,Purple
h0540FeDJm,Revolutionary Hefty Table,Steel,Silk,Somewhat Strong,Sky Blue
TiCCrJl53A,Rustic Badass Table,Lindens,Acrylic,Very Wobbly,Black
XlUOikWMWz,Gaunt Light Table,Elm,Wool,Very Sturdy,Orange
47JKmJLwDR,Revolutionary Gaunt Table,Rayon,Wool,Wobbly,Olive
f0hCgChgtD,Meager Gaunt Table,Cedar,Linen,Wobbly,Tan
k0cAZCrOJq,Rustic Ladylike Table,Balsa,Silk,Indestructable,Pink
0JCfsD5Pck,Revolutionary Fat Table,Teak,Olefin,Indestructable,Salmon
hv5bmT6oG9,Gaunt Thin Table,Teak,Acrylic,Very Strong,Gold
SoHqDPBpNU,Wimpy Light Table,Elm,Cotton,Wobbly,Magenta
NiYXMr2dk4,Strong Wimpy Table,Cottonwood,Cotton Blend,Somewhat Strong,Gold
MH7TbchPTR,Eclectic Rounded Table,Cherry,Leather,Somewhat Wobbly,Coral
80w6cbVfZL,Norwegian Hefty Table,Birch,Acetate,Very Sturdy,Black
VM6ZTgV30Y,Strong Rounded Table,Lindens,Leather,Very Wobbly,Silver
lallwicfBB,Indian Rounded Table,Birch,Silk,Wobbly,Tan
A3sU143KXm,Indian Gaunt Table,Lindens,Acetate,Very Strong,Purple
RwjRumemgQ,Revolutionary Chunky Table,Beech,Silk,Strong,Purple
wVJGvmFf2v,Aged Rounded Table,Ebony,Cotton,Somewhat Wobbly,Turquoise
p8oSBgfnqc,Genteel Rounded Table,Alder,Polyester,Very Sturdy,Salmon
3iFEZ5IAU0,Indian Gaunt Table,Elm,Nylon,Sturdy,Yellow
siZAfdCuoW,Eclectic Gaunt Table,Rayon,Acrylic,Very Strong,White
PSzK6bmDfr,Gaunt Gaunt Table,Teak,Leather,Somewhat Sturdy,Orange
DWgOkeAHWG,Fat Chunky Table,Coast Redwood,Leather,Somewhat Sturdy,Maroon
UfpJH1Lrjx,Gaunt Ladylike Table,Coast Redwood,Linen,Very Wobbly,Red
L3Pz2yquZm,Aged Oblique Table,Hemlock,Wool,Somewhat Strong,Coral
C3vqyZv1dC,Slender Rounded Table,Purpleheart,Polyester,Very Sturdy,Tan
v4QWRd9Qu4,Aged Hefty Table,Balsa,Linen,Very Wobbly,Black
dsRQYQzsjc,Aged Badass Table,Lindens,Cotton Blend,Somewhat Strong,Blue
779atEW8cl,Strong Gaunt Table,Rayon,Wool,Sturdy,Blue
HaCkJ3VX8l,Modern Angular Table,Rayon,Leather,Strong,Silver
18zmOHVRul,Slender Jagged Table,Teak,Olefin,Indestructable,Indigo
o9VVItvEAm,Fat Rounded Table,Maple,Cotton,Strong,Maroon
STXX3E7fU2,Indian Angular Table,Ebony,Cotton Blend,Strong,Turquoise
7COlubEJWc,Revolutionary Oblique Table,Beech,Olefin,Somewhat Wobbly,Olive
NXOFx0bb05,Aged Gaunt Table,Fir,Linen,Somewhat Strong,Purple
KDmdI6TptV,Genteel Macho Table,Maple,Wool,Very Wobbly,Violet
NVPcTENbU4,Bowed Jagged Table,Maple,Leather,Very Sturdy,Maroon
glKNxMl18i,Rustic Angular Table,Beech,Leather,Somewhat Sturdy,Indigo
WBGqeEbq7t,Norwegian Meager Table,Coast Redwood,Wool,Somewhat Wobbly,Black
J34HUtZIZf,Fat Rounded Table,Cottonwood,Linen,Wobbly,Tan
Sr0rr5Be59,Fat Angular Table,Steel,Cotton,Sturdy,Silver
eDeI1bKiL3,Modern Ladylike Table,Afzelia,Leather,Very Wobbly,Orange
SKja1SFmn8,Italian Macho Table,Cedar,Acrylic,Strong,White
gwb6R9WJcl,Fat Fat Table,Purpleheart,Cotton Blend,Wobbly,Lavender
