IeqHqrksrD,WsU5hV3BAb,California King,33
jnNyiVGjxl,kBfjAo8VpY,California King,34
kIk12S6xoU,s1vmyFRwZ5,Twin XL,35
CvrXxvaET5,JzvIdKdE9f,Full,36
eQbrYaJIa9,Gv03yHEJF9,California King,37
VCGNZqtmAB,P37m4yzCt2,California King,43
wES64WNPwF,PiK6jGX8Tq,Twin,36
fJ298RAOYQ,55RTCXNUUV,King,37
IdUjlAvDmO,qHCsnLF5Pe,Queen,33
Hic9zxq4R2,qHCsnLF5Pe,California King,37
WALkUOaLZt,DYLEUl8hqR,Twin XL,29
s7PbdovKJm,KQ0ENnvQsf,Twin XL,47
BMKfkxbBOU,R10YuuGqWH,Twin XL,38
juJaOJUd9P,DqPWFuFsA9,Twin,25
b0iMhr4DBJ,sO9vlh65q0,California King,39
AUDz5IxYqB,rdmzBeD1jF,Queen,33
pEBEsrNftY,rdmzBeD1jF,Full,27
JizIBAxCKK,X6pHjdNWTM,Twin XL,46
AYXY1xw6Jn,ORAUF31Wdx,Full,45
lL5RM8IbEF,ORAUF31Wdx,King,37
QxdLATw93C,TBFggdE1QF,King,43
cHuaIqWreN,naKD0E52Nz,Queen,31
vhMzt0ryTy,naKD0E52Nz,California King,27
rdmVNyRpIi,zLpogkCtwq,King,36
f5ywG7SXQU,UEBVxy1VdN,Full,31
6BODAHr9hy,6VrP35gei8,Queen,24
eZTLeRASH2,w8wNtHRZcM,Full,47
S26yqk0gDM,w8wNtHRZcM,King,42
2RdXzr9UxB,kxpVPufCMZ,Queen,29
p4QSn1Fb6L,VfCS693hRl,Twin,28
rB0lOqzwyy,M2yv6UguBB,Twin XL,40
A93xiWMRhT,M2yv6UguBB,California King,38
FAvboviiBh,W0p7aZ8Z8M,California King,39
efbnO5BSZD,LTVMc6f1en,Queen,38
DwXEisPz7L,Mwk99ODIv2,Queen,24
WYz2xwXdok,Mwk99ODIv2,California King,38
o3v7qEI4xx,Mwk99ODIv2,California King,46
KEQTt6SKwk,4SxmLVmwvL,King,24
V4dDgjqvet,jvvYihx2gh,Twin,39
zbRCHmj3PE,jvvYihx2gh,Full,43
4im00eM9DI,rtGbrLDsQI,Twin XL,47
qbwBYCxSUp,jbeNEBCyNu,King,25
E8dzx4txzm,jbeNEBCyNu,California King,45
7XyXnOi3wk,IzgIQKu0Uh,Twin,36
5DajVqtLY1,0EbNx7hvlO,Twin XL,35
Zp7zOujqHJ,0EbNx7hvlO,California King,43
5LVsPqQAOe,G1pUzmt1od,California King,24
mNTAzxDqkp,CzFpzsxVkJ,California King,46
yf7wuw2h0N,BjCBuBTV87,Twin,31
mkb6RZzXEm,gTEa9wTcaD,California King,32
AmEdnMsefb,Bgl2OoTqWY,King,30
q4RR6AXpIZ,SH5hnSmk7a,Twin XL,35
TRNPXOSNS1,SH5hnSmk7a,Queen,31
em4LxO6WY2,P6dv5QNDoj,King,45
wjzgUIVYh6,VZAHjHOlno,Twin XL,36
UCDvmTFnJX,VZAHjHOlno,Full,44
hZuUdDpGAQ,4uSXR0shjD,Full,28
N5gFbniK9u,9d5WA1XIWc,Full,25
54KU2z0wGS,9d5WA1XIWc,King,32
dAerV1FFCW,9d5WA1XIWc,Full,36
V5zQLJc4wF,nxFMpB7xC3,King,39
cwF7vAc4zF,60JRUilvEF,King,29
2lrpWbie85,byu8Zx7cdI,California King,32
tumqOtsN6l,seCL8ifFhU,Twin XL,24
74X99J11Cq,WEJNiXpBlg,Full,42
KJ26kmXeX7,FMfX954w1a,Twin,46
dHh8gwYQIU,fpBgjKDisg,Twin XL,39
nrNZEpvXKy,MRGNTzjRvt,Queen,31
NijtnyBhEk,dSfAhv67yI,Full,37
tI8FHUlyB6,mycJbeNVnV,Twin XL,29
F9O7dCYKoi,mycJbeNVnV,Twin XL,40
I8jgc1Rjp0,7cXH6MUnJP,Twin XL,29
lE1lT4mlvB,nvpA2wyRKA,California King,25
0mp9PGPdKw,nawQ0Zbtam,King,26
f8QKLaEMto,ngbRwZig6I,California King,24
eo9Vsx0grh,hgETxPledg,King,26
5ypLBtWgEG,WNhIY8jjP1,Full,32
zFaSgPcO6x,VzAs94cV9Q,Queen,43
1FMLBRgTgJ,DPMtNuQ6Fw,Queen,30
obKXfkAJte,r3jAxfmqy5,Twin,38
DyO6mjh7Dq,XUuVn1dFBC,Twin XL,31
qXfLcdQZ3W,53S4nBUolG,Queen,34
9Gxsi0TOjW,4uEa0JgHI2,Twin,25
gj6Mn48NdS,4uEa0JgHI2,Full,32
6eN33hCaLu,EqPanBezpO,Queen,29
xa5I0uRsws,EqPanBezpO,Twin XL,28
bbnymUqQf0,R8UrhbIANl,Twin XL,31
vNSYA8Nxkq,LmK7A5Ga28,King,31
7LQypSrc74,QQcbhITp29,Twin,26
H7AK7JFI2z,b2Pt4DUiyB,King,41
fXvraD9YNG,b2Pt4DUiyB,Queen,26
oIktr1HJn8,JF621uJIT2,California King,42
hOg636jo7d,Y9106AM3E6,Twin XL,27
g6EcxgWqjW,Pz0gE6FRnL,Twin,30
0vhyAaLCYg,tF1JcHkSV9,Queen,47
PVFluEL9mE,Z9UVwO9oIr,Full,46
ghJ3FsBdDS,fB8CTGobFM,Twin XL,33
RwiIDHEOHM,bUTC81moaL,King,24
b1VPeAm02I,1xIdirGiRI,California King,33
93D0hl1oj7,1xIdirGiRI,King,41
5941PljvFQ,6HIQRwIXMS,Twin XL,46
FplUtPU6y1,6HIQRwIXMS,Full,41
JCedkVtvQK,8HGoHnmFvl,Full,35
IGntYv8scu,fZr2edygbv,California King,38
LU24DXYd38,hZHmDmpZjN,Twin,45
hzclxDbNRt,vhOSO1vXQS,California King,41
XLlGxXGvec,Qrng3Fthtr,Twin XL,45
6qSmSYFQRj,Qrng3Fthtr,Full,29
nRtOIYDun8,Qrng3Fthtr,Full,24
sblZciDTls,UxfHExYuyG,Queen,43
1fKjS4JCV3,S8zTi00xfR,Twin,28
6saOyAWvxZ,NuPhAxlBZJ,Full,42
SoHqDPBpNU,SSRmmVv3fK,Full,29
RwdPsOsjwz,iPYpYRgcra,Twin,30
z9Tns3qnZd,2oXo7jOoTO,California King,26
1SAvpQYN5L,X2TeLCnuxt,King,45
X6RGLIzE6W,4V4wXGK9BV,California King,31
h01hhhDdVA,4mFkBSA9sZ,King,41
2rdNz43QBq,CwiCwtkAnz,King,30
GT33uqqq5D,cYEaSodNl8,California King,31
cdiArDYM4d,UUaVP0m5KI,California King,27
r51GhroIT7,qtKzuPsF0S,Twin XL,24
si0AxsIm6G,WPChc1fQ8u,Twin XL,29
dH0FQfwE4h,4OsyaTUMoa,California King,38
2WHYBFvyJt,kbFpBSOqNz,California King,42
dJzGgEyYct,oZWcycHe64,Queen,43
suK6IYXUDu,jlEA7LU9cJ,Twin,26
aYDW6yvRrW,WORJx0ZfHy,Queen,41
CxGmsL4X25,okooiKNnqU,Queen,27
KDmdI6TptV,NoemC8Mkpg,Queen,44
NVPcTENbU4,NoemC8Mkpg,Twin XL,37
XVjhwgLmLZ,g1th6LUjZM,King,36
DtUiCw3Gsp,jgwcq8gYMa,California King,34
VgdO7YYbm5,dwRQ8UH4FV,King,26
D5LJgDtmoK,dwRQ8UH4FV,King,39
T4bZ68wokN,7BZGLJD1O3,King,42
OoYpO5YfJz,re68B7vSvl,Queen,33
lHGkBlojS7,pR9ua5p2Yi,Twin,40
wutKVFv7dc,asp9peEKW2,Full,42
HImIKPgcZ4,GrCUiw8PJI,Twin XL,29
5TRWwBo6So,GrCUiw8PJI,Queen,31
