t0zQm7cW3y,3H7BBv3j7C,30
cSKIOFw4y3,uluou8izCd,25
HKulzVcoeb,0x1V8UVLqh,20
fP3czD8LE2,EOnkzmV7ND,10
4XdNKanfY1,FyAzhOpNly,22
At7FkrAz5m,IBvWjkFney,6
xIPIgfq4Nw,3H7BBv3j7C,21
yNQBPed8il,EOnkzmV7ND,3
5RDZWNp0Ym,06DeQdaf4X,25
8ECOfFZSgC,FyAzhOpNly,14
melHTEHLwx,xSCCF3BYWn,30
OlMLy3lAxu,7n94AZBOkB,16
pgIzvZVHvU,ATeybFIuTQ,18
yNQBPed8il,9kQZDUILDP,28
5RDZWNp0Ym,socFXUsXAD,29
zlfIelMBvJ,9Hzdyajzdu,9
4XdNKanfY1,QGoBUjHkki,1
TpptgU7FX1,socFXUsXAD,22
qXmeVuqTbV,x7FolH1EsA,27
NzAYYvt52I,ryNb8O1TRs,26
J0LCydt12J,ldbBahbqLj,17
yfoeX5juCK,7n94AZBOkB,15
OlMLy3lAxu,tRJBEnEFaO,26
KkhKbpyyjL,45AVHG6SDL,17
ybw22cNSbR,EMLwuAKAEG,22
3D5zIxPUZv,xSCCF3BYWn,16
neK7jlk7Q3,06DeQdaf4X,22
0gkU23fhbT,s56xoRSQrg,30
pgIzvZVHvU,06DeQdaf4X,20
dP83gpsQWL,FE34LTqb2p,23
TpptgU7FX1,VQtT65VuGn,29
TpptgU7FX1,Op8rarVKxa,2
h3FGPIJLg2,UhCJbQG0jF,28
a1Xzp6g1lw,uluou8izCd,25
8ECOfFZSgC,x7FolH1EsA,18
aD4TjXPcH4,xyEInQvE1U,1
yNQBPed8il,EMLwuAKAEG,14
zFKBJytSJL,3LnmekGoPa,20
ovQ6putrsI,xJZiBD5DIo,1
MLzleJ5V0b,xUMVYgBI7J,11
ouK68X0qN5,ZxsJeaFpg5,11
dP83gpsQWL,socFXUsXAD,18
fP3czD8LE2,7Hh3kV9mIX,9
zFKBJytSJL,cUrmX3GV4D,23
tFn9fPsMP4,x7FolH1EsA,15
TpptgU7FX1,WY3AmkQmxs,8
dP83gpsQWL,ldbBahbqLj,20
h3FGPIJLg2,xyEInQvE1U,5
lPq8mrgwNa,FVzpxLJFKK,2
qXmeVuqTbV,ryNb8O1TRs,19
fP3czD8LE2,uluou8izCd,15
TpptgU7FX1,xyEInQvE1U,6
V9Hpmiwt8j,5Hq7fF9aK0,21
ovQ6putrsI,QGoBUjHkki,28
lPq8mrgwNa,06DeQdaf4X,24
ovQ6putrsI,ATeybFIuTQ,26
qXmeVuqTbV,UhCJbQG0jF,8
J0LCydt12J,umALkT56Xy,20
5RDZWNp0Ym,3H7BBv3j7C,28
v7v1irrvkW,45AVHG6SDL,6
xIPIgfq4Nw,uluou8izCd,27
EvSnpy6ZPZ,ZcXBxuYu7W,5
TpptgU7FX1,xSCCF3BYWn,30
beYPqnGi9f,Dlq94L7rPh,6
We8s7hRTpS,8pYnVWzpzR,1
TpptgU7FX1,xSCCF3BYWn,28
EvSnpy6ZPZ,cUrmX3GV4D,15
zlfIelMBvJ,EMLwuAKAEG,14
V9Hpmiwt8j,WY3AmkQmxs,29
f0rRHPYQ9Z,VQtT65VuGn,24
0gkU23fhbT,xyEInQvE1U,2
5RDZWNp0Ym,Dlq94L7rPh,27
uzgPrVFAlV,xSCCF3BYWn,5
3D5zIxPUZv,VQtT65VuGn,26
a1Xzp6g1lw,s56xoRSQrg,9
jYAFe8xMkH,xJZiBD5DIo,9
ouK68X0qN5,9Hzdyajzdu,13
pgIzvZVHvU,ZxsJeaFpg5,22
fP3czD8LE2,5Hq7fF9aK0,25
MLzleJ5V0b,8pYnVWzpzR,24
ir8usiBnMh,ZxsJeaFpg5,18
0gkU23fhbT,Op8rarVKxa,6
beYPqnGi9f,FVzpxLJFKK,5
EvSnpy6ZPZ,45AVHG6SDL,25
yfoeX5juCK,dWuUGFOe1b,2
0gkU23fhbT,XIFO3VhtQH,27
aD4TjXPcH4,FyAzhOpNly,5
MLzleJ5V0b,ATeybFIuTQ,26
yfoeX5juCK,ryNb8O1TRs,17
fP3czD8LE2,x7FolH1EsA,5
3D5zIxPUZv,tRJBEnEFaO,16
NzAYYvt52I,EOnkzmV7ND,5
OlMLy3lAxu,dWuUGFOe1b,24
melHTEHLwx,tRJBEnEFaO,9
zlfIelMBvJ,FVzpxLJFKK,25
fP3czD8LE2,ATeybFIuTQ,2
zlfIelMBvJ,4hGbj2aBVR,18
neK7jlk7Q3,ldbBahbqLj,17
aD4TjXPcH4,uluou8izCd,9
sTctOqYifF,0x1V8UVLqh,2
t0zQm7cW3y,0OaJOGFGdD,11
pgIzvZVHvU,XIFO3VhtQH,20
qXmeVuqTbV,x7FolH1EsA,16
J0LCydt12J,VQtT65VuGn,20
ybw22cNSbR,xyEInQvE1U,13
qXmeVuqTbV,xyEInQvE1U,19
kqEMX4IMQf,FE34LTqb2p,16
NzAYYvt52I,5Hq7fF9aK0,30
ouK68X0qN5,QGoBUjHkki,3
fP3czD8LE2,5Hq7fF9aK0,18
aD4TjXPcH4,WY3AmkQmxs,2
pgIzvZVHvU,ldbBahbqLj,2
5RDZWNp0Ym,VQtT65VuGn,26
KkhKbpyyjL,4hGbj2aBVR,2
f0rRHPYQ9Z,xJZiBD5DIo,7
ovQ6putrsI,xUMVYgBI7J,10
ir8usiBnMh,8pYnVWzpzR,14
pgIzvZVHvU,QGoBUjHkki,27
fP3czD8LE2,ryNb8O1TRs,1
ovQ6putrsI,9kQZDUILDP,10
zFKBJytSJL,0x1V8UVLqh,5
TpptgU7FX1,ZcXBxuYu7W,5
neK7jlk7Q3,VQtT65VuGn,5
EvSnpy6ZPZ,4xp0ETTkc8,12
a1Xzp6g1lw,ATeybFIuTQ,30
We8s7hRTpS,5SKHZGJsjV,17
qXmeVuqTbV,3LnmekGoPa,17
qXmeVuqTbV,umALkT56Xy,4
TpptgU7FX1,9kQZDUILDP,10
8ECOfFZSgC,FyAzhOpNly,8
c8fx7r3u46,s9Fptw806W,8
xIPIgfq4Nw,45AVHG6SDL,18
TpptgU7FX1,8pYnVWzpzR,5
uzgPrVFAlV,3LnmekGoPa,28
h3FGPIJLg2,FE34LTqb2p,18
TpptgU7FX1,nZ4msLXxTY,8
At7FkrAz5m,FE34LTqb2p,19
uzgPrVFAlV,WY3AmkQmxs,14
ovQ6putrsI,tRJBEnEFaO,30
0gkU23fhbT,3LnmekGoPa,28
qXmeVuqTbV,xUMVYgBI7J,6
h3FGPIJLg2,UhCJbQG0jF,1
EvSnpy6ZPZ,VQtT65VuGn,27
uzgPrVFAlV,socFXUsXAD,26
5RDZWNp0Ym,QGoBUjHkki,25
TpptgU7FX1,0x1V8UVLqh,26
4XdNKanfY1,KQIGJ9eDk5,28
ir8usiBnMh,x7FolH1EsA,17
t0zQm7cW3y,45AVHG6SDL,6
TpptgU7FX1,xJZiBD5DIo,8
xIPIgfq4Nw,3H7BBv3j7C,19
0mslNHYadG,Op8rarVKxa,15
lPq8mrgwNa,Op8rarVKxa,8
ouK68X0qN5,VQtT65VuGn,22
yNQBPed8il,QGoBUjHkki,26
xIPIgfq4Nw,dWuUGFOe1b,9
3D5zIxPUZv,Op8rarVKxa,6
4XdNKanfY1,FE34LTqb2p,5
4XdNKanfY1,EOnkzmV7ND,10
tFn9fPsMP4,XIFO3VhtQH,30
8ECOfFZSgC,7n94AZBOkB,2
neK7jlk7Q3,nZ4msLXxTY,23
uzgPrVFAlV,3H7BBv3j7C,16
zlfIelMBvJ,45AVHG6SDL,16
4XdNKanfY1,ZxsJeaFpg5,8
zlfIelMBvJ,xyEInQvE1U,6
At7FkrAz5m,xSCCF3BYWn,13
ir8usiBnMh,wU1wdmKEca,15
v7v1irrvkW,socFXUsXAD,26
3D5zIxPUZv,WY3AmkQmxs,26
8ECOfFZSgC,EMLwuAKAEG,29
8ECOfFZSgC,KQIGJ9eDk5,7
yfoeX5juCK,FE34LTqb2p,24
5RDZWNp0Ym,45AVHG6SDL,18
uzgPrVFAlV,IBvWjkFney,21
tFn9fPsMP4,EMLwuAKAEG,21
5RDZWNp0Ym,EOnkzmV7ND,14
yNQBPed8il,8pYnVWzpzR,5
NzAYYvt52I,x7FolH1EsA,28
qXmeVuqTbV,socFXUsXAD,6
We8s7hRTpS,FE34LTqb2p,30
HKulzVcoeb,QGoBUjHkki,19
h3FGPIJLg2,7n94AZBOkB,19
EvSnpy6ZPZ,4xp0ETTkc8,1
V9Hpmiwt8j,7n94AZBOkB,20
EvSnpy6ZPZ,4xp0ETTkc8,16
melHTEHLwx,EOnkzmV7ND,2
ovQ6putrsI,4xp0ETTkc8,1
xIPIgfq4Nw,4xp0ETTkc8,8
v7v1irrvkW,xJZiBD5DIo,12
ybw22cNSbR,Op8rarVKxa,10
melHTEHLwx,VQtT65VuGn,20
f0rRHPYQ9Z,3H7BBv3j7C,21
neK7jlk7Q3,lGSxEQQ8bN,9
v7v1irrvkW,0OaJOGFGdD,7
jYAFe8xMkH,QGoBUjHkki,28
BLSjsNQ1vc,0OaJOGFGdD,13
3D5zIxPUZv,s9Fptw806W,28
neK7jlk7Q3,nZ4msLXxTY,29
neK7jlk7Q3,VQtT65VuGn,10
0mslNHYadG,06DeQdaf4X,29
zFKBJytSJL,ATeybFIuTQ,8
qXmeVuqTbV,45AVHG6SDL,25
J0LCydt12J,nZ4msLXxTY,14
NzAYYvt52I,s9Fptw806W,24
NzAYYvt52I,7Hh3kV9mIX,1
tFn9fPsMP4,5Hq7fF9aK0,2
yfoeX5juCK,5SKHZGJsjV,2
beYPqnGi9f,xSCCF3BYWn,2
h3FGPIJLg2,4xp0ETTkc8,14
3D5zIxPUZv,ldbBahbqLj,14
a1Xzp6g1lw,xSCCF3BYWn,17
melHTEHLwx,umALkT56Xy,4
cSKIOFw4y3,7Hh3kV9mIX,3
yfoeX5juCK,7n94AZBOkB,21
jYAFe8xMkH,wU1wdmKEca,26
t0zQm7cW3y,xJZiBD5DIo,18
t0zQm7cW3y,dWuUGFOe1b,14
TpptgU7FX1,06DeQdaf4X,29
lPq8mrgwNa,QGoBUjHkki,26
zlfIelMBvJ,ZcXBxuYu7W,5
h3FGPIJLg2,06DeQdaf4X,18
melHTEHLwx,VQtT65VuGn,3
ir8usiBnMh,socFXUsXAD,1
uzgPrVFAlV,dWuUGFOe1b,2
beYPqnGi9f,dWuUGFOe1b,21
beYPqnGi9f,9Hzdyajzdu,15
J0LCydt12J,ATeybFIuTQ,1
HKulzVcoeb,wU1wdmKEca,30
a1Xzp6g1lw,ryNb8O1TRs,16
OlMLy3lAxu,xyEInQvE1U,22
OlMLy3lAxu,9kQZDUILDP,4
fP3czD8LE2,dWuUGFOe1b,15
fP3czD8LE2,IBvWjkFney,10
KkhKbpyyjL,QGoBUjHkki,25
uzgPrVFAlV,8pYnVWzpzR,8
xIPIgfq4Nw,socFXUsXAD,8
tFn9fPsMP4,9Hzdyajzdu,28
pgIzvZVHvU,UhCJbQG0jF,25
zlfIelMBvJ,Dlq94L7rPh,3
fP3czD8LE2,KQIGJ9eDk5,3
neK7jlk7Q3,WY3AmkQmxs,4
We8s7hRTpS,0x1V8UVLqh,3
pgIzvZVHvU,FyAzhOpNly,30
v7v1irrvkW,8pYnVWzpzR,21
f0rRHPYQ9Z,IBvWjkFney,24
ir8usiBnMh,0x1V8UVLqh,17
h3FGPIJLg2,uluou8izCd,5
TpptgU7FX1,45AVHG6SDL,19
melHTEHLwx,socFXUsXAD,8
8ECOfFZSgC,7n94AZBOkB,10
lPq8mrgwNa,3H7BBv3j7C,24
KkhKbpyyjL,ATeybFIuTQ,5
h3FGPIJLg2,lGSxEQQ8bN,29
xIPIgfq4Nw,cUrmX3GV4D,12
zlfIelMBvJ,WY3AmkQmxs,17
0gkU23fhbT,dWuUGFOe1b,12
OlMLy3lAxu,3LnmekGoPa,15
dP83gpsQWL,s9Fptw806W,13
5RDZWNp0Ym,tRJBEnEFaO,5
a1Xzp6g1lw,uluou8izCd,6
melHTEHLwx,4hGbj2aBVR,6
TpptgU7FX1,s9Fptw806W,10
tFn9fPsMP4,3LnmekGoPa,21
melHTEHLwx,KQIGJ9eDk5,15
a1Xzp6g1lw,7Hh3kV9mIX,13
ybw22cNSbR,KQIGJ9eDk5,1
0mslNHYadG,x7FolH1EsA,23
EvSnpy6ZPZ,KQIGJ9eDk5,28
qXmeVuqTbV,IBvWjkFney,29
beYPqnGi9f,XIFO3VhtQH,29
At7FkrAz5m,4xp0ETTkc8,19
tFn9fPsMP4,7Hh3kV9mIX,11
cSKIOFw4y3,9kQZDUILDP,10
cSKIOFw4y3,xyEInQvE1U,30
c8fx7r3u46,nZ4msLXxTY,10
OlMLy3lAxu,umALkT56Xy,26
zFKBJytSJL,XIFO3VhtQH,9
HKulzVcoeb,socFXUsXAD,18
At7FkrAz5m,EMLwuAKAEG,11
yNQBPed8il,FyAzhOpNly,6
yNQBPed8il,dWuUGFOe1b,14
uzgPrVFAlV,xJZiBD5DIo,16
yfoeX5juCK,7n94AZBOkB,18
At7FkrAz5m,socFXUsXAD,18
fP3czD8LE2,Dlq94L7rPh,20
5RDZWNp0Ym,tRJBEnEFaO,23
NzAYYvt52I,xJZiBD5DIo,1
4XdNKanfY1,ryNb8O1TRs,7
BLSjsNQ1vc,0x1V8UVLqh,15
ovQ6putrsI,FE34LTqb2p,28
yNQBPed8il,FE34LTqb2p,25
NzAYYvt52I,tRJBEnEFaO,12
aD4TjXPcH4,nZ4msLXxTY,21
melHTEHLwx,WY3AmkQmxs,8
lPq8mrgwNa,QGoBUjHkki,24
BLSjsNQ1vc,cUrmX3GV4D,17
sTctOqYifF,KQIGJ9eDk5,7
8ECOfFZSgC,4hGbj2aBVR,17
RN79gsWcLP,ATeybFIuTQ,9
t0zQm7cW3y,wU1wdmKEca,6
c8fx7r3u46,9kQZDUILDP,22
ir8usiBnMh,cUrmX3GV4D,28
RN79gsWcLP,IBvWjkFney,26
f0rRHPYQ9Z,xyEInQvE1U,29
J0LCydt12J,xSCCF3BYWn,29
lPq8mrgwNa,lGSxEQQ8bN,17
ir8usiBnMh,ldbBahbqLj,13
ybw22cNSbR,VQtT65VuGn,10
beYPqnGi9f,7Hh3kV9mIX,30
ir8usiBnMh,4hGbj2aBVR,3
cSKIOFw4y3,7n94AZBOkB,13
a1Xzp6g1lw,x7FolH1EsA,23
fP3czD8LE2,7Hh3kV9mIX,30
kqEMX4IMQf,9kQZDUILDP,13
kqEMX4IMQf,wU1wdmKEca,3
ir8usiBnMh,5Hq7fF9aK0,14
uzgPrVFAlV,Dlq94L7rPh,23
jYAFe8xMkH,XIFO3VhtQH,23
sTctOqYifF,KQIGJ9eDk5,9
4XdNKanfY1,wU1wdmKEca,8
yfoeX5juCK,4xp0ETTkc8,13
5RDZWNp0Ym,uluou8izCd,5
TpptgU7FX1,7n94AZBOkB,24
pgIzvZVHvU,06DeQdaf4X,22
tFn9fPsMP4,7Hh3kV9mIX,21
qXmeVuqTbV,Op8rarVKxa,11
qXmeVuqTbV,3LnmekGoPa,23
8ECOfFZSgC,FyAzhOpNly,16
We8s7hRTpS,0OaJOGFGdD,7
f0rRHPYQ9Z,socFXUsXAD,26
8ECOfFZSgC,3H7BBv3j7C,9
ir8usiBnMh,WY3AmkQmxs,29
aD4TjXPcH4,0x1V8UVLqh,8
neK7jlk7Q3,x7FolH1EsA,19
NzAYYvt52I,FE34LTqb2p,23
3D5zIxPUZv,7n94AZBOkB,3
cSKIOFw4y3,8pYnVWzpzR,11
HKulzVcoeb,EMLwuAKAEG,13
a1Xzp6g1lw,4xp0ETTkc8,5
c8fx7r3u46,WY3AmkQmxs,11
uzgPrVFAlV,UhCJbQG0jF,5
ir8usiBnMh,Op8rarVKxa,7
beYPqnGi9f,9Hzdyajzdu,1
t0zQm7cW3y,wU1wdmKEca,18
beYPqnGi9f,xSCCF3BYWn,11
ovQ6putrsI,cUrmX3GV4D,25
4XdNKanfY1,0OaJOGFGdD,24
TpptgU7FX1,06DeQdaf4X,16
v7v1irrvkW,EMLwuAKAEG,8
dP83gpsQWL,xJZiBD5DIo,9
We8s7hRTpS,lGSxEQQ8bN,22
ovQ6putrsI,9kQZDUILDP,25
EvSnpy6ZPZ,FVzpxLJFKK,6
t0zQm7cW3y,wU1wdmKEca,10
0mslNHYadG,9kQZDUILDP,28
yNQBPed8il,Dlq94L7rPh,15
We8s7hRTpS,xyEInQvE1U,3
5RDZWNp0Ym,XIFO3VhtQH,6
4XdNKanfY1,FyAzhOpNly,14
ouK68X0qN5,8pYnVWzpzR,28
At7FkrAz5m,VQtT65VuGn,10
v7v1irrvkW,0x1V8UVLqh,24
0mslNHYadG,0x1V8UVLqh,12
fP3czD8LE2,7Hh3kV9mIX,29
0mslNHYadG,45AVHG6SDL,30
At7FkrAz5m,0OaJOGFGdD,8
0mslNHYadG,wU1wdmKEca,19
aD4TjXPcH4,0x1V8UVLqh,24
RN79gsWcLP,s56xoRSQrg,19
c8fx7r3u46,0OaJOGFGdD,23
5RDZWNp0Ym,uluou8izCd,5
yfoeX5juCK,xyEInQvE1U,16
V9Hpmiwt8j,FyAzhOpNly,18
3D5zIxPUZv,xSCCF3BYWn,17
ouK68X0qN5,KQIGJ9eDk5,19
v7v1irrvkW,QGoBUjHkki,13
5RDZWNp0Ym,socFXUsXAD,15
0mslNHYadG,xyEInQvE1U,14
TpptgU7FX1,WY3AmkQmxs,11
BLSjsNQ1vc,ryNb8O1TRs,14
jYAFe8xMkH,QGoBUjHkki,22
3D5zIxPUZv,x7FolH1EsA,3
At7FkrAz5m,3H7BBv3j7C,1
zlfIelMBvJ,06DeQdaf4X,15
ir8usiBnMh,dWuUGFOe1b,12
f0rRHPYQ9Z,3H7BBv3j7C,19
zlfIelMBvJ,4xp0ETTkc8,26
At7FkrAz5m,ryNb8O1TRs,13
4XdNKanfY1,FyAzhOpNly,28
dP83gpsQWL,ryNb8O1TRs,18
f0rRHPYQ9Z,socFXUsXAD,8
BLSjsNQ1vc,KQIGJ9eDk5,25
wWfOAIZnx9,ATeybFIuTQ,17
0gkU23fhbT,uluou8izCd,15
ouK68X0qN5,xUMVYgBI7J,24
ouK68X0qN5,WY3AmkQmxs,21
EvSnpy6ZPZ,3H7BBv3j7C,18
kqEMX4IMQf,3LnmekGoPa,22
ir8usiBnMh,s56xoRSQrg,18
ovQ6putrsI,IBvWjkFney,3
sTctOqYifF,wU1wdmKEca,1
kqEMX4IMQf,xUMVYgBI7J,13
0gkU23fhbT,xJZiBD5DIo,20
J0LCydt12J,ldbBahbqLj,18
kqEMX4IMQf,Op8rarVKxa,1
We8s7hRTpS,0x1V8UVLqh,6
0gkU23fhbT,0OaJOGFGdD,5
ovQ6putrsI,ZxsJeaFpg5,22
v7v1irrvkW,4xp0ETTkc8,7
aD4TjXPcH4,9kQZDUILDP,21
wWfOAIZnx9,tRJBEnEFaO,9
sTctOqYifF,FE34LTqb2p,17
sTctOqYifF,xyEInQvE1U,12
ybw22cNSbR,Op8rarVKxa,20
0gkU23fhbT,ldbBahbqLj,11
cSKIOFw4y3,4xp0ETTkc8,14
zFKBJytSJL,nZ4msLXxTY,13
yNQBPed8il,nZ4msLXxTY,15
4XdNKanfY1,Op8rarVKxa,13
0gkU23fhbT,45AVHG6SDL,17
f0rRHPYQ9Z,nZ4msLXxTY,11
melHTEHLwx,3LnmekGoPa,25
c8fx7r3u46,x7FolH1EsA,1
pgIzvZVHvU,ryNb8O1TRs,4
EvSnpy6ZPZ,umALkT56Xy,9
t0zQm7cW3y,ryNb8O1TRs,5
OlMLy3lAxu,FVzpxLJFKK,23
sTctOqYifF,9kQZDUILDP,17
ouK68X0qN5,4hGbj2aBVR,27
8ECOfFZSgC,EMLwuAKAEG,8
lPq8mrgwNa,dWuUGFOe1b,24
3D5zIxPUZv,8pYnVWzpzR,15
yNQBPed8il,dWuUGFOe1b,16
zlfIelMBvJ,QGoBUjHkki,1
V9Hpmiwt8j,s9Fptw806W,20
jYAFe8xMkH,socFXUsXAD,6
J0LCydt12J,EMLwuAKAEG,22
t0zQm7cW3y,wU1wdmKEca,14
BLSjsNQ1vc,7Hh3kV9mIX,17
We8s7hRTpS,4xp0ETTkc8,13
lPq8mrgwNa,uluou8izCd,28
V9Hpmiwt8j,FyAzhOpNly,24
a1Xzp6g1lw,EMLwuAKAEG,29
fP3czD8LE2,x7FolH1EsA,12
zFKBJytSJL,8pYnVWzpzR,3
neK7jlk7Q3,7Hh3kV9mIX,18
v7v1irrvkW,dWuUGFOe1b,3
aD4TjXPcH4,KQIGJ9eDk5,24
wWfOAIZnx9,KQIGJ9eDk5,10
cSKIOFw4y3,socFXUsXAD,18
BLSjsNQ1vc,tRJBEnEFaO,29
V9Hpmiwt8j,EMLwuAKAEG,27
f0rRHPYQ9Z,5Hq7fF9aK0,19
5RDZWNp0Ym,ZxsJeaFpg5,6
4XdNKanfY1,9Hzdyajzdu,28
dP83gpsQWL,7n94AZBOkB,26
kqEMX4IMQf,ZcXBxuYu7W,12
melHTEHLwx,ryNb8O1TRs,10
fP3czD8LE2,xJZiBD5DIo,14
f0rRHPYQ9Z,FE34LTqb2p,21
MLzleJ5V0b,Op8rarVKxa,9
h3FGPIJLg2,ATeybFIuTQ,5
beYPqnGi9f,VQtT65VuGn,6
neK7jlk7Q3,FE34LTqb2p,12
lPq8mrgwNa,5SKHZGJsjV,17
lPq8mrgwNa,cUrmX3GV4D,24
J0LCydt12J,xyEInQvE1U,8
melHTEHLwx,8pYnVWzpzR,21
ybw22cNSbR,FE34LTqb2p,28
4XdNKanfY1,XIFO3VhtQH,26
c8fx7r3u46,9Hzdyajzdu,12
h3FGPIJLg2,s56xoRSQrg,12
0gkU23fhbT,xyEInQvE1U,3
3D5zIxPUZv,FyAzhOpNly,1
fP3czD8LE2,tRJBEnEFaO,29
ir8usiBnMh,socFXUsXAD,22
zlfIelMBvJ,WY3AmkQmxs,3
neK7jlk7Q3,7n94AZBOkB,5
uzgPrVFAlV,ZcXBxuYu7W,22
EvSnpy6ZPZ,ldbBahbqLj,4
OlMLy3lAxu,KQIGJ9eDk5,8
cSKIOFw4y3,dWuUGFOe1b,18
TpptgU7FX1,7n94AZBOkB,7
zFKBJytSJL,0x1V8UVLqh,13
cSKIOFw4y3,ldbBahbqLj,18
jYAFe8xMkH,xUMVYgBI7J,12
tFn9fPsMP4,9Hzdyajzdu,5
pgIzvZVHvU,3H7BBv3j7C,12
V9Hpmiwt8j,ldbBahbqLj,29
ovQ6putrsI,ATeybFIuTQ,1
aD4TjXPcH4,0OaJOGFGdD,25
f0rRHPYQ9Z,5Hq7fF9aK0,4
MLzleJ5V0b,3H7BBv3j7C,29
lPq8mrgwNa,lGSxEQQ8bN,20
t0zQm7cW3y,uluou8izCd,3
dP83gpsQWL,KQIGJ9eDk5,16
ouK68X0qN5,ZcXBxuYu7W,17
yNQBPed8il,4xp0ETTkc8,28
uzgPrVFAlV,QGoBUjHkki,6
0mslNHYadG,IBvWjkFney,9
aD4TjXPcH4,s9Fptw806W,24
c8fx7r3u46,umALkT56Xy,1
MLzleJ5V0b,4hGbj2aBVR,21
jYAFe8xMkH,FE34LTqb2p,12
neK7jlk7Q3,FE34LTqb2p,15
V9Hpmiwt8j,9Hzdyajzdu,13
yfoeX5juCK,uluou8izCd,6
qXmeVuqTbV,EMLwuAKAEG,13
OlMLy3lAxu,xJZiBD5DIo,17
TpptgU7FX1,7Hh3kV9mIX,18
xIPIgfq4Nw,06DeQdaf4X,19
ir8usiBnMh,9Hzdyajzdu,18
ouK68X0qN5,3H7BBv3j7C,8
HKulzVcoeb,FVzpxLJFKK,23
zlfIelMBvJ,45AVHG6SDL,6
3D5zIxPUZv,QGoBUjHkki,27
kqEMX4IMQf,5Hq7fF9aK0,6
uzgPrVFAlV,FyAzhOpNly,28
HKulzVcoeb,s56xoRSQrg,9
sTctOqYifF,8pYnVWzpzR,8
cSKIOFw4y3,9Hzdyajzdu,1
lPq8mrgwNa,ZcXBxuYu7W,13
xIPIgfq4Nw,VQtT65VuGn,24
wWfOAIZnx9,7Hh3kV9mIX,5
c8fx7r3u46,0x1V8UVLqh,2
beYPqnGi9f,0OaJOGFGdD,15
kqEMX4IMQf,9kQZDUILDP,23
tFn9fPsMP4,cUrmX3GV4D,2
At7FkrAz5m,nZ4msLXxTY,21
sTctOqYifF,Dlq94L7rPh,20
melHTEHLwx,45AVHG6SDL,20
ybw22cNSbR,umALkT56Xy,16
EvSnpy6ZPZ,4xp0ETTkc8,7
cSKIOFw4y3,nZ4msLXxTY,13
OlMLy3lAxu,xUMVYgBI7J,14
pgIzvZVHvU,lGSxEQQ8bN,6
At7FkrAz5m,7n94AZBOkB,15
TpptgU7FX1,nZ4msLXxTY,17
uzgPrVFAlV,uluou8izCd,10
melHTEHLwx,5Hq7fF9aK0,2
v7v1irrvkW,XIFO3VhtQH,21
uzgPrVFAlV,06DeQdaf4X,5
kqEMX4IMQf,WY3AmkQmxs,27
0gkU23fhbT,5SKHZGJsjV,1
xIPIgfq4Nw,4xp0ETTkc8,27
aD4TjXPcH4,s56xoRSQrg,10
jYAFe8xMkH,wU1wdmKEca,11
aD4TjXPcH4,dWuUGFOe1b,16
pgIzvZVHvU,xUMVYgBI7J,8
cSKIOFw4y3,5Hq7fF9aK0,2
sTctOqYifF,9kQZDUILDP,16
3D5zIxPUZv,QGoBUjHkki,6
yNQBPed8il,9kQZDUILDP,14
MLzleJ5V0b,xUMVYgBI7J,16
qXmeVuqTbV,8pYnVWzpzR,10
zFKBJytSJL,ZxsJeaFpg5,3
HKulzVcoeb,UhCJbQG0jF,27
zFKBJytSJL,0OaJOGFGdD,19
c8fx7r3u46,FVzpxLJFKK,25
h3FGPIJLg2,xJZiBD5DIo,4
dP83gpsQWL,7Hh3kV9mIX,18
cSKIOFw4y3,EOnkzmV7ND,28
dP83gpsQWL,x7FolH1EsA,26
cSKIOFw4y3,0x1V8UVLqh,22
zFKBJytSJL,ATeybFIuTQ,9
NzAYYvt52I,5Hq7fF9aK0,1
xIPIgfq4Nw,ldbBahbqLj,3
yfoeX5juCK,IBvWjkFney,11
We8s7hRTpS,3LnmekGoPa,11
NzAYYvt52I,VQtT65VuGn,14
ybw22cNSbR,ZcXBxuYu7W,26
BLSjsNQ1vc,5SKHZGJsjV,6
8ECOfFZSgC,xUMVYgBI7J,15
fP3czD8LE2,8pYnVWzpzR,12
TpptgU7FX1,lGSxEQQ8bN,14
neK7jlk7Q3,8pYnVWzpzR,10
0mslNHYadG,3LnmekGoPa,29
5RDZWNp0Ym,3H7BBv3j7C,27
cSKIOFw4y3,x7FolH1EsA,18
V9Hpmiwt8j,xUMVYgBI7J,21
tFn9fPsMP4,5Hq7fF9aK0,29
sTctOqYifF,lGSxEQQ8bN,27
lPq8mrgwNa,Dlq94L7rPh,11
3D5zIxPUZv,nZ4msLXxTY,6
pgIzvZVHvU,socFXUsXAD,9
At7FkrAz5m,4hGbj2aBVR,12
xIPIgfq4Nw,5SKHZGJsjV,10
OlMLy3lAxu,EMLwuAKAEG,26
t0zQm7cW3y,x7FolH1EsA,26
melHTEHLwx,7n94AZBOkB,2
5RDZWNp0Ym,dWuUGFOe1b,16
3D5zIxPUZv,FE34LTqb2p,21
neK7jlk7Q3,umALkT56Xy,23
At7FkrAz5m,5Hq7fF9aK0,5
sTctOqYifF,EOnkzmV7ND,20
v7v1irrvkW,tRJBEnEFaO,24
At7FkrAz5m,lGSxEQQ8bN,20
jYAFe8xMkH,uluou8izCd,11
3D5zIxPUZv,wU1wdmKEca,20
fP3czD8LE2,EOnkzmV7ND,6
MLzleJ5V0b,lGSxEQQ8bN,5
NzAYYvt52I,IBvWjkFney,7
cSKIOFw4y3,s56xoRSQrg,9
ybw22cNSbR,KQIGJ9eDk5,16
fP3czD8LE2,tRJBEnEFaO,27
5RDZWNp0Ym,VQtT65VuGn,21
aD4TjXPcH4,8pYnVWzpzR,17
lPq8mrgwNa,0OaJOGFGdD,7
aD4TjXPcH4,5SKHZGJsjV,12
zFKBJytSJL,x7FolH1EsA,29
NzAYYvt52I,Dlq94L7rPh,19
ybw22cNSbR,wU1wdmKEca,8
xIPIgfq4Nw,s9Fptw806W,29
EvSnpy6ZPZ,3H7BBv3j7C,22
ir8usiBnMh,7Hh3kV9mIX,9
TpptgU7FX1,x7FolH1EsA,6
NzAYYvt52I,dWuUGFOe1b,10
0mslNHYadG,lGSxEQQ8bN,27
At7FkrAz5m,WY3AmkQmxs,2
neK7jlk7Q3,ATeybFIuTQ,15
h3FGPIJLg2,UhCJbQG0jF,9
3D5zIxPUZv,WY3AmkQmxs,9
TpptgU7FX1,nZ4msLXxTY,5
a1Xzp6g1lw,FVzpxLJFKK,28
qXmeVuqTbV,7Hh3kV9mIX,9
beYPqnGi9f,EOnkzmV7ND,18
melHTEHLwx,8pYnVWzpzR,17
v7v1irrvkW,7Hh3kV9mIX,20
5RDZWNp0Ym,WY3AmkQmxs,19
qXmeVuqTbV,VQtT65VuGn,30
ouK68X0qN5,s56xoRSQrg,2
uzgPrVFAlV,ldbBahbqLj,24
At7FkrAz5m,UhCJbQG0jF,4
At7FkrAz5m,WY3AmkQmxs,6
We8s7hRTpS,8pYnVWzpzR,15
8ECOfFZSgC,8pYnVWzpzR,19
V9Hpmiwt8j,socFXUsXAD,14
zFKBJytSJL,FyAzhOpNly,18
aD4TjXPcH4,FE34LTqb2p,14
tFn9fPsMP4,Dlq94L7rPh,19
fP3czD8LE2,FVzpxLJFKK,29
NzAYYvt52I,ZcXBxuYu7W,13
0gkU23fhbT,7Hh3kV9mIX,29
t0zQm7cW3y,Dlq94L7rPh,9
ouK68X0qN5,xJZiBD5DIo,10
lPq8mrgwNa,06DeQdaf4X,16
qXmeVuqTbV,ryNb8O1TRs,28
We8s7hRTpS,tRJBEnEFaO,29
V9Hpmiwt8j,7Hh3kV9mIX,15
At7FkrAz5m,lGSxEQQ8bN,21
dP83gpsQWL,06DeQdaf4X,18
4XdNKanfY1,tRJBEnEFaO,17
MLzleJ5V0b,5Hq7fF9aK0,7
melHTEHLwx,06DeQdaf4X,23
EvSnpy6ZPZ,06DeQdaf4X,26
yNQBPed8il,WY3AmkQmxs,24
qXmeVuqTbV,x7FolH1EsA,25
uzgPrVFAlV,0x1V8UVLqh,4
0gkU23fhbT,QGoBUjHkki,7
beYPqnGi9f,4hGbj2aBVR,6
kqEMX4IMQf,IBvWjkFney,12
v7v1irrvkW,s56xoRSQrg,9
beYPqnGi9f,WY3AmkQmxs,21
yfoeX5juCK,FyAzhOpNly,1
v7v1irrvkW,IBvWjkFney,17
jYAFe8xMkH,4xp0ETTkc8,22
yfoeX5juCK,06DeQdaf4X,4
t0zQm7cW3y,QGoBUjHkki,25
8ECOfFZSgC,UhCJbQG0jF,25
xIPIgfq4Nw,s56xoRSQrg,28
fP3czD8LE2,9kQZDUILDP,19
dP83gpsQWL,0OaJOGFGdD,27
aD4TjXPcH4,WY3AmkQmxs,26
a1Xzp6g1lw,WY3AmkQmxs,16
MLzleJ5V0b,8pYnVWzpzR,15
c8fx7r3u46,ryNb8O1TRs,3
We8s7hRTpS,Dlq94L7rPh,26
TpptgU7FX1,EMLwuAKAEG,20
jYAFe8xMkH,3LnmekGoPa,28
5RDZWNp0Ym,IBvWjkFney,3
We8s7hRTpS,ZcXBxuYu7W,6
At7FkrAz5m,FE34LTqb2p,10
NzAYYvt52I,lGSxEQQ8bN,10
melHTEHLwx,xJZiBD5DIo,8
0gkU23fhbT,7Hh3kV9mIX,10
uzgPrVFAlV,WY3AmkQmxs,6
h3FGPIJLg2,ZxsJeaFpg5,10
EvSnpy6ZPZ,0OaJOGFGdD,3
5RDZWNp0Ym,45AVHG6SDL,12
TpptgU7FX1,5Hq7fF9aK0,11
8ECOfFZSgC,45AVHG6SDL,11
RN79gsWcLP,umALkT56Xy,27
0mslNHYadG,0x1V8UVLqh,18
neK7jlk7Q3,3H7BBv3j7C,8
We8s7hRTpS,wU1wdmKEca,12
h3FGPIJLg2,FyAzhOpNly,19
jYAFe8xMkH,QGoBUjHkki,6
HKulzVcoeb,0OaJOGFGdD,25
ovQ6putrsI,3LnmekGoPa,1
3D5zIxPUZv,s9Fptw806W,6
yNQBPed8il,x7FolH1EsA,21
KkhKbpyyjL,Dlq94L7rPh,23
V9Hpmiwt8j,KQIGJ9eDk5,24
lPq8mrgwNa,Op8rarVKxa,30
KkhKbpyyjL,wU1wdmKEca,18
RN79gsWcLP,cUrmX3GV4D,16
0gkU23fhbT,06DeQdaf4X,28
NzAYYvt52I,x7FolH1EsA,29
ouK68X0qN5,xJZiBD5DIo,16
ouK68X0qN5,0x1V8UVLqh,24
4XdNKanfY1,ZxsJeaFpg5,3
5RDZWNp0Ym,Dlq94L7rPh,3
V9Hpmiwt8j,xJZiBD5DIo,8
OlMLy3lAxu,QGoBUjHkki,7
TpptgU7FX1,nZ4msLXxTY,18
BLSjsNQ1vc,7n94AZBOkB,12
HKulzVcoeb,ryNb8O1TRs,9
We8s7hRTpS,xJZiBD5DIo,2
8ECOfFZSgC,7n94AZBOkB,2
BLSjsNQ1vc,9kQZDUILDP,6
MLzleJ5V0b,QGoBUjHkki,12
h3FGPIJLg2,9kQZDUILDP,4
yfoeX5juCK,FVzpxLJFKK,3
0gkU23fhbT,EMLwuAKAEG,26
dP83gpsQWL,xJZiBD5DIo,12
ir8usiBnMh,ZxsJeaFpg5,12
At7FkrAz5m,lGSxEQQ8bN,15
lPq8mrgwNa,dWuUGFOe1b,10
0mslNHYadG,VQtT65VuGn,20
TpptgU7FX1,nZ4msLXxTY,16
neK7jlk7Q3,4hGbj2aBVR,12
f0rRHPYQ9Z,ATeybFIuTQ,20
ir8usiBnMh,ZxsJeaFpg5,11
4XdNKanfY1,FyAzhOpNly,2
qXmeVuqTbV,wU1wdmKEca,10
4XdNKanfY1,UhCJbQG0jF,21
zFKBJytSJL,ZcXBxuYu7W,30
c8fx7r3u46,dWuUGFOe1b,30
kqEMX4IMQf,0x1V8UVLqh,1
HKulzVcoeb,tRJBEnEFaO,18
3D5zIxPUZv,Op8rarVKxa,25
0mslNHYadG,s56xoRSQrg,21
EvSnpy6ZPZ,umALkT56Xy,4
f0rRHPYQ9Z,cUrmX3GV4D,27
EvSnpy6ZPZ,IBvWjkFney,28
We8s7hRTpS,9kQZDUILDP,21
V9Hpmiwt8j,45AVHG6SDL,25
melHTEHLwx,ryNb8O1TRs,25
3D5zIxPUZv,FyAzhOpNly,5
a1Xzp6g1lw,4hGbj2aBVR,5
NzAYYvt52I,UhCJbQG0jF,13
t0zQm7cW3y,7Hh3kV9mIX,27
8ECOfFZSgC,FVzpxLJFKK,13
EvSnpy6ZPZ,3LnmekGoPa,30
dP83gpsQWL,ATeybFIuTQ,23
melHTEHLwx,5SKHZGJsjV,10
5RDZWNp0Ym,x7FolH1EsA,19
cSKIOFw4y3,EMLwuAKAEG,1
melHTEHLwx,XIFO3VhtQH,21
v7v1irrvkW,xJZiBD5DIo,7
KkhKbpyyjL,lGSxEQQ8bN,18
fP3czD8LE2,cUrmX3GV4D,4
3D5zIxPUZv,Op8rarVKxa,16
wWfOAIZnx9,xyEInQvE1U,27
xIPIgfq4Nw,dWuUGFOe1b,14
wWfOAIZnx9,FVzpxLJFKK,28
3D5zIxPUZv,lGSxEQQ8bN,10
qXmeVuqTbV,0x1V8UVLqh,5
jYAFe8xMkH,4xp0ETTkc8,4
KkhKbpyyjL,xyEInQvE1U,18
beYPqnGi9f,9kQZDUILDP,13
NzAYYvt52I,uluou8izCd,24
jYAFe8xMkH,dWuUGFOe1b,29
cSKIOFw4y3,ZcXBxuYu7W,29
V9Hpmiwt8j,Op8rarVKxa,10
cSKIOFw4y3,umALkT56Xy,21
ouK68X0qN5,lGSxEQQ8bN,9
NzAYYvt52I,cUrmX3GV4D,19
uzgPrVFAlV,s9Fptw806W,14
TpptgU7FX1,ZxsJeaFpg5,7
8ECOfFZSgC,IBvWjkFney,8
We8s7hRTpS,socFXUsXAD,30
4XdNKanfY1,ZcXBxuYu7W,29
NzAYYvt52I,FVzpxLJFKK,16
kqEMX4IMQf,lGSxEQQ8bN,25
J0LCydt12J,s56xoRSQrg,24
We8s7hRTpS,8pYnVWzpzR,21
At7FkrAz5m,0OaJOGFGdD,3
J0LCydt12J,umALkT56Xy,8
ybw22cNSbR,EOnkzmV7ND,16
beYPqnGi9f,FE34LTqb2p,24
We8s7hRTpS,umALkT56Xy,24
lPq8mrgwNa,9Hzdyajzdu,6
EvSnpy6ZPZ,06DeQdaf4X,30
dP83gpsQWL,4hGbj2aBVR,27
h3FGPIJLg2,06DeQdaf4X,14
neK7jlk7Q3,socFXUsXAD,27
beYPqnGi9f,FyAzhOpNly,5
V9Hpmiwt8j,umALkT56Xy,17
OlMLy3lAxu,FE34LTqb2p,19
HKulzVcoeb,8pYnVWzpzR,26
sTctOqYifF,ryNb8O1TRs,28
V9Hpmiwt8j,cUrmX3GV4D,27
a1Xzp6g1lw,ZcXBxuYu7W,16
ir8usiBnMh,dWuUGFOe1b,17
OlMLy3lAxu,ryNb8O1TRs,12
pgIzvZVHvU,wU1wdmKEca,24
KkhKbpyyjL,45AVHG6SDL,6
0gkU23fhbT,IBvWjkFney,28
8ECOfFZSgC,IBvWjkFney,8
fP3czD8LE2,ATeybFIuTQ,14
dP83gpsQWL,7Hh3kV9mIX,14
yfoeX5juCK,cUrmX3GV4D,30
J0LCydt12J,WY3AmkQmxs,25
KkhKbpyyjL,socFXUsXAD,10
wWfOAIZnx9,FE34LTqb2p,26
KkhKbpyyjL,KQIGJ9eDk5,26
yNQBPed8il,5Hq7fF9aK0,15
melHTEHLwx,4hGbj2aBVR,23
a1Xzp6g1lw,3H7BBv3j7C,9
EvSnpy6ZPZ,ATeybFIuTQ,2
a1Xzp6g1lw,lGSxEQQ8bN,4
fP3czD8LE2,FyAzhOpNly,11
BLSjsNQ1vc,FVzpxLJFKK,25
TpptgU7FX1,7n94AZBOkB,5
zlfIelMBvJ,s56xoRSQrg,8
xIPIgfq4Nw,7n94AZBOkB,12
8ECOfFZSgC,ZcXBxuYu7W,29
OlMLy3lAxu,06DeQdaf4X,15
ouK68X0qN5,socFXUsXAD,10
yfoeX5juCK,FE34LTqb2p,23
aD4TjXPcH4,Dlq94L7rPh,11
5RDZWNp0Ym,tRJBEnEFaO,29
melHTEHLwx,Dlq94L7rPh,19
c8fx7r3u46,EOnkzmV7ND,12
beYPqnGi9f,FyAzhOpNly,4
f0rRHPYQ9Z,9Hzdyajzdu,8
cSKIOFw4y3,EOnkzmV7ND,1
dP83gpsQWL,uluou8izCd,8
KkhKbpyyjL,FE34LTqb2p,10
kqEMX4IMQf,s9Fptw806W,10
h3FGPIJLg2,XIFO3VhtQH,12
TpptgU7FX1,QGoBUjHkki,23
neK7jlk7Q3,umALkT56Xy,28
ir8usiBnMh,UhCJbQG0jF,24
ovQ6putrsI,cUrmX3GV4D,18
yNQBPed8il,EMLwuAKAEG,2
fP3czD8LE2,WY3AmkQmxs,28
ovQ6putrsI,5SKHZGJsjV,6
HKulzVcoeb,socFXUsXAD,9
pgIzvZVHvU,FE34LTqb2p,2
V9Hpmiwt8j,EMLwuAKAEG,18
dP83gpsQWL,06DeQdaf4X,15
cSKIOFw4y3,ldbBahbqLj,6
MLzleJ5V0b,QGoBUjHkki,29
wWfOAIZnx9,xJZiBD5DIo,5
0mslNHYadG,KQIGJ9eDk5,6
lPq8mrgwNa,FE34LTqb2p,3
4XdNKanfY1,xSCCF3BYWn,1
ir8usiBnMh,VQtT65VuGn,20
0mslNHYadG,ATeybFIuTQ,21
jYAFe8xMkH,7n94AZBOkB,4
BLSjsNQ1vc,uluou8izCd,15
neK7jlk7Q3,ATeybFIuTQ,13
ovQ6putrsI,9kQZDUILDP,27
KkhKbpyyjL,FyAzhOpNly,22
MLzleJ5V0b,45AVHG6SDL,5
t0zQm7cW3y,cUrmX3GV4D,24
neK7jlk7Q3,IBvWjkFney,21
zFKBJytSJL,4hGbj2aBVR,7
beYPqnGi9f,06DeQdaf4X,28
ir8usiBnMh,VQtT65VuGn,21
We8s7hRTpS,tRJBEnEFaO,6
4XdNKanfY1,FVzpxLJFKK,11
zFKBJytSJL,5Hq7fF9aK0,9
zFKBJytSJL,dWuUGFOe1b,30
KkhKbpyyjL,ryNb8O1TRs,14
yNQBPed8il,lGSxEQQ8bN,17
J0LCydt12J,umALkT56Xy,6
RN79gsWcLP,ZcXBxuYu7W,4
cSKIOFw4y3,IBvWjkFney,24
EvSnpy6ZPZ,s56xoRSQrg,6
a1Xzp6g1lw,EOnkzmV7ND,30
f0rRHPYQ9Z,FE34LTqb2p,4
8ECOfFZSgC,QGoBUjHkki,6
3D5zIxPUZv,xUMVYgBI7J,13
HKulzVcoeb,xyEInQvE1U,16
cSKIOFw4y3,5Hq7fF9aK0,15
a1Xzp6g1lw,wU1wdmKEca,28
t0zQm7cW3y,ZxsJeaFpg5,19
OlMLy3lAxu,FE34LTqb2p,5
ouK68X0qN5,EOnkzmV7ND,2
EvSnpy6ZPZ,s56xoRSQrg,3
c8fx7r3u46,FyAzhOpNly,20
xIPIgfq4Nw,s9Fptw806W,2
wWfOAIZnx9,0x1V8UVLqh,8
HKulzVcoeb,06DeQdaf4X,15
beYPqnGi9f,9Hzdyajzdu,16
tFn9fPsMP4,xSCCF3BYWn,1
ouK68X0qN5,x7FolH1EsA,21
5RDZWNp0Ym,ldbBahbqLj,2
pgIzvZVHvU,wU1wdmKEca,14
jYAFe8xMkH,FE34LTqb2p,21
8ECOfFZSgC,3LnmekGoPa,14
ouK68X0qN5,wU1wdmKEca,2
t0zQm7cW3y,ZcXBxuYu7W,11
tFn9fPsMP4,xSCCF3BYWn,14
8ECOfFZSgC,Dlq94L7rPh,18
kqEMX4IMQf,9kQZDUILDP,19
fP3czD8LE2,ldbBahbqLj,22
0gkU23fhbT,ldbBahbqLj,8
ir8usiBnMh,cUrmX3GV4D,18
EvSnpy6ZPZ,xSCCF3BYWn,16
yNQBPed8il,FE34LTqb2p,22
xIPIgfq4Nw,QGoBUjHkki,27
yNQBPed8il,nZ4msLXxTY,12
5RDZWNp0Ym,45AVHG6SDL,11
fP3czD8LE2,FE34LTqb2p,18
pgIzvZVHvU,IBvWjkFney,20
We8s7hRTpS,0OaJOGFGdD,13
BLSjsNQ1vc,tRJBEnEFaO,2
dP83gpsQWL,cUrmX3GV4D,4
NzAYYvt52I,8pYnVWzpzR,23
zlfIelMBvJ,FyAzhOpNly,11
ybw22cNSbR,0OaJOGFGdD,13
fP3czD8LE2,ldbBahbqLj,28
HKulzVcoeb,WY3AmkQmxs,29
tFn9fPsMP4,ATeybFIuTQ,27
RN79gsWcLP,XIFO3VhtQH,26
c8fx7r3u46,9Hzdyajzdu,28
MLzleJ5V0b,dWuUGFOe1b,4
lPq8mrgwNa,Dlq94L7rPh,14
ovQ6putrsI,nZ4msLXxTY,24
aD4TjXPcH4,xyEInQvE1U,16
h3FGPIJLg2,FE34LTqb2p,29
zFKBJytSJL,socFXUsXAD,29
ovQ6putrsI,3H7BBv3j7C,29
beYPqnGi9f,s56xoRSQrg,21
xIPIgfq4Nw,ryNb8O1TRs,15
zFKBJytSJL,9Hzdyajzdu,6
EvSnpy6ZPZ,9kQZDUILDP,21
BLSjsNQ1vc,3LnmekGoPa,25
V9Hpmiwt8j,8pYnVWzpzR,11
EvSnpy6ZPZ,FE34LTqb2p,3
OlMLy3lAxu,XIFO3VhtQH,13
dP83gpsQWL,0OaJOGFGdD,17
ovQ6putrsI,3H7BBv3j7C,28
f0rRHPYQ9Z,4xp0ETTkc8,24
0gkU23fhbT,7n94AZBOkB,28
v7v1irrvkW,ZcXBxuYu7W,26
f0rRHPYQ9Z,4xp0ETTkc8,19
h3FGPIJLg2,ZxsJeaFpg5,5
0gkU23fhbT,9kQZDUILDP,28
EvSnpy6ZPZ,3H7BBv3j7C,24
wWfOAIZnx9,umALkT56Xy,10
RN79gsWcLP,xSCCF3BYWn,8
TpptgU7FX1,0OaJOGFGdD,5
yNQBPed8il,Dlq94L7rPh,21
fP3czD8LE2,QGoBUjHkki,10
3D5zIxPUZv,xJZiBD5DIo,4
v7v1irrvkW,ldbBahbqLj,30
pgIzvZVHvU,tRJBEnEFaO,3
ir8usiBnMh,Dlq94L7rPh,14
tFn9fPsMP4,Dlq94L7rPh,14
J0LCydt12J,FyAzhOpNly,22
V9Hpmiwt8j,xUMVYgBI7J,12
5RDZWNp0Ym,ZcXBxuYu7W,10
We8s7hRTpS,Dlq94L7rPh,13
v7v1irrvkW,QGoBUjHkki,9
wWfOAIZnx9,ldbBahbqLj,9
fP3czD8LE2,xSCCF3BYWn,24
neK7jlk7Q3,9Hzdyajzdu,14
BLSjsNQ1vc,tRJBEnEFaO,6
ouK68X0qN5,umALkT56Xy,1
RN79gsWcLP,dWuUGFOe1b,18
sTctOqYifF,WY3AmkQmxs,24
MLzleJ5V0b,VQtT65VuGn,10
qXmeVuqTbV,IBvWjkFney,25
jYAFe8xMkH,dWuUGFOe1b,5
f0rRHPYQ9Z,xUMVYgBI7J,1
v7v1irrvkW,umALkT56Xy,26
a1Xzp6g1lw,ldbBahbqLj,22
jYAFe8xMkH,Op8rarVKxa,1
aD4TjXPcH4,ZxsJeaFpg5,3
tFn9fPsMP4,7n94AZBOkB,16
qXmeVuqTbV,umALkT56Xy,22
At7FkrAz5m,xSCCF3BYWn,3
h3FGPIJLg2,ZcXBxuYu7W,27
neK7jlk7Q3,7Hh3kV9mIX,3
jYAFe8xMkH,s56xoRSQrg,11
ir8usiBnMh,xSCCF3BYWn,26
uzgPrVFAlV,dWuUGFOe1b,6
qXmeVuqTbV,xyEInQvE1U,19
ybw22cNSbR,3LnmekGoPa,30
h3FGPIJLg2,xSCCF3BYWn,16
J0LCydt12J,7Hh3kV9mIX,4
0gkU23fhbT,xUMVYgBI7J,11
cSKIOFw4y3,FyAzhOpNly,21
melHTEHLwx,xUMVYgBI7J,18
