tbI7y1SPG9,SbEHQ0hkqF,4,0,0,29,41
XfEUW9yRoy,I2tblNt4Ll,5,0,1,25,34
RmfyTBjGNv,WsU5hV3BAb,3,0,1,29,46
wTPFpedKxy,85QVsmOXzq,5,0,0,30,46
jDovuytOo3,ZmzeD1gypM,5,0,1,26,34
G7Ccks70sT,kBfjAo8VpY,4,0,1,35,35
qlGrh0wDwn,KVGjgjldJN,5,0,0,32,41
1UpwbrwB6d,PiK6jGX8Tq,5,1,0,24,46
ouZNXv6e6y,79P92RjtDL,3,0,0,24,33
d4j85xx1cP,BUQwknJgwd,5,0,1,31,41
2AOOGS7BoV,sO9vlh65q0,3,1,0,30,42
Hj2HuizkM6,omKJ4HLYTS,4,0,1,24,28
bNbQJ5VVtY,Z0yuOVEN0b,3,0,1,25,35
JVnWCeHmQB,FhajG1Dg7L,3,0,1,31,25
itcwxz8x5v,EjwXPh69uc,5,0,1,24,27
JZJ5pk5xm2,OlPDiltcLJ,3,0,0,33,33
ji7VyjX3x4,FQDxCKNJXx,3,0,1,28,24
3gZT6eTVNM,hSujI5vD8E,3,1,0,35,24
ox40fUMSpb,y3Neff9Wq3,5,1,1,28,28
wSk19ctOMs,GygfE2IPwp,5,0,0,30,42
OffAcR4pyy,bHLgUFys0k,3,1,0,30,32
p75Pf3jPOc,BIIdamet75,5,0,1,30,33
SnCSGSpgYT,swGjDfLaBn,3,0,0,33,31
drdzHDiW8a,Vltnb5yeZX,4,1,1,25,44
MRr88p0nYj,naKD0E52Nz,5,0,1,31,38
c9chQUGBdi,Y2qVmJo2uB,4,1,1,33,30
jO65mNIZtJ,b6hsCOBLCA,5,1,1,34,28
KvWB6kppgc,UEBVxy1VdN,4,1,0,25,47
261bsDpx62,AdwYKHIuIy,4,1,1,31,42
K4nBYDeM9L,uAKB7cnSHR,5,1,1,33,47
xDpBwTPA3D,6VrP35gei8,4,1,1,35,39
LJImkOYMFr,3KwL82EbD8,3,0,1,27,33
IOz2PTeAUm,W4a3yMoFey,5,0,0,34,34
wBpcbkKZtf,Et0mKgnbEP,4,1,1,31,33
kZnPDgCOm0,Fy2agdZwRf,4,0,0,27,28
n1dC6Zc6kY,mfZhDE7q7R,5,0,0,29,33
MMz1JGlIKb,V8efUI0V1G,5,1,0,26,30
pSTlXk6AKv,bYUWbFtTT8,3,0,0,26,37
qxl6oMfZru,geNt1uRkWR,4,0,1,24,27
rgBpu7NMrf,8ZZCKOIMcX,3,0,1,28,43
P6A90qfk4C,zu8dF5D3zy,5,1,1,34,38
ZrgfToif0S,M2yv6UguBB,4,1,1,34,39
Nu3OaR0C6k,83hmOOnrOR,4,1,0,28,29
UfT8MyZloB,mlDWcMF5T9,4,0,0,24,45
T9sU0ACsPc,JuLmn1pF0O,4,1,0,33,43
GXoJ6xHDap,A19T8a7QTJ,3,1,1,35,37
oYUjgXnGO6,NLtEcXe3Qq,4,1,1,29,42
PstlUzTHfE,0RzRFaHBm4,4,0,0,30,37
sYyuKDp1d6,J0e7tIJyVx,3,1,0,24,39
dEnOJ3MLSZ,BsVDxGcD05,3,1,0,27,32
rPWGVmbsWh,mkxPLPZvg5,5,1,1,24,26
fjw9XYXsTK,VjFUYldP1E,3,0,1,34,26
vV9cyNPOiI,hRBT2mPVww,3,1,1,25,40
3oJRUJXifV,YU2ScebnGq,5,1,1,25,24
hlv0i3VKBJ,OwV4uH4Z79,5,1,0,25,25
pTJivvZ1qk,jbeNEBCyNu,5,0,0,34,29
9iMFg0tQMl,nTMlrn5GZZ,3,0,0,26,31
UWYaQakgaT,wUuhTdN7SD,4,0,1,27,26
2Vsqvr4pSG,mf9lXTHSfn,5,1,1,28,40
fHDKhWgoyW,Xj55oHbXL2,4,1,1,32,26
FNlBck6S61,qlXApcWklk,3,1,0,26,42
9RZzrpKGxa,QMYNnOrfev,4,1,1,33,35
riUq9SI8gq,r841Ks9YTV,3,0,1,30,44
tLBIkc5Fw4,F4vGj55wZS,3,0,1,28,43
b8XWkMJ01T,tWkx6Hx59o,4,0,1,29,47
GD8FikLpTa,RHaZjjaBg9,5,0,0,30,35
yvjZP5CCOb,bWJs4L6wi5,5,0,1,29,42
EHOc6EXxFj,XaamgINdjL,5,1,0,32,43
LqPaAknYqS,Amcwi0FG4Z,4,0,1,30,40
VT0XZUpVfr,nxFMpB7xC3,5,1,0,27,25
Sr0VEgPNfG,inK6jf0h5k,3,0,0,31,41
N637Q5UVRN,Fi1hQA6cS2,4,0,0,29,32
sNdDpCk97e,seCL8ifFhU,4,1,1,31,43
L5XLpa5cap,lzJtpeccTN,5,1,0,31,45
XcRH36IpsT,HJ3iaBG777,4,0,0,28,40
B9pLVld0kA,PQqEGiyR4r,3,0,1,32,38
53f2OD3dbm,iaUK6QMaKU,4,1,1,31,36
9kzx98bRlX,FGbihaiBTX,3,0,1,33,42
wJCAz4XWFp,FMfX954w1a,5,1,1,26,24
GvAKFKkyM6,UfeNeCW6rI,5,0,0,35,45
Kt8tyAGM90,7V8ORMhQE1,4,1,1,26,45
KrxJ7qsu83,vAUZ950mmY,5,1,1,34,25
tK3KIsYHjP,W6xRuaYZIP,3,1,0,34,25
MdgGwgxBYn,Di0tKcGWvi,5,0,0,33,40
wb4GUYHfE5,8jBAAzCHNf,5,0,0,33,37
lHSxpq8uHs,3c4v9htJja,4,1,0,25,25
PSHJKRB52C,Gsp1oyTWVV,4,1,1,33,25
78rJKTUJXk,5xkiZgyeG0,5,1,0,33,47
qjeiFxEKb6,yAt1IBxFoZ,5,0,0,34,29
qhXoRSIciU,cLg46jYGj9,3,1,0,24,25
EVOwoqvdnj,xoMKVf2Z7B,3,0,0,28,31
iw90kcR4Vk,dOPXsJxJ8h,5,0,1,35,40
kFr0Ks1B69,nvpA2wyRKA,4,1,1,30,38
o5zNeXCBE1,seKVFJFFYO,3,0,1,35,31
mWr4Nj2Drh,VRHprySXfT,5,1,1,33,29
mHUtZtrnmJ,JntKrXVnuF,5,1,0,24,38
xotbNFkT00,IuXVxUVrZo,3,0,1,32,26
l7v07sVia1,y98oARUXxL,5,0,0,34,30
ZGZvEISawB,uqWvv9tWlb,4,0,0,29,42
5A75nuYO0H,2PijUpIwmL,4,0,0,27,26
goGFjMBM8f,ioBGB56OfM,5,0,1,32,24
XGcXVRWADX,7MWqakHdpZ,5,0,1,24,42
OduQpEPyaK,yKSHqIlJZJ,3,0,1,35,43
JnxJCLw8rc,OMEyFGRjfd,3,0,1,28,45
f9uOTQqAlS,jFoWkDQtlV,3,1,1,26,27
T9Ojs2TtWx,LmK7A5Ga28,4,1,1,32,41
srMNAowYSf,fdUqKPeyDL,3,0,1,24,32
vK4Rp98p4A,ztSS0gleuP,4,0,1,31,27
IOZsB5DZWZ,JES2DVH6V0,3,0,0,28,33
IHbXNfy8by,JF621uJIT2,3,1,0,27,41
gQfkZcRjPQ,sEsiR6yJMF,4,1,0,31,34
2CBJwmUBip,Y9106AM3E6,3,0,0,31,35
kbIajBs1gj,Puhf7QXGNk,4,1,1,33,31
msWH7nqeNv,GE2n5b9sgg,4,1,1,30,41
th5P1k3Cbd,WLXc23U2rH,5,0,0,27,30
VoZTDm11AI,V7XGzSNfl7,3,1,1,30,33
64qLDK26KP,bIIbv2cr2m,5,0,1,29,24
x4tey11ARs,DHLDytSFt0,4,0,1,33,37
fQGUqqENJn,XuaXYvtRP4,3,1,1,25,35
t1Psl3AsAU,FvxjTsh2gy,5,1,0,24,34
MpkvpT5uke,WDEYJLAC8J,5,1,0,25,38
rZIbLyvhBG,6z7N10faqU,5,0,0,28,40
SFtVPxi4d9,Z9UVwO9oIr,3,0,0,32,35
OqE0H5xiY9,OGcQk5eakv,5,1,0,32,24
ERyqzuBbxS,FJpbeLUOGk,5,1,0,24,28
E7YJRm7WHe,aCyHhGJaTj,5,1,1,27,44
uHFcBb3Hd1,JBazrdFBEj,5,1,0,28,39
9sPvBZkGSB,rE5bswVGNi,3,1,1,24,39
6Fvlm8fP9z,YGXMTd2jGH,3,1,0,26,31
3weuZIFeOt,JSW0WjNuVR,5,0,0,24,46
d4r3KXY6JB,Y5aIbWjP1c,3,0,0,35,24
CE8VQ0I3QG,bUTC81moaL,4,1,1,35,45
MKrdX3mYcD,1xIdirGiRI,5,0,1,25,43
m7XHKjUfrJ,171xmqOt46,4,1,1,27,25
K7rhYYYQRW,QDNcKRp2My,3,0,0,29,31
Xa5Ppn2cWl,xhETtsaF24,3,1,0,33,43
WbTCssTZwc,onBHfzn1sa,3,1,1,27,42
1aQEePSyjf,NuPhAxlBZJ,4,0,1,34,35
fIg5dDEAGQ,7EMSoX7wYo,5,0,0,26,39
Q0drCQP8qU,OtUdawxejL,3,1,0,34,35
TiCCrJl53A,bKmcMtwZcr,4,0,1,28,30
yLBoDmDjne,JRi3b5PMXg,3,0,0,33,47
MQuPikdako,PDhd8Kn8rC,5,0,1,29,24
47JKmJLwDR,YE4oxFpahH,5,0,1,35,34
PWpYqI9QO5,SSRmmVv3fK,4,0,0,28,41
MH7TbchPTR,BnErnI6Ye6,4,1,0,32,38
80w6cbVfZL,2oXo7jOoTO,4,0,1,29,43
HkNMWDv7tK,7QKenaA0I5,4,0,0,27,36
lallwicfBB,Qjjejq5BSW,3,1,0,29,30
P4Z4AV7BCw,e2Z3gptFAl,3,0,0,25,35
4zStlQac1V,uHFoEFdL7C,4,0,1,33,46
B7rAOcBwHG,7JJYllJJKi,4,1,0,26,30
cURUJoiDSc,oqckr7agBF,3,0,0,29,26
2tNNpWUJYf,Cn4f3BbLyn,3,1,1,35,29
gikk14v6Ai,WOa1Z93iGN,5,1,1,27,30
hO8K39itbJ,Fat4b31HUL,5,0,1,29,40
LA8UIuo0w9,NDdoE0S7lZ,3,0,1,26,30
zfWAfzHi6X,yZqFgWADuw,4,0,1,31,44
vtzW6hFzue,DRDlGbZpFt,5,0,1,31,33
ixbMjwEoLa,30B5Vsjt9F,4,1,0,25,41
paIrUy7sna,1mtTrTYoiN,4,0,1,25,42
0aBIk36Hs2,vnuu0dT5jB,4,1,1,34,34
R1pfqlsdxo,kkHnmijtRf,5,1,0,33,38
OLooPODQyp,535bz7JF6u,3,0,1,26,46
qZptIs4241,UUaVP0m5KI,5,1,0,25,35
oWM0imPFe6,1OHH0exARc,5,0,1,32,43
U6RzNL1xfo,qtKzuPsF0S,4,1,1,29,35
C3vqyZv1dC,40XBXpXqu9,3,1,0,29,46
XlxqxjH0In,WPChc1fQ8u,5,1,0,34,26
xTDdNSuhJ8,uabuZ9Vx04,3,1,1,35,32
s3VgDBkiuY,fJWqiegvYU,5,1,0,30,31
JFq6agQU5b,jYegnQmZVR,4,0,1,32,35
8BUjSKBD4C,gQtVQXDTXP,4,1,0,33,40
fuQPkeaSIf,O8waxuTUEl,3,1,1,28,47
18zmOHVRul,PBh3xdOeUK,5,1,1,34,29
S51q1LC1vk,4FsRw9nHzb,4,1,1,30,31
ks8cloD2wc,2DUG1Jtxtm,5,0,0,26,32
TU5Wn6HaAv,xGPah0mxTp,3,0,0,32,43
mIQWyUTyzg,hvY3k1PSKx,5,1,1,29,47
XKuKFb7uK0,i1EDClJQ2N,4,0,0,24,24
JlSMc6fZkY,zK9t6bUO5X,3,1,0,28,38
PHalHg8aP9,t3JuZyBep1,5,0,1,34,47
0T2PaDHCEw,vu2aSNxvzd,3,1,0,32,24
qQgflb4lxc,dwRQ8UH4FV,3,0,1,35,41
BKr5yK9w4G,b6YJxg0eJ2,3,0,1,25,38
