cEPKv4TyjC,OffAcR4pyy,4
Gnw72VS0Di,c3bLdAGSph,6
gOI6OsWLJo,uX1wRxyvKH,6
rTCeMwk0w8,qbwBYCxSUp,1
sepm9qaOY9,hO8K39itbJ,1
uOWyheTjfL,qbwBYCxSUp,2
kE3nxUGutx,6saOyAWvxZ,2
bWGH1JdS9n,EA5DKGjFuJ,2
oe0L0cRFDB,Z7dL9FoeNk,2
fq0bOHmieA,NwJ54M9lCh,6
tzykp8dkDt,IOz2PTeAUm,2
Smau1GgGyc,ukxpIQAsjs,3
NYfIzmKrJf,4rbXnrcW86,5
fq0bOHmieA,84cLQunGbC,4
aKxqbNFC5Y,02SVZ28q47,1
jZOwzhJjwa,RnGMHZiHZr,2
grkjTJPNEP,I9bbdHJb14,6
1JtLYWK555,gKs6UHPm7e,4
FTzUt60i3t,Hj2HuizkM6,5
FTzUt60i3t,naeA3Xec1n,3
kzGeE3aDwE,LU24DXYd38,5
YEaRUS13HE,CUv5v6Xdiq,1
rPZH3cZgb2,6qaaHgPjZ1,2
xQErweaCmw,gKs6UHPm7e,6
dRLg8S96ZR,V8DwHReBoG,3
cEPKv4TyjC,LqPaAknYqS,2
XrPPnXrnJ3,JVnWCeHmQB,6
kFEdI1MQEO,yANemkzB1y,6
g2UcU3ub3i,NXOFx0bb05,3
SLUB0VDe3L,q4RR6AXpIZ,6
r9FCNFdWIV,Dlome7OuHF,6
980pBKGuMU,Kqjc0qioGS,2
XN3NoHOiad,5ypLBtWgEG,5
grkjTJPNEP,WZdlOna8zu,4
affVjALQAs,WYz2xwXdok,3
oe0L0cRFDB,MmSk58BlYS,1
rTCeMwk0w8,ARWEeRPMsm,3
BbadFv50Ei,wTPFpedKxy,1
eViHIgFHdz,gDPRK4Bje2,6
kFEdI1MQEO,fJ298RAOYQ,4
oiFynE587v,XCE2SvYNQL,1
sepm9qaOY9,UO84xXWaFk,2
XN3NoHOiad,nBmHX2Hetj,4
ck9zQiNv1C,IVUQB6POuO,5
rTCeMwk0w8,gDPRK4Bje2,3
bWGH1JdS9n,mkb6RZzXEm,4
ce0qNFLRK7,Z2H6y0hP2k,6
XrPPnXrnJ3,C3vqyZv1dC,3
LnsIRtVKVP,25M9T6hMA9,1
tzykp8dkDt,sblZciDTls,1
XrPPnXrnJ3,tG8hHtfzeE,3
T53Bt0ctPZ,dAhLSOhSok,5
r9FCNFdWIV,g3u7odqMAF,3
iPPH0zeMY3,L1VQbGRC9K,1
mTjlj8JQUH,cpkCqv5MPO,4
r9FCNFdWIV,lallwicfBB,1
bniAJFNi0s,NvpkimV72M,1
MlgnC1JEJn,fOIwMX2kPs,4
ce0qNFLRK7,FAvboviiBh,1
g2UcU3ub3i,AmEdnMsefb,6
bg9WkaHMvV,Qrq7F7O1o5,3
zpqJFscMr0,5A75nuYO0H,4
73l1iRUEvw,r51GhroIT7,3
kE3nxUGutx,0mp9PGPdKw,3
affVjALQAs,UhCgTjSXvT,2
u136rWgBXY,SnCSGSpgYT,6
5JnQxcSlvJ,CsFe3Q1tHE,2
DxxYvfCFWM,779atEW8cl,2
d5Itwrg70X,NVPcTENbU4,3
LnsIRtVKVP,hO8K39itbJ,2
Gnw72VS0Di,6apEde5YAW,3
FTzUt60i3t,jvVR6213Hy,4
T53Bt0ctPZ,N5gFbniK9u,1
Shlmc7tTVf,FAvboviiBh,1
ttqLwIzqBw,dJzGgEyYct,5
LPi87bcU5k,R0GOvJYKl5,3
xQErweaCmw,LwsUn5AAEl,1
LPi87bcU5k,DwXEisPz7L,4
PjIzrpXBNV,A0fZY06JEo,3
zpqJFscMr0,2lrpWbie85,5
eViHIgFHdz,htonUFapQZ,4
0naFKFb6se,JnxJCLw8rc,2
zpqJFscMr0,oYUjgXnGO6,6
Gnw72VS0Di,IeuJp3BUnd,1
phZtjyot3B,wjzgUIVYh6,1
6eHdxhCYK7,RmfyTBjGNv,6
EYWwooWyNH,ERyqzuBbxS,6
TuRwdZL46L,s8wyITKro4,3
eOHiVGE6Qe,B7rAOcBwHG,2
PjIzrpXBNV,1ZsQkl9U36,1
gf3kRlMeIx,6saOyAWvxZ,3
xQErweaCmw,vQvd80s43Q,3
cEPKv4TyjC,b6rtWt54KS,2
fZIWOmLNey,GXoJ6xHDap,5
kE3nxUGutx,XRzhw6WO9O,5
1JtLYWK555,cGj6nectLJ,3
eG28xzPp2m,h01hhhDdVA,4
fZIWOmLNey,ARWEeRPMsm,1
fZIWOmLNey,25M9T6hMA9,1
u136rWgBXY,T4bZ68wokN,4
73X8UvpzrJ,F9O7dCYKoi,2
zpqJFscMr0,W9BvjZobEM,4
iPPH0zeMY3,WYz2xwXdok,1
aI8k5G0Fqi,53f2OD3dbm,3
Za0P0MkdAR,HlNvM5ekTc,4
eOHiVGE6Qe,q4RR6AXpIZ,4
Fmpvfxwswq,nPMaXczInW,6
unLdpuPanW,UO84xXWaFk,6
XrPPnXrnJ3,6CqRygxOrx,2
SLUB0VDe3L,ppy6lB2izS,3
8blchiMxYL,vaDqjF7yXJ,5
Fmpvfxwswq,yIOQJr80CO,5
9sH0wNZVkP,w79t2g838m,6
oiFynE587v,E7YJRm7WHe,2
xQErweaCmw,OqE0H5xiY9,6
XN3NoHOiad,c8lRknyeAJ,5
x0XpZD2q1n,fuQPkeaSIf,6
8blchiMxYL,Gd31KWZqiU,4
Za0P0MkdAR,KdidrJmCDu,5
YEaRUS13HE,Hic9zxq4R2,1
DTyXdNCZve,Shd1ZZ6Uay,5
XN3NoHOiad,Sr0rr5Be59,6
iPPH0zeMY3,BRaEg58ygH,6
jYIzpoPJ0v,vWR6uwNNdO,6
SLUB0VDe3L,rZIbLyvhBG,4
DxxYvfCFWM,45IHJInpMG,1
grkjTJPNEP,vtzW6hFzue,3
sepm9qaOY9,pEBEsrNftY,5
kE3nxUGutx,iu0MEQVptP,5
zpqJFscMr0,qReUtXtAiH,4
aI8k5G0Fqi,h01hhhDdVA,4
sepm9qaOY9,FL1lFPjINy,3
fZIWOmLNey,UE3Jqkzamq,5
PjIzrpXBNV,KXtrq5Cntm,5
phZtjyot3B,mkb6RZzXEm,5
mTjlj8JQUH,DyO6mjh7Dq,6
BbadFv50Ei,s7PbdovKJm,4
uOWyheTjfL,gpBq8rHPNs,1
YEaRUS13HE,em4LxO6WY2,5
ck9zQiNv1C,mWr4Nj2Drh,4
d5Itwrg70X,RwiIDHEOHM,4
xs3hkZG4oL,EHOc6EXxFj,3
73l1iRUEvw,P6A90qfk4C,4
RoApvB83jV,Gd2Rkd1BAM,5
Smau1GgGyc,JLSo2PIe8o,5
x0XpZD2q1n,hJ4p3fo0D5,4
XN3NoHOiad,jv0FBgYj9i,2
0To5uOwhgK,Dlome7OuHF,6
ZGlh2Ehlh8,eVonCglbDI,6
cNCtFL47pi,gikk14v6Ai,1
eG28xzPp2m,2nvIHb4NF7,3
ce0qNFLRK7,iu0MEQVptP,2
SLUB0VDe3L,0vhyAaLCYg,3
5JnQxcSlvJ,WBGqeEbq7t,5
kFEdI1MQEO,riUq9SI8gq,3
0naFKFb6se,RfBTVUqoof,3
xs3hkZG4oL,ukxpIQAsjs,2
cEPKv4TyjC,gpBq8rHPNs,5
mTjlj8JQUH,3TxDSGOiXq,2
tzykp8dkDt,XGcXVRWADX,3
uriR0kWoEY,5TRWwBo6So,4
gf3kRlMeIx,zQImaMUMUb,4
XN3NoHOiad,VFvjuzND52,3
ce0qNFLRK7,82RjMF8Zgq,6
MlgnC1JEJn,6BODAHr9hy,3
u136rWgBXY,hj3cGvpiOt,4
r9FCNFdWIV,TLjIC9Y7R5,2
icb6Z9i2Lt,k0cAZCrOJq,1
eViHIgFHdz,5RfWzi7tOJ,2
euXHsacguW,fIg5dDEAGQ,5
T53Bt0ctPZ,gpBq8rHPNs,6
bg9WkaHMvV,TU5Wn6HaAv,6
zpqJFscMr0,NXOFx0bb05,3
YFpN7AiA7C,B9pLVld0kA,4
kRtrxe3vK4,74X99J11Cq,6
BWDiNzBBNi,25M9T6hMA9,3
d5Itwrg70X,iQPEGDveWn,5
phZtjyot3B,ixbMjwEoLa,6
T53Bt0ctPZ,MZyDA4LYbG,6
980pBKGuMU,pEBEsrNftY,4
JiGAtz5G1E,8JMBPVlGD2,5
jkjQ2gMOyo,JdO8uqljvW,3
jZOwzhJjwa,9Gz3PgpxS9,1
0naFKFb6se,UhCgTjSXvT,2
aI8k5G0Fqi,ukxpIQAsjs,3
pLeWEpjMyD,FXbpy30qET,3
xQErweaCmw,PWDvBpYFAb,4
mTjlj8JQUH,4ujxF6d4t9,6
cEPKv4TyjC,yOY8ifG5Ye,4
d5Itwrg70X,tjz9k8OWK1,3
iPPH0zeMY3,tLBIkc5Fw4,1
euXHsacguW,Mw9ukBfPFq,4
fq0bOHmieA,GT33uqqq5D,5
ajPkfYW6Rd,IOZsB5DZWZ,2
ck9zQiNv1C,nKheWasaPw,3
Fmpvfxwswq,DztW9n6w9s,2
cNCtFL47pi,FL1lFPjINy,6
73X8UvpzrJ,cpkCqv5MPO,1
JiGAtz5G1E,2EBSj1noVT,5
affVjALQAs,WYz2xwXdok,6
HmLOMDuZeY,FWtBhJEvtW,1
BWDiNzBBNi,BMzfMoVlYh,3
73l1iRUEvw,JizIBAxCKK,5
DxxYvfCFWM,S51q1LC1vk,2
ajPkfYW6Rd,WjriTVDal4,2
0naFKFb6se,hv5bmT6oG9,4
aKxqbNFC5Y,VFvjuzND52,1
aI8k5G0Fqi,WLmp6byYFO,4
u136rWgBXY,6qaaHgPjZ1,6
XMu0Qq8NyP,TStJURWGNz,5
1JtLYWK555,lmslhAeKqY,2
kE3nxUGutx,p1oRXmf0vp,1
xQErweaCmw,LZbcFexDwT,1
ce0qNFLRK7,lz0cjYYJT4,6
DxxYvfCFWM,Do8uU3nC7r,4
phZtjyot3B,yby2xafAlP,6
pzZzDyittU,4zStlQac1V,4
oe0L0cRFDB,nPMaXczInW,3
Za0P0MkdAR,GWkNP8ylAk,6
fq0bOHmieA,bvQG7AyzpP,6
bg9WkaHMvV,KvWB6kppgc,2
jYIzpoPJ0v,0JCfsD5Pck,4
1JtLYWK555,EZyugc24Cp,4
ttqLwIzqBw,qfs0cQwXmd,2
ajPkfYW6Rd,9Tv3jHqvWo,5
jkjQ2gMOyo,ji7VyjX3x4,1
NYfIzmKrJf,fuQPkeaSIf,4
Auae4YJ0eg,i4Z9vVvw7o,3
d5Itwrg70X,4XjLHDRo54,2
kE3nxUGutx,uKeGwVAde7,5
Za0P0MkdAR,cURUJoiDSc,4
Fmpvfxwswq,eWGzBGluOm,1
He1HJCxk6B,68EUTc7joi,5
grkjTJPNEP,GT33uqqq5D,6
fZIWOmLNey,25M9T6hMA9,3
Kpsmhl9j5r,g2inQPejWv,1
gf3kRlMeIx,ayPOjFDLoP,4
pLeWEpjMyD,X6RGLIzE6W,2
Y2RhankEm6,nPMaXczInW,4
5JnQxcSlvJ,hOg636jo7d,1
icb6Z9i2Lt,bcgN7pw4Rb,3
6eHdxhCYK7,Uv6zHAk1bM,3
OTAoG4WYc3,TStJURWGNz,4
BWDiNzBBNi,N637Q5UVRN,5
1JtLYWK555,XcRH36IpsT,3
eOHiVGE6Qe,yby2xafAlP,3
9sH0wNZVkP,XfEUW9yRoy,1
tzykp8dkDt,il6EUHihrS,5
XMu0Qq8NyP,SCDbnkKYfZ,2
ce0qNFLRK7,oYUjgXnGO6,5
ajPkfYW6Rd,tK3KIsYHjP,3
sooFh3KOaz,gQfkZcRjPQ,4
affVjALQAs,hO8K39itbJ,2
pzZzDyittU,FNlBck6S61,6
x0XpZD2q1n,sbFeVdyIqS,4
ajPkfYW6Rd,3REe97dI6I,4
kRtrxe3vK4,t1Psl3AsAU,3
Auae4YJ0eg,WZdlOna8zu,6
5JnQxcSlvJ,pQdbpE9Xzb,3
EYWwooWyNH,FplUtPU6y1,4
6eHdxhCYK7,2zRO1JEROn,6
MlgnC1JEJn,9VQX9N7LAW,4
g2UcU3ub3i,DztW9n6w9s,1
XN3NoHOiad,em4LxO6WY2,6
PjIzrpXBNV,DyO6mjh7Dq,4
Za0P0MkdAR,w79t2g838m,1
EYWwooWyNH,wSk19ctOMs,3
rTCeMwk0w8,phqZWhhAWU,4
xs3hkZG4oL,HHctoxPoHS,5
eOHiVGE6Qe,ppy6lB2izS,2
sooFh3KOaz,lqKAZ0fWr5,3
8blchiMxYL,xDGyCXl7W1,1
RoApvB83jV,cpkCqv5MPO,3
0To5uOwhgK,Hj2HuizkM6,4
icb6Z9i2Lt,OXP2DaOYZi,3
6eHdxhCYK7,NAhgEfNipT,1
bniAJFNi0s,zZ9XWJ8UHM,1
mTjlj8JQUH,J34HUtZIZf,4
x0XpZD2q1n,5jMtS9OrWm,2
eOHiVGE6Qe,r71U0p8LFB,5
gf3kRlMeIx,NpMhIjL9wZ,1
ttqLwIzqBw,ol4Cq22PYD,4
jZOwzhJjwa,Hj2HuizkM6,6
ajPkfYW6Rd,pXB7QmLlRf,3
DxxYvfCFWM,A0fZY06JEo,4
oiFynE587v,mYOqbFITVg,3
NYfIzmKrJf,IHbXNfy8by,1
ttqLwIzqBw,xM7umn9NPq,4
Za0P0MkdAR,X6RGLIzE6W,2
Z6wCalTBGF,xYewjadppZ,3
uriR0kWoEY,ARzY7IxSTK,6
XMu0Qq8NyP,A3sU143KXm,3
BWDiNzBBNi,JVnWCeHmQB,1
uOWyheTjfL,2E482dhyl7,3
FTzUt60i3t,HUee3XYyou,4
YFpN7AiA7C,FOrgkISTik,3
LnsIRtVKVP,M2VGwljbY2,3
affVjALQAs,M2VGwljbY2,2
jkjQ2gMOyo,qbwBYCxSUp,1
pzZzDyittU,xH8TrfHOyw,3
iPPH0zeMY3,aYDW6yvRrW,1
sepm9qaOY9,q3rHteiF4D,1
iPPH0zeMY3,hzclxDbNRt,6
Shlmc7tTVf,Gd31KWZqiU,3
kzGeE3aDwE,GT33uqqq5D,3
cNCtFL47pi,QuzqOEbROL,4
5JnQxcSlvJ,lh4HiY9lhC,6
pLeWEpjMyD,pQdbpE9Xzb,5
icb6Z9i2Lt,64qLDK26KP,2
zpqJFscMr0,eZTLeRASH2,2
XN3NoHOiad,f5ywG7SXQU,4
73l1iRUEvw,PstlUzTHfE,1
5JnQxcSlvJ,gy46LYJCjQ,4
EYWwooWyNH,AUDz5IxYqB,4
ttqLwIzqBw,UO84xXWaFk,4
tzykp8dkDt,9VRBIDn7Q5,1
0To5uOwhgK,tumqOtsN6l,3
uOWyheTjfL,NAhgEfNipT,6
Gnw72VS0Di,cwF7vAc4zF,1
T53Bt0ctPZ,HkNMWDv7tK,1
980pBKGuMU,r51GhroIT7,5
0nZQJHrEtZ,kphIGiILcS,6
xQErweaCmw,a7YGG0UZcT,6
aI8k5G0Fqi,5LVsPqQAOe,5
HmLOMDuZeY,Onk0JHFbxN,6
EYWwooWyNH,6gJKuwxyNO,1
Gnw72VS0Di,Kqjc0qioGS,1
bg9WkaHMvV,HHctoxPoHS,3
fq0bOHmieA,kFr0Ks1B69,3
LnsIRtVKVP,cgVTlpPcfg,1
grkjTJPNEP,kQ3hmYSBWr,1
eViHIgFHdz,MdgGwgxBYn,6
MlgnC1JEJn,0aBIk36Hs2,6
kRtrxe3vK4,DWgOkeAHWG,3
hHWhQCncpK,ARWEeRPMsm,2
d5Itwrg70X,OduQpEPyaK,3
Auae4YJ0eg,wTPFpedKxy,1
0nZQJHrEtZ,lqKAZ0fWr5,3
g2UcU3ub3i,Y9oPD5wbxV,6
9sH0wNZVkP,78rJKTUJXk,3
Gnw72VS0Di,WbTCssTZwc,4
OTAoG4WYc3,LK2raZM4jx,2
ck9zQiNv1C,w79t2g838m,2
r9FCNFdWIV,efbnO5BSZD,1
ZGlh2Ehlh8,9sPvBZkGSB,4
icb6Z9i2Lt,25M9T6hMA9,3
mTjlj8JQUH,53f2OD3dbm,5
LnsIRtVKVP,qKNcfh4MV6,1
x0XpZD2q1n,yIOQJr80CO,6
sepm9qaOY9,7XyXnOi3wk,4
ZGlh2Ehlh8,rdmVNyRpIi,6
dRLg8S96ZR,9glVJgAsal,6
xQErweaCmw,F9O7dCYKoi,3
1JtLYWK555,UCDvmTFnJX,2
BWDiNzBBNi,KvXdWchurf,3
xQErweaCmw,vYnVNULL4z,5
OTAoG4WYc3,Kt8tyAGM90,4
cEPKv4TyjC,Mr8FwUntD1,3
DTyXdNCZve,KeyDKmdExE,5
Smau1GgGyc,NrXKS0Cv6m,1
kE3nxUGutx,v71Sy0XAGp,6
ZGlh2Ehlh8,upjHz3f4Dn,6
gOI6OsWLJo,nRtOIYDun8,6
ZGlh2Ehlh8,fSaiycEr4J,5
jZOwzhJjwa,AUDz5IxYqB,2
NYfIzmKrJf,9TNHcGDta2,3
0To5uOwhgK,WVvDhAbel1,5
FTzUt60i3t,pQ1qdkWfg3,3
ce0qNFLRK7,b6rtWt54KS,6
BbadFv50Ei,jsKPzVnZCb,3
r9FCNFdWIV,gnJi8U9L6m,3
gf3kRlMeIx,Dlome7OuHF,1
cNCtFL47pi,mtzPnlkPaj,6
zpqJFscMr0,aAPFjHxG37,5
x0XpZD2q1n,pyiwlScewT,2
grkjTJPNEP,TZffQtiBZf,2
oe0L0cRFDB,6saOyAWvxZ,2
5JnQxcSlvJ,TOOFiGvehT,3
eOHiVGE6Qe,t8kPv0DeVr,5
LnsIRtVKVP,jnNyiVGjxl,1
He1HJCxk6B,8FbS1Dz5Z3,3
Smau1GgGyc,02SVZ28q47,6
rTCeMwk0w8,6gJKuwxyNO,5
YFpN7AiA7C,kYvH8E6DeR,2
He1HJCxk6B,qlGrh0wDwn,5
ck9zQiNv1C,FAvboviiBh,5
ce0qNFLRK7,0uzi2lU3dA,6
6eHdxhCYK7,Sr0rr5Be59,6
YEaRUS13HE,5f1NWm6yVP,2
NYfIzmKrJf,s8wyITKro4,2
BWDiNzBBNi,p3egrsR6bB,4
PjIzrpXBNV,l2k6uktmgm,2
XN3NoHOiad,fXvraD9YNG,3
Smau1GgGyc,IdUjlAvDmO,3
1JtLYWK555,MQuPikdako,3
FTzUt60i3t,kbIajBs1gj,6
Za0P0MkdAR,0KSjIO5LDu,1
jkjQ2gMOyo,nCT1TAk7oS,1
NYfIzmKrJf,9TNHcGDta2,5
eG28xzPp2m,eWGzBGluOm,4
gOI6OsWLJo,NwJ54M9lCh,1
xs3hkZG4oL,bTNpLIcY5K,5
jYIzpoPJ0v,pXB7QmLlRf,5
HmLOMDuZeY,ayPOjFDLoP,5
fq0bOHmieA,gjDN4ECK9H,4
x0XpZD2q1n,wjzgUIVYh6,2
kFEdI1MQEO,Sr0rr5Be59,3
eViHIgFHdz,At69PCE9ZE,2
ZGlh2Ehlh8,wPOgmqgEY6,1
XrPPnXrnJ3,5A75nuYO0H,1
T53Bt0ctPZ,JdO8uqljvW,1
phZtjyot3B,EcZRrSCIKb,5
FTzUt60i3t,lz0cjYYJT4,5
bniAJFNi0s,NJWMka2WM8,6
TuRwdZL46L,257iLHM3fO,5
bg9WkaHMvV,msWH7nqeNv,3
uOWyheTjfL,O98AUHorU9,5
0nZQJHrEtZ,VlM7pgv67Z,6
eViHIgFHdz,fActa60Op2,5
PjIzrpXBNV,A6SjLWwlXB,6
gf3kRlMeIx,zP5MVohZt0,4
YEaRUS13HE,H7AK7JFI2z,2
PjIzrpXBNV,Aabanpg0HQ,1
euXHsacguW,cURUJoiDSc,2
Gnw72VS0Di,zfWAfzHi6X,2
unLdpuPanW,T9sU0ACsPc,5
mTjlj8JQUH,n6E5RIoKDQ,5
OTAoG4WYc3,nCT1TAk7oS,2
bWGH1JdS9n,RasAX0E7Hk,3
YFpN7AiA7C,vV9cyNPOiI,2
6eHdxhCYK7,54KU2z0wGS,6
JiGAtz5G1E,KhObeoJfr9,5
T53Bt0ctPZ,XCE2SvYNQL,6
unLdpuPanW,Uv6zHAk1bM,1
jYIzpoPJ0v,kbIajBs1gj,2
fZIWOmLNey,lmslhAeKqY,6
LnsIRtVKVP,QTLPfzPDnU,6
d5Itwrg70X,A93xiWMRhT,5
affVjALQAs,cDpdGk8TRM,1
0nZQJHrEtZ,ouZNXv6e6y,5
unLdpuPanW,kdlOIicNQ0,6
Gnw72VS0Di,779atEW8cl,1
PjIzrpXBNV,ZJsxWlhBjX,6
eG28xzPp2m,XrH6FEaWnF,2
Z6wCalTBGF,Mr8FwUntD1,3
bg9WkaHMvV,ZGZvEISawB,5
73X8UvpzrJ,s5xQyIFNnz,2
jZOwzhJjwa,TQrCNApRzN,5
Shlmc7tTVf,9kzx98bRlX,2
affVjALQAs,dfVeYYYmOX,4
affVjALQAs,hj3cGvpiOt,4
Za0P0MkdAR,A9KNDK7NBZ,2
kzGeE3aDwE,VCGNZqtmAB,3
XMu0Qq8NyP,Fxtrcb6JVu,5
r9FCNFdWIV,Y1HJOdZw1f,6
tzykp8dkDt,mIQWyUTyzg,4
BbadFv50Ei,S51q1LC1vk,5
DxxYvfCFWM,h0vIBMNzp0,1
icb6Z9i2Lt,yoD8ryc0PO,5
xs3hkZG4oL,2WHYBFvyJt,5
kE3nxUGutx,FOrgkISTik,1
x0XpZD2q1n,FkSjoylt6R,5
rTCeMwk0w8,NJWMka2WM8,1
Za0P0MkdAR,cdiArDYM4d,2
DTyXdNCZve,NVPcTENbU4,6
u136rWgBXY,oOj5jAseDA,6
unLdpuPanW,6CWdOcKxIT,1
dRLg8S96ZR,pZlCPOfml9,5
Smau1GgGyc,EuKfwTbSMQ,4
0nZQJHrEtZ,R1pfqlsdxo,3
eG28xzPp2m,wK8rMbq3PJ,1
Z6wCalTBGF,Xd5WJpWzEK,3
MlgnC1JEJn,atZM3m7Sie,1
OTAoG4WYc3,DIGd7pVmDw,2
1JtLYWK555,K4nBYDeM9L,2
kFEdI1MQEO,VM6ZTgV30Y,2
affVjALQAs,54KU2z0wGS,3
Shlmc7tTVf,7WO5WXboBg,5
iPPH0zeMY3,gwb6R9WJcl,6
rTCeMwk0w8,8A40NorlvK,6
d5Itwrg70X,uqDGB6Htxt,3
g2UcU3ub3i,yOY8ifG5Ye,4
jZOwzhJjwa,I0DFDbvAXc,6
zpqJFscMr0,b0kSPtqJVr,5
Gnw72VS0Di,AmEdnMsefb,6
9sH0wNZVkP,DHjSIHVuB3,6
aI8k5G0Fqi,d4r3KXY6JB,6
5JnQxcSlvJ,EHOc6EXxFj,4
73l1iRUEvw,4gdDyqwGI5,3
Kpsmhl9j5r,iamEgW0Ag2,1
Shlmc7tTVf,4aYM1g5Udu,4
0naFKFb6se,msWH7nqeNv,3
unLdpuPanW,Aabanpg0HQ,6
jYIzpoPJ0v,uRLLkSRH3N,1
Y2RhankEm6,mvVqEj4gF4,2
u136rWgBXY,vQvd80s43Q,5
XrPPnXrnJ3,mNTAzxDqkp,4
cEPKv4TyjC,pQdbpE9Xzb,4
grkjTJPNEP,tI8FHUlyB6,3
YEaRUS13HE,wklKX7ZBab,2
gOI6OsWLJo,GWkNP8ylAk,4
rPZH3cZgb2,aNFLgbBNqa,2
oiFynE587v,KmVPha8UAM,4
cEPKv4TyjC,5DajVqtLY1,1
g2UcU3ub3i,gikk14v6Ai,4
eViHIgFHdz,t8kPv0DeVr,5
aI8k5G0Fqi,ol4Cq22PYD,4
eViHIgFHdz,sbFeVdyIqS,4
Gnw72VS0Di,7WO5WXboBg,6
x0XpZD2q1n,M2VGwljbY2,3
XN3NoHOiad,UM2jUjWP94,2
dRLg8S96ZR,XxPiTF9xu3,4
0To5uOwhgK,2tNNpWUJYf,1
aI8k5G0Fqi,lrQhujYLp5,1
x0XpZD2q1n,ZrR0bF5QXw,3
8blchiMxYL,HkNMWDv7tK,2
eOHiVGE6Qe,f5ywG7SXQU,6
t6IlYhIvCB,NrXKS0Cv6m,5
Shlmc7tTVf,C3vqyZv1dC,1
hHWhQCncpK,GD8FikLpTa,1
ZGlh2Ehlh8,RnGMHZiHZr,1
0To5uOwhgK,7dRg1lN4aF,4
9sH0wNZVkP,KDmdI6TptV,2
Za0P0MkdAR,6eKQ1oNZ3k,3
zpqJFscMr0,rebuWzEk53,5
tzykp8dkDt,U6RzNL1xfo,6
TuRwdZL46L,GbcOoK7zEQ,1
XN3NoHOiad,xipKm4ZpqB,2
EYWwooWyNH,AnjFpDMOBx,4
tzykp8dkDt,JdO8uqljvW,4
HmLOMDuZeY,jnNyiVGjxl,5
rPZH3cZgb2,k0cAZCrOJq,4
pLeWEpjMyD,1UpwbrwB6d,1
eViHIgFHdz,zGcr1zbiYL,6
gOI6OsWLJo,9Gxsi0TOjW,1
LnsIRtVKVP,NN1gagsEQJ,3
zpqJFscMr0,QDAUu4SYUK,2
rTCeMwk0w8,HaCkJ3VX8l,3
NYfIzmKrJf,KrxJ7qsu83,3
LnsIRtVKVP,Yfk8fPaMMc,1
uriR0kWoEY,GWkNP8ylAk,4
ajPkfYW6Rd,6saOyAWvxZ,5
bWGH1JdS9n,tbI7y1SPG9,2
ZGlh2Ehlh8,ws2tnVQbpJ,1
pLeWEpjMyD,jWSMNoSQXb,2
eG28xzPp2m,Vsh6r7aoII,5
gf3kRlMeIx,Do8uU3nC7r,5
fZIWOmLNey,nCT1TAk7oS,3
YEaRUS13HE,f9uOTQqAlS,4
xs3hkZG4oL,i4Z9vVvw7o,3
ajPkfYW6Rd,hZuUdDpGAQ,1
eOHiVGE6Qe,zFaSgPcO6x,1
kFEdI1MQEO,lgGUlztw6f,6
SLUB0VDe3L,p75Pf3jPOc,1
hHWhQCncpK,f0hCgChgtD,4
zpqJFscMr0,LcVj0v6sUE,3
oiFynE587v,2T97Qbshv3,2
rPZH3cZgb2,2rdNz43QBq,2
Za0P0MkdAR,ks8cloD2wc,6
0To5uOwhgK,hj3cGvpiOt,6
5JnQxcSlvJ,5RfWzi7tOJ,2
uOWyheTjfL,pR9pTufLk7,3
kzGeE3aDwE,ULDGuHWFAe,2
x0XpZD2q1n,XLlGxXGvec,1
jkjQ2gMOyo,iLk84yUBI0,2
FTzUt60i3t,2siC5yZ1g2,5
NYfIzmKrJf,nqiEt3X3cx,1
0nZQJHrEtZ,OLFH7SPI6S,3
6eHdxhCYK7,wVJGvmFf2v,6
MlgnC1JEJn,dOtbm2vsJd,2
LnsIRtVKVP,tK3KIsYHjP,6
grkjTJPNEP,9VRBIDn7Q5,6
SLUB0VDe3L,779atEW8cl,6
eOHiVGE6Qe,otAlnw3xge,3
73X8UvpzrJ,chbdgVzJuq,3
T53Bt0ctPZ,XlxqxjH0In,4
cNCtFL47pi,O00WawjnjT,3
kE3nxUGutx,2zRO1JEROn,2
aKxqbNFC5Y,6eN33hCaLu,6
iPPH0zeMY3,TRNPXOSNS1,3
icb6Z9i2Lt,lpeJdlV0y9,2
d5Itwrg70X,SCDbnkKYfZ,1
Fmpvfxwswq,MInEQSaJ4E,2
FTzUt60i3t,uYeQUv4nyO,1
sepm9qaOY9,X6RGLIzE6W,2
NYfIzmKrJf,CYpf2UHCHO,1
980pBKGuMU,O98AUHorU9,5
tzykp8dkDt,V8DwHReBoG,4
bWGH1JdS9n,DIGd7pVmDw,6
phZtjyot3B,0mp9PGPdKw,4
ZGlh2Ehlh8,qKNcfh4MV6,1
Smau1GgGyc,wES64WNPwF,4
Fmpvfxwswq,5f1NWm6yVP,1
Y2RhankEm6,MKrdX3mYcD,4
g2UcU3ub3i,suK6IYXUDu,1
Auae4YJ0eg,s3VgDBkiuY,2
Smau1GgGyc,At69PCE9ZE,6
rPZH3cZgb2,iDMX53zz9h,2
pLeWEpjMyD,lqKAZ0fWr5,1
unLdpuPanW,qHHQVXgcBN,5
oiFynE587v,KJ26kmXeX7,1
kE3nxUGutx,MKrdX3mYcD,2
iPPH0zeMY3,cgVTlpPcfg,3
cEPKv4TyjC,FXbpy30qET,5
gOI6OsWLJo,wPOgmqgEY6,4
Fmpvfxwswq,gikk14v6Ai,1
euXHsacguW,VCGNZqtmAB,3
XMu0Qq8NyP,c3bLdAGSph,5
DxxYvfCFWM,mcV4dlQ2BM,3
gOI6OsWLJo,9kzx98bRlX,4
NYfIzmKrJf,h0540FeDJm,5
r9FCNFdWIV,2EBSj1noVT,2
ajPkfYW6Rd,VF7nVmjVl3,3
Auae4YJ0eg,pQdbpE9Xzb,2
73X8UvpzrJ,Sr0VEgPNfG,3
980pBKGuMU,k0cAZCrOJq,4
FTzUt60i3t,3REe97dI6I,2
Gnw72VS0Di,1dMKsDHhNY,4
fZIWOmLNey,9AwAVq2kqQ,6
rPZH3cZgb2,MYqS5DUkSq,5
bWGH1JdS9n,cgVTlpPcfg,4
73X8UvpzrJ,kaQu8rAqdG,1
OTAoG4WYc3,p1oRXmf0vp,5
RoApvB83jV,BMzfMoVlYh,2
0nZQJHrEtZ,RnGMHZiHZr,6
RoApvB83jV,gjDN4ECK9H,4
DTyXdNCZve,nOMsKtOFzn,1
cNCtFL47pi,Eb4XgddODU,6
t6IlYhIvCB,BMzfMoVlYh,3
oe0L0cRFDB,htonUFapQZ,1
cNCtFL47pi,2RdXzr9UxB,6
FTzUt60i3t,DGldqhAclw,2
jZOwzhJjwa,VCGNZqtmAB,5
ZGlh2Ehlh8,TAEYSw6jsz,3
1JtLYWK555,REs8Kkofe8,2
Shlmc7tTVf,8OvwpY9Trv,3
r9FCNFdWIV,tK3KIsYHjP,3
kzGeE3aDwE,Yfk8fPaMMc,1
iPPH0zeMY3,VCGNZqtmAB,2
73X8UvpzrJ,KmVPha8UAM,6
x0XpZD2q1n,O05FqVxarW,4
fZIWOmLNey,IeuJp3BUnd,4
YFpN7AiA7C,jnNyiVGjxl,6
ajPkfYW6Rd,xotbNFkT00,4
phZtjyot3B,zZ9XWJ8UHM,4
MlgnC1JEJn,TU5Wn6HaAv,3
ce0qNFLRK7,S51q1LC1vk,6
ce0qNFLRK7,eWGzBGluOm,5
pLeWEpjMyD,kZnPDgCOm0,4
g2UcU3ub3i,nKheWasaPw,4
kzGeE3aDwE,msWH7nqeNv,5
xQErweaCmw,gI5bzH71GQ,1
rTCeMwk0w8,spMc3s95Ic,1
980pBKGuMU,rebuWzEk53,5
rPZH3cZgb2,ws2tnVQbpJ,2
YFpN7AiA7C,pR9pTufLk7,6
aKxqbNFC5Y,txklYaJXFY,6
ajPkfYW6Rd,BKr5yK9w4G,5
r9FCNFdWIV,TRNPXOSNS1,3
sepm9qaOY9,yPtJ8I5R9B,4
pLeWEpjMyD,N2Vc0LNaQ2,1
unLdpuPanW,6fbrZp0XtP,4
DxxYvfCFWM,xEiXFQMNxU,3
rPZH3cZgb2,H1PXyv67Po,2
XrPPnXrnJ3,wzPlejTkCR,5
bWGH1JdS9n,T3UWoWJI6d,2
eOHiVGE6Qe,sYyuKDp1d6,2
LnsIRtVKVP,IdUjlAvDmO,3
NYfIzmKrJf,6saOyAWvxZ,4
Fmpvfxwswq,upjHz3f4Dn,1
xQErweaCmw,H1PXyv67Po,2
XN3NoHOiad,VF7nVmjVl3,1
XrPPnXrnJ3,779atEW8cl,6
BWDiNzBBNi,jDovuytOo3,2
fZIWOmLNey,vK4Rp98p4A,2
jZOwzhJjwa,NXOFx0bb05,5
FTzUt60i3t,ZWBZvRETvr,5
pzZzDyittU,FOrgkISTik,4
hHWhQCncpK,iamEgW0Ag2,6
uOWyheTjfL,H7AK7JFI2z,4
aKxqbNFC5Y,yvjZP5CCOb,5
ajPkfYW6Rd,KvXdWchurf,5
cEPKv4TyjC,qrFBAHWM17,4
FTzUt60i3t,YLDtC2Xs9h,6
xQErweaCmw,Ku1IDOrYEJ,6
grkjTJPNEP,DIGd7pVmDw,6
jZOwzhJjwa,bbnymUqQf0,6
aI8k5G0Fqi,XKuKFb7uK0,5
fZIWOmLNey,k32rQUVZbK,1
unLdpuPanW,CvrXxvaET5,3
Shlmc7tTVf,FWtBhJEvtW,2
r9FCNFdWIV,Ro8r9BNhrj,4
rPZH3cZgb2,SCDbnkKYfZ,3
PjIzrpXBNV,9Fb2brEVnd,6
iPPH0zeMY3,MdgGwgxBYn,4
Z6wCalTBGF,NijtnyBhEk,5
sooFh3KOaz,0KSfx7M1IN,4
Z6wCalTBGF,IOZsB5DZWZ,6
MlgnC1JEJn,qlGrh0wDwn,3
Gnw72VS0Di,9VRBIDn7Q5,6
LnsIRtVKVP,GrjUlprJhx,4
Auae4YJ0eg,pXB7QmLlRf,1
affVjALQAs,H7AK7JFI2z,6
cEPKv4TyjC,f0hCgChgtD,6
eG28xzPp2m,dEnOJ3MLSZ,3
sooFh3KOaz,HmHOkSYNQ0,1
TuRwdZL46L,jMo8rJp7id,4
ajPkfYW6Rd,QKfCY0eASx,2
affVjALQAs,TOlhgKw6dh,4
bniAJFNi0s,REs8Kkofe8,2
TuRwdZL46L,YnfwTyqtiV,3
Kpsmhl9j5r,78rJKTUJXk,2
eG28xzPp2m,5jMtS9OrWm,5
SLUB0VDe3L,2rdNz43QBq,3
eG28xzPp2m,NvpkimV72M,6
icb6Z9i2Lt,wVJGvmFf2v,4
Za0P0MkdAR,o9VVItvEAm,5
oe0L0cRFDB,257iLHM3fO,5
BbadFv50Ei,sNdDpCk97e,1
xs3hkZG4oL,JZJ5pk5xm2,1
eG28xzPp2m,wbz0NbdhpJ,4
rTCeMwk0w8,LkKv7DrsMK,5
kzGeE3aDwE,zQImaMUMUb,5
rTCeMwk0w8,HImIKPgcZ4,4
r9FCNFdWIV,GLvHOXRjeP,1
oiFynE587v,UM2jUjWP94,4
affVjALQAs,tOWU8CUbqF,6
JiGAtz5G1E,1TDchSBeov,3
JiGAtz5G1E,KvXdWchurf,5
fq0bOHmieA,TOlhgKw6dh,6
aI8k5G0Fqi,6Fvlm8fP9z,3
jYIzpoPJ0v,ji7VyjX3x4,3
phZtjyot3B,vj5AfgpehJ,2
Y2RhankEm6,6TSiNZ1dwq,2
FTzUt60i3t,Lgi31OieR1,3
phZtjyot3B,JTNVbQph6T,2
sepm9qaOY9,iDMX53zz9h,1
ZGlh2Ehlh8,zUOWCzFjaE,2
aI8k5G0Fqi,UfT8MyZloB,1
t6IlYhIvCB,RC1Iia93M7,5
bWGH1JdS9n,JFq6agQU5b,1
TuRwdZL46L,X6RGLIzE6W,6
980pBKGuMU,KCEl3t9aPf,5
kRtrxe3vK4,vaDqjF7yXJ,2
jkjQ2gMOyo,wVJGvmFf2v,2
icb6Z9i2Lt,H1PXyv67Po,1
uOWyheTjfL,vQxTS5lHsI,2
oiFynE587v,s8ssyWIwiC,5
oe0L0cRFDB,gjDN4ECK9H,1
0To5uOwhgK,pbfYqWNwCE,3
xs3hkZG4oL,82RjMF8Zgq,3
BWDiNzBBNi,HlNvM5ekTc,6
Shlmc7tTVf,80w6cbVfZL,6
Y2RhankEm6,TAEYSw6jsz,1
icb6Z9i2Lt,mWr4Nj2Drh,3
XN3NoHOiad,DwHt6Ep36W,2
aKxqbNFC5Y,o8wMrHSwUk,3
EYWwooWyNH,6gJKuwxyNO,2
FTzUt60i3t,dHh8gwYQIU,5
XMu0Qq8NyP,drdzHDiW8a,4
Za0P0MkdAR,TRNPXOSNS1,4
5JnQxcSlvJ,cANIp3RVXL,3
YFpN7AiA7C,O98AUHorU9,6
bniAJFNi0s,G7Ccks70sT,1
cEPKv4TyjC,Qfr5SxW1Sy,1
TuRwdZL46L,gVR2PmYcZP,3
kE3nxUGutx,iPVdubkrTT,4
Y2RhankEm6,XvrvfRhwft,3
0nZQJHrEtZ,wbz0NbdhpJ,3
cEPKv4TyjC,UJsmlB2VXD,5
JiGAtz5G1E,tFUqFGbFBZ,1
unLdpuPanW,wbz0NbdhpJ,5
Kpsmhl9j5r,vK4Rp98p4A,6
Kpsmhl9j5r,JMk0gsylrb,1
Z6wCalTBGF,lUZQdDbVGZ,4
eG28xzPp2m,WLmp6byYFO,6
kE3nxUGutx,wJCAz4XWFp,4
xs3hkZG4oL,q5aj9fR6Or,4
grkjTJPNEP,A93xiWMRhT,6
ajPkfYW6Rd,S51q1LC1vk,6
pzZzDyittU,ppy6lB2izS,5
TuRwdZL46L,0mp9PGPdKw,5
bWGH1JdS9n,1UpwbrwB6d,5
sepm9qaOY9,t0CgmqvpHh,4
gf3kRlMeIx,hOg636jo7d,3
NYfIzmKrJf,zuymai4Anv,5
73X8UvpzrJ,lgGUlztw6f,4
DTyXdNCZve,fuQPkeaSIf,5
LnsIRtVKVP,ixbMjwEoLa,5
sepm9qaOY9,H1PXyv67Po,1
BWDiNzBBNi,LK2raZM4jx,1
XMu0Qq8NyP,zbRCHmj3PE,4
ce0qNFLRK7,nOMsKtOFzn,1
phZtjyot3B,YFmGTzHB8s,2
Za0P0MkdAR,DGldqhAclw,4
d5Itwrg70X,Z2H6y0hP2k,4
RoApvB83jV,A0fZY06JEo,1
iPPH0zeMY3,brrbzqzg5i,5
Shlmc7tTVf,qKNcfh4MV6,5
xs3hkZG4oL,s7PbdovKJm,2
8blchiMxYL,FGichGMA8G,5
YFpN7AiA7C,g3u7odqMAF,2
euXHsacguW,Mw9ukBfPFq,6
d5Itwrg70X,WLmp6byYFO,3
Y2RhankEm6,OoYpO5YfJz,6
Smau1GgGyc,yvjZP5CCOb,6
uOWyheTjfL,MZyDA4LYbG,1
YEaRUS13HE,CqosqwBi5P,5
iPPH0zeMY3,bTNpLIcY5K,2
affVjALQAs,IHbXNfy8by,5
XN3NoHOiad,6gJKuwxyNO,1
xQErweaCmw,RwdPsOsjwz,6
Kpsmhl9j5r,qKNcfh4MV6,3
u136rWgBXY,vtzW6hFzue,5
0To5uOwhgK,gVR2PmYcZP,2
icb6Z9i2Lt,zbRCHmj3PE,2
gOI6OsWLJo,mDq5iJ8hnw,6
FTzUt60i3t,h3oXQdTOsZ,3
eViHIgFHdz,FzLspeB3em,3
Shlmc7tTVf,KvXdWchurf,1
JiGAtz5G1E,n1zK0wRGHt,4
jZOwzhJjwa,VG6Zescfwu,5
980pBKGuMU,JCedkVtvQK,6
MlgnC1JEJn,jnNyiVGjxl,3
g2UcU3ub3i,cIOKwWkJ72,2
aI8k5G0Fqi,si0AxsIm6G,2
hHWhQCncpK,L3Pz2yquZm,2
TuRwdZL46L,cIOKwWkJ72,4
unLdpuPanW,XfEUW9yRoy,4
icb6Z9i2Lt,ckWsjy0qfn,5
ce0qNFLRK7,4rbXnrcW86,5
pzZzDyittU,4rbXnrcW86,3
sooFh3KOaz,BmYM2qCaO5,6
XN3NoHOiad,OffAcR4pyy,1
0To5uOwhgK,h01hhhDdVA,4
ce0qNFLRK7,Un3UokagPv,2
xQErweaCmw,C5bsBRaObE,4
DxxYvfCFWM,0JCfsD5Pck,6
iPPH0zeMY3,NN1gagsEQJ,2
eG28xzPp2m,hOg636jo7d,3
ajPkfYW6Rd,2tNNpWUJYf,5
kE3nxUGutx,A93xiWMRhT,4
YFpN7AiA7C,XcRH36IpsT,2
YEaRUS13HE,Qrq7F7O1o5,4
gf3kRlMeIx,cA2Mk87mMX,5
zpqJFscMr0,NMy6ziCgqN,4
OTAoG4WYc3,JMk0gsylrb,4
hHWhQCncpK,I8jgc1Rjp0,4
5JnQxcSlvJ,bNbQJ5VVtY,2
ajPkfYW6Rd,19SSu37wFg,3
cEPKv4TyjC,qfs0cQwXmd,2
jYIzpoPJ0v,rZIbLyvhBG,2
sepm9qaOY9,d4j85xx1cP,6
rPZH3cZgb2,uKSMHVuFL3,4
xQErweaCmw,UfT8MyZloB,1
DTyXdNCZve,gQfkZcRjPQ,4
73X8UvpzrJ,frbSrFpJk8,6
aKxqbNFC5Y,R4cmBp2ZlB,5
jkjQ2gMOyo,QuzqOEbROL,5
g2UcU3ub3i,KbQs6m0lUk,3
SLUB0VDe3L,NSagjbHwWG,4
eOHiVGE6Qe,Eb4XgddODU,2
Za0P0MkdAR,AnjFpDMOBx,5
euXHsacguW,fJ298RAOYQ,6
euXHsacguW,9VRBIDn7Q5,5
rPZH3cZgb2,GWkNP8ylAk,3
73l1iRUEvw,KzyxdT83vY,4
TuRwdZL46L,At69PCE9ZE,4
kFEdI1MQEO,gwb6R9WJcl,5
x0XpZD2q1n,jDovuytOo3,4
5JnQxcSlvJ,NAhgEfNipT,2
kFEdI1MQEO,O98AUHorU9,6
aKxqbNFC5Y,VG6Zescfwu,4
aI8k5G0Fqi,WALkUOaLZt,1
iPPH0zeMY3,SyqZUH2KGO,6
XMu0Qq8NyP,lallwicfBB,5
0nZQJHrEtZ,H7AK7JFI2z,5
uriR0kWoEY,6eKQ1oNZ3k,3
DTyXdNCZve,A9KNDK7NBZ,4
eG28xzPp2m,h01hhhDdVA,5
HmLOMDuZeY,A9KNDK7NBZ,4
He1HJCxk6B,BMzfMoVlYh,6
Auae4YJ0eg,L3Pz2yquZm,3
73X8UvpzrJ,zbRCHmj3PE,1
5JnQxcSlvJ,g3u7odqMAF,3
sepm9qaOY9,VQKhxrcAu9,4
kRtrxe3vK4,b6rtWt54KS,2
kRtrxe3vK4,WLmp6byYFO,3
Gnw72VS0Di,7XyXnOi3wk,1
eOHiVGE6Qe,4gdDyqwGI5,4
icb6Z9i2Lt,OQVV3hf1qL,6
pLeWEpjMyD,lUVvXaqzLt,2
NYfIzmKrJf,XfEUW9yRoy,3
cNCtFL47pi,RwdPsOsjwz,5
t6IlYhIvCB,QTLPfzPDnU,2
LnsIRtVKVP,zUOWCzFjaE,4
pLeWEpjMyD,2oPMQdmtmW,4
1JtLYWK555,I8jgc1Rjp0,5
bWGH1JdS9n,yLBoDmDjne,5
Fmpvfxwswq,9VQX9N7LAW,2
pzZzDyittU,VjdhFLgHuA,6
xQErweaCmw,h01hhhDdVA,1
bniAJFNi0s,wbz0NbdhpJ,3
aKxqbNFC5Y,zUOWCzFjaE,1
OTAoG4WYc3,eP6RB3BHpZ,5
Shlmc7tTVf,iw90kcR4Vk,3
DxxYvfCFWM,3weuZIFeOt,1
XMu0Qq8NyP,zUOWCzFjaE,5
bniAJFNi0s,3gZT6eTVNM,1
Auae4YJ0eg,KbQs6m0lUk,3
bWGH1JdS9n,A93xiWMRhT,6
Shlmc7tTVf,VlM7pgv67Z,6
zpqJFscMr0,0KSjIO5LDu,1
jkjQ2gMOyo,mFfSS1M6uW,1
XMu0Qq8NyP,b6X7sRDHZE,4
affVjALQAs,Y1HJOdZw1f,3
affVjALQAs,M2VGwljbY2,5
g2UcU3ub3i,yOY8ifG5Ye,1
NYfIzmKrJf,9iMFg0tQMl,6
eOHiVGE6Qe,6qSmSYFQRj,5
g2UcU3ub3i,0JCfsD5Pck,5
ck9zQiNv1C,HqSvQYsAB2,5
rTCeMwk0w8,b8XWkMJ01T,4
r9FCNFdWIV,pXB7QmLlRf,1
RoApvB83jV,Nu3OaR0C6k,6
cEPKv4TyjC,3weuZIFeOt,2
Shlmc7tTVf,U6RzNL1xfo,2
jkjQ2gMOyo,g2inQPejWv,3
73l1iRUEvw,XlUOikWMWz,4
Za0P0MkdAR,JTNVbQph6T,1
uriR0kWoEY,gnJi8U9L6m,6
8blchiMxYL,pQdbpE9Xzb,3
phZtjyot3B,NijtnyBhEk,2
ttqLwIzqBw,w79t2g838m,3
BbadFv50Ei,hOg636jo7d,2
oe0L0cRFDB,iw90kcR4Vk,3
980pBKGuMU,5jMtS9OrWm,6
hHWhQCncpK,KXtrq5Cntm,4
gf3kRlMeIx,zmwTc0H5ky,6
unLdpuPanW,cjdig1gpAc,2
affVjALQAs,zbRCHmj3PE,2
ck9zQiNv1C,XVjhwgLmLZ,4
SLUB0VDe3L,FkSjoylt6R,6
fq0bOHmieA,65cJP0Fn4w,4
DxxYvfCFWM,J34HUtZIZf,3
NYfIzmKrJf,ghJ3FsBdDS,6
LnsIRtVKVP,CxGmsL4X25,6
rPZH3cZgb2,6gJKuwxyNO,6
DxxYvfCFWM,lh4HiY9lhC,5
0To5uOwhgK,C3vqyZv1dC,4
pzZzDyittU,5DajVqtLY1,4
oiFynE587v,fm6Xw7wXYr,5
bg9WkaHMvV,HImIKPgcZ4,4
XMu0Qq8NyP,rZIbLyvhBG,1
d5Itwrg70X,Y1xICpISfT,6
aI8k5G0Fqi,9RZzrpKGxa,4
Smau1GgGyc,Ro8r9BNhrj,5
ZGlh2Ehlh8,I9bbdHJb14,6
kFEdI1MQEO,obiDI1FkuR,4
LnsIRtVKVP,hv5bmT6oG9,6
YFpN7AiA7C,2CBJwmUBip,6
gOI6OsWLJo,o729EHqYlV,3
unLdpuPanW,TTAoSpkTam,2
LnsIRtVKVP,lpeJdlV0y9,5
Y2RhankEm6,77SbR2BtLW,3
DxxYvfCFWM,b0iMhr4DBJ,6
aI8k5G0Fqi,il6EUHihrS,1
zpqJFscMr0,78rJKTUJXk,5
XMu0Qq8NyP,C5bsBRaObE,6
gOI6OsWLJo,REs8Kkofe8,2
Fmpvfxwswq,DwXEisPz7L,1
iPPH0zeMY3,69e7uYBnCx,4
g2UcU3ub3i,Shd1ZZ6Uay,5
gf3kRlMeIx,NwJ54M9lCh,4
OTAoG4WYc3,qfs0cQwXmd,5
xQErweaCmw,fSaiycEr4J,5
d5Itwrg70X,Z7dL9FoeNk,2
8blchiMxYL,Be9nvmOuJB,5
Fmpvfxwswq,hv5bmT6oG9,3
pzZzDyittU,zQImaMUMUb,2
eViHIgFHdz,iamEgW0Ag2,4
hHWhQCncpK,eWGzBGluOm,1
mTjlj8JQUH,Vl2vCs1Bn3,4
cNCtFL47pi,efbnO5BSZD,1
8blchiMxYL,iamEgW0Ag2,3
eG28xzPp2m,3oJRUJXifV,2
Za0P0MkdAR,byyRrf0QOW,5
cNCtFL47pi,D5LJgDtmoK,1
EYWwooWyNH,vV9cyNPOiI,1
BbadFv50Ei,Do8uU3nC7r,1
g2UcU3ub3i,DztW9n6w9s,6
XN3NoHOiad,NrXKS0Cv6m,4
Smau1GgGyc,1dMKsDHhNY,3
0To5uOwhgK,tbI7y1SPG9,3
ttqLwIzqBw,b6X7sRDHZE,2
ttqLwIzqBw,k8UvkbfNxm,6
Z6wCalTBGF,xipKm4ZpqB,1
TuRwdZL46L,dsRQYQzsjc,5
aKxqbNFC5Y,x4tey11ARs,1
fq0bOHmieA,DyO6mjh7Dq,3
