8pYnVWzpzR,kFNSGfDIXN,OTAoG4WYc3
ryNb8O1TRs,4MVbu2iI15,BbadFv50Ei
nZ4msLXxTY,HACGEeYiTg,0To5uOwhgK
0OaJOGFGdD,KoaWPsykpt,8blchiMxYL
ldbBahbqLj,P9Vg4XQ5AK,hHWhQCncpK
Dlq94L7rPh,sUUNXUZjSB,1JtLYWK555
socFXUsXAD,UKHmNCJ1Ep,t6IlYhIvCB
xUMVYgBI7J,VyLXDToji5,BbadFv50Ei
9kQZDUILDP,nUFwyC0BAj,d5Itwrg70X
06DeQdaf4X,c1jIajAyha,ajPkfYW6Rd
3H7BBv3j7C,HULdxdPYgo,DxxYvfCFWM
4hGbj2aBVR,uQJBa7yRRm,jZOwzhJjwa
xyEInQvE1U,EZn2c6Sqao,ce0qNFLRK7
cUrmX3GV4D,c1jIajAyha,icb6Z9i2Lt
xyEInQvE1U,7RYpyw9es0,u136rWgBXY
WY3AmkQmxs,bOQ84LG8yQ,RoApvB83jV
nZ4msLXxTY,yz0xcnsOMA,BbadFv50Ei
45AVHG6SDL,HUPang5JW4,zpqJFscMr0
ryNb8O1TRs,nxtwKjphvt,HmLOMDuZeY
3H7BBv3j7C,ql0bQqFgKx,TuRwdZL46L
Op8rarVKxa,czfBYIFNhs,XN3NoHOiad
XIFO3VhtQH,yz0xcnsOMA,euXHsacguW
FVzpxLJFKK,P9Vg4XQ5AK,Smau1GgGyc
VQtT65VuGn,HUPang5JW4,bniAJFNi0s
7n94AZBOkB,p3f6twELII,He1HJCxk6B
KQIGJ9eDk5,KoaWPsykpt,phZtjyot3B
lGSxEQQ8bN,BVP4o4g0u6,jkjQ2gMOyo
EOnkzmV7ND,HUPang5JW4,tzykp8dkDt
ldbBahbqLj,nxtwKjphvt,affVjALQAs
3H7BBv3j7C,KH4hmznKQN,LnsIRtVKVP
EMLwuAKAEG,7ZZbCsXnv0,0To5uOwhgK
FyAzhOpNly,hL6koxT8vK,Za0P0MkdAR
9Hzdyajzdu,jMt9cpvHJ8,phZtjyot3B
xSCCF3BYWn,HUPang5JW4,OTAoG4WYc3
06DeQdaf4X,lA2l4dUPAN,PjIzrpXBNV
FyAzhOpNly,bnQDB9V4ZQ,73l1iRUEvw
ryNb8O1TRs,ejSgB4P19T,XrPPnXrnJ3
7Hh3kV9mIX,kFNSGfDIXN,bWGH1JdS9n
VQtT65VuGn,lA2l4dUPAN,aKxqbNFC5Y
9kQZDUILDP,fLM0vFMD6h,LPi87bcU5k
7n94AZBOkB,TnFL7eVZD9,zpqJFscMr0
cUrmX3GV4D,czfBYIFNhs,aI8k5G0Fqi
xJZiBD5DIo,ejSgB4P19T,MlgnC1JEJn
06DeQdaf4X,L2vFnWn5yt,u136rWgBXY
tRJBEnEFaO,4MVbu2iI15,grkjTJPNEP
XIFO3VhtQH,yz0xcnsOMA,gOI6OsWLJo
XIFO3VhtQH,yz0xcnsOMA,RoApvB83jV
5SKHZGJsjV,VXBvjILW4l,ttqLwIzqBw
FE34LTqb2p,hL6koxT8vK,kE3nxUGutx
xJZiBD5DIo,yz0xcnsOMA,OTAoG4WYc3
45AVHG6SDL,7ZZbCsXnv0,euXHsacguW
8pYnVWzpzR,KoaWPsykpt,HmLOMDuZeY
3H7BBv3j7C,bOQ84LG8yQ,eOHiVGE6Qe
x7FolH1EsA,p3f6twELII,cEPKv4TyjC
8pYnVWzpzR,BVP4o4g0u6,sepm9qaOY9
WY3AmkQmxs,PWFixIVSN0,MlgnC1JEJn
4hGbj2aBVR,AZadqlHsUN,BWDiNzBBNi
xSCCF3BYWn,czfBYIFNhs,sooFh3KOaz
FE34LTqb2p,ql0bQqFgKx,rPZH3cZgb2
XIFO3VhtQH,p3f6twELII,sooFh3KOaz
ldbBahbqLj,bOQ84LG8yQ,uriR0kWoEY
KQIGJ9eDk5,hL6koxT8vK,6eHdxhCYK7
xUMVYgBI7J,bBMMbiXWX2,Fmpvfxwswq
45AVHG6SDL,ql0bQqFgKx,RoApvB83jV
3H7BBv3j7C,bjSmt6EX8o,BbadFv50Ei
WY3AmkQmxs,bOQ84LG8yQ,g2UcU3ub3i
0OaJOGFGdD,UKHmNCJ1Ep,0To5uOwhgK
EMLwuAKAEG,b9yOGUx3pl,XMu0Qq8NyP
lGSxEQQ8bN,p3f6twELII,8blchiMxYL
4xp0ETTkc8,ql0bQqFgKx,eG28xzPp2m
9Hzdyajzdu,AZadqlHsUN,rPZH3cZgb2
uluou8izCd,p3f6twELII,Fmpvfxwswq
uluou8izCd,ejSgB4P19T,cEPKv4TyjC
ZcXBxuYu7W,hL6koxT8vK,kFEdI1MQEO
xUMVYgBI7J,EZn2c6Sqao,g2UcU3ub3i
cUrmX3GV4D,ql0bQqFgKx,HmLOMDuZeY
ATeybFIuTQ,VXBvjILW4l,PjIzrpXBNV
FVzpxLJFKK,pIdz2ArSJd,TuRwdZL46L
dWuUGFOe1b,ejSgB4P19T,BbadFv50Ei
FVzpxLJFKK,A7oA1v9Ax1,cEPKv4TyjC
EOnkzmV7ND,nUFwyC0BAj,jZOwzhJjwa
7Hh3kV9mIX,bDcoTRYgku,0naFKFb6se
xyEInQvE1U,HUPang5JW4,uriR0kWoEY
umALkT56Xy,rdYk2JSFOZ,xQErweaCmw
FyAzhOpNly,nxtwKjphvt,PjIzrpXBNV
0x1V8UVLqh,eAm5FaKjru,rPZH3cZgb2
ZxsJeaFpg5,rdYk2JSFOZ,SLUB0VDe3L
0x1V8UVLqh,uQJBa7yRRm,pLeWEpjMyD
KQIGJ9eDk5,TnFL7eVZD9,LPi87bcU5k
x7FolH1EsA,7RYpyw9es0,Kpsmhl9j5r
7Hh3kV9mIX,KH4hmznKQN,euXHsacguW
lGSxEQQ8bN,HACGEeYiTg,jYIzpoPJ0v
nZ4msLXxTY,TnFL7eVZD9,0naFKFb6se
5Hq7fF9aK0,bjSmt6EX8o,sepm9qaOY9
lGSxEQQ8bN,HUPang5JW4,fq0bOHmieA
5Hq7fF9aK0,ejSgB4P19T,RoApvB83jV
ldbBahbqLj,b9yOGUx3pl,PjIzrpXBNV
ATeybFIuTQ,eAm5FaKjru,u136rWgBXY
x7FolH1EsA,TnFL7eVZD9,eG28xzPp2m
xUMVYgBI7J,4MVbu2iI15,1JtLYWK555
Dlq94L7rPh,L2vFnWn5yt,bWGH1JdS9n
cUrmX3GV4D,A7oA1v9Ax1,uriR0kWoEY
UhCJbQG0jF,rdYk2JSFOZ,XMu0Qq8NyP
ZxsJeaFpg5,fLM0vFMD6h,kzGeE3aDwE
4xp0ETTkc8,kFNSGfDIXN,JiGAtz5G1E
xyEInQvE1U,KH4hmznKQN,affVjALQAs
s9Fptw806W,nUFwyC0BAj,TuRwdZL46L
XIFO3VhtQH,czfBYIFNhs,cEPKv4TyjC
45AVHG6SDL,BejwYSNzm7,8blchiMxYL
umALkT56Xy,b9yOGUx3pl,LPi87bcU5k
0x1V8UVLqh,KoaWPsykpt,EYWwooWyNH
socFXUsXAD,pIdz2ArSJd,sooFh3KOaz
dWuUGFOe1b,3lejckzNYS,Auae4YJ0eg
wU1wdmKEca,4MVbu2iI15,pzZzDyittU
ZcXBxuYu7W,KoaWPsykpt,eG28xzPp2m
umALkT56Xy,yz0xcnsOMA,ce0qNFLRK7
x7FolH1EsA,UKHmNCJ1Ep,oiFynE587v
06DeQdaf4X,HULdxdPYgo,YFpN7AiA7C
ZcXBxuYu7W,bnQDB9V4ZQ,kE3nxUGutx
s9Fptw806W,BejwYSNzm7,YFpN7AiA7C
Dlq94L7rPh,7RYpyw9es0,BbadFv50Ei
FyAzhOpNly,OLkEycvtOv,dRLg8S96ZR
xJZiBD5DIo,EZn2c6Sqao,MlgnC1JEJn
s56xoRSQrg,nUFwyC0BAj,tzykp8dkDt
ldbBahbqLj,3lejckzNYS,MlgnC1JEJn
wU1wdmKEca,L2vFnWn5yt,YEaRUS13HE
4xp0ETTkc8,b9yOGUx3pl,aKxqbNFC5Y
7Hh3kV9mIX,BejwYSNzm7,phZtjyot3B
45AVHG6SDL,bBMMbiXWX2,8blchiMxYL
06DeQdaf4X,bOQ84LG8yQ,YFpN7AiA7C
XIFO3VhtQH,nxtwKjphvt,BbadFv50Ei
FVzpxLJFKK,bnQDB9V4ZQ,sepm9qaOY9
uluou8izCd,bDcoTRYgku,uOWyheTjfL
tRJBEnEFaO,TnFL7eVZD9,mTjlj8JQUH
s9Fptw806W,L2vFnWn5yt,cNCtFL47pi
FVzpxLJFKK,kFNSGfDIXN,u136rWgBXY
xSCCF3BYWn,hL6koxT8vK,EYWwooWyNH
WY3AmkQmxs,eAm5FaKjru,RoApvB83jV
XIFO3VhtQH,uQJBa7yRRm,980pBKGuMU
KQIGJ9eDk5,P9Vg4XQ5AK,grkjTJPNEP
cUrmX3GV4D,bOQ84LG8yQ,ce0qNFLRK7
ryNb8O1TRs,bOQ84LG8yQ,pLeWEpjMyD
x7FolH1EsA,ql0bQqFgKx,SLUB0VDe3L
ATeybFIuTQ,jMt9cpvHJ8,bniAJFNi0s
7n94AZBOkB,HULdxdPYgo,jYIzpoPJ0v
cUrmX3GV4D,uQJBa7yRRm,Fmpvfxwswq
uluou8izCd,VyLXDToji5,Smau1GgGyc
9Hzdyajzdu,in19yTwFqy,zpqJFscMr0
ZcXBxuYu7W,A7oA1v9Ax1,kE3nxUGutx
9Hzdyajzdu,in19yTwFqy,oiFynE587v
nZ4msLXxTY,bnQDB9V4ZQ,eViHIgFHdz
7Hh3kV9mIX,MBxLmTyDx0,Smau1GgGyc
dWuUGFOe1b,czfBYIFNhs,grkjTJPNEP
lGSxEQQ8bN,uQJBa7yRRm,aI8k5G0Fqi
x7FolH1EsA,BVP4o4g0u6,Fmpvfxwswq
tRJBEnEFaO,HUPang5JW4,kzGeE3aDwE
FVzpxLJFKK,UKHmNCJ1Ep,0To5uOwhgK
KQIGJ9eDk5,lA2l4dUPAN,YFpN7AiA7C
umALkT56Xy,VyLXDToji5,Z6wCalTBGF
ATeybFIuTQ,P9Vg4XQ5AK,OTAoG4WYc3
EMLwuAKAEG,lA2l4dUPAN,gOI6OsWLJo
ldbBahbqLj,MBxLmTyDx0,BWDiNzBBNi
wU1wdmKEca,7ZZbCsXnv0,t6IlYhIvCB
s56xoRSQrg,VXBvjILW4l,kE3nxUGutx
xSCCF3BYWn,Xi0fOUOila,BbadFv50Ei
5Hq7fF9aK0,PWFixIVSN0,tzykp8dkDt
9kQZDUILDP,kFNSGfDIXN,MlgnC1JEJn
WY3AmkQmxs,bjSmt6EX8o,YFpN7AiA7C
4xp0ETTkc8,jMt9cpvHJ8,PjIzrpXBNV
x7FolH1EsA,czfBYIFNhs,jZOwzhJjwa
QGoBUjHkki,AZadqlHsUN,uriR0kWoEY
FyAzhOpNly,sUUNXUZjSB,SLUB0VDe3L
9Hzdyajzdu,fLM0vFMD6h,zpqJFscMr0
ZxsJeaFpg5,yz0xcnsOMA,RoApvB83jV
ZxsJeaFpg5,A7oA1v9Ax1,HmLOMDuZeY
QGoBUjHkki,yz0xcnsOMA,aI8k5G0Fqi
ATeybFIuTQ,czfBYIFNhs,rPZH3cZgb2
ATeybFIuTQ,HUPang5JW4,EYWwooWyNH
s9Fptw806W,AZadqlHsUN,ck9zQiNv1C
socFXUsXAD,TnFL7eVZD9,EYWwooWyNH
Op8rarVKxa,in19yTwFqy,xQErweaCmw
4hGbj2aBVR,3lejckzNYS,pzZzDyittU
ZcXBxuYu7W,bOQ84LG8yQ,TuRwdZL46L
FyAzhOpNly,hL6koxT8vK,gOI6OsWLJo
ZxsJeaFpg5,in19yTwFqy,XMu0Qq8NyP
EOnkzmV7ND,pIdz2ArSJd,xs3hkZG4oL
7n94AZBOkB,rdYk2JSFOZ,xs3hkZG4oL
UhCJbQG0jF,MBxLmTyDx0,fq0bOHmieA
nZ4msLXxTY,p3f6twELII,73X8UvpzrJ
s56xoRSQrg,L2vFnWn5yt,ZGlh2Ehlh8
x7FolH1EsA,c1jIajAyha,bWGH1JdS9n
5SKHZGJsjV,TnFL7eVZD9,u136rWgBXY
ZcXBxuYu7W,hL6koxT8vK,oiFynE587v
tRJBEnEFaO,UKHmNCJ1Ep,YFpN7AiA7C
ATeybFIuTQ,PWFixIVSN0,kRtrxe3vK4
lGSxEQQ8bN,L2vFnWn5yt,pzZzDyittU
0x1V8UVLqh,czfBYIFNhs,bg9WkaHMvV
5SKHZGJsjV,HULdxdPYgo,T53Bt0ctPZ
9Hzdyajzdu,czfBYIFNhs,euXHsacguW
wU1wdmKEca,b9yOGUx3pl,sooFh3KOaz
7Hh3kV9mIX,bDcoTRYgku,eOHiVGE6Qe
ryNb8O1TRs,ejSgB4P19T,jZOwzhJjwa
WY3AmkQmxs,nUFwyC0BAj,rPZH3cZgb2
xSCCF3BYWn,7ZZbCsXnv0,u136rWgBXY
s56xoRSQrg,MBxLmTyDx0,FTzUt60i3t
s56xoRSQrg,UKHmNCJ1Ep,kRtrxe3vK4
3H7BBv3j7C,ejSgB4P19T,eOHiVGE6Qe
7n94AZBOkB,kFNSGfDIXN,Kpsmhl9j5r
KQIGJ9eDk5,L2vFnWn5yt,bg9WkaHMvV
nZ4msLXxTY,ql0bQqFgKx,Smau1GgGyc
5SKHZGJsjV,eAm5FaKjru,Y2RhankEm6
cUrmX3GV4D,BejwYSNzm7,T53Bt0ctPZ
Op8rarVKxa,hL6koxT8vK,zpqJFscMr0
ZcXBxuYu7W,pIdz2ArSJd,rPZH3cZgb2
xyEInQvE1U,eAm5FaKjru,rTCeMwk0w8
cUrmX3GV4D,p3f6twELII,iPPH0zeMY3
FVzpxLJFKK,bBMMbiXWX2,Z6wCalTBGF
ryNb8O1TRs,VyLXDToji5,73X8UvpzrJ
xJZiBD5DIo,hL6koxT8vK,uOWyheTjfL
EOnkzmV7ND,YOpJVyms0T,kE3nxUGutx
s56xoRSQrg,jMt9cpvHJ8,zpqJFscMr0
tRJBEnEFaO,pIdz2ArSJd,tzykp8dkDt
nZ4msLXxTY,pIdz2ArSJd,0To5uOwhgK
uluou8izCd,7ZZbCsXnv0,jYIzpoPJ0v
8pYnVWzpzR,yz0xcnsOMA,NYfIzmKrJf
xSCCF3BYWn,7RYpyw9es0,icb6Z9i2Lt
cUrmX3GV4D,ejSgB4P19T,ce0qNFLRK7
ZcXBxuYu7W,ejSgB4P19T,fq0bOHmieA
IBvWjkFney,nUFwyC0BAj,ttqLwIzqBw
xyEInQvE1U,EZn2c6Sqao,pLeWEpjMyD
socFXUsXAD,hL6koxT8vK,zpqJFscMr0
dWuUGFOe1b,jMt9cpvHJ8,FTzUt60i3t
4xp0ETTkc8,uQJBa7yRRm,Z6wCalTBGF
4hGbj2aBVR,BVP4o4g0u6,unLdpuPanW
umALkT56Xy,UKHmNCJ1Ep,uriR0kWoEY
x7FolH1EsA,UKHmNCJ1Ep,grkjTJPNEP
7Hh3kV9mIX,in19yTwFqy,Auae4YJ0eg
lGSxEQQ8bN,bOQ84LG8yQ,DTyXdNCZve
3H7BBv3j7C,ql0bQqFgKx,BbadFv50Ei
ZcXBxuYu7W,czfBYIFNhs,oe0L0cRFDB
xJZiBD5DIo,A7oA1v9Ax1,affVjALQAs
45AVHG6SDL,7RYpyw9es0,T53Bt0ctPZ
socFXUsXAD,VXBvjILW4l,YEaRUS13HE
nZ4msLXxTY,in19yTwFqy,jZOwzhJjwa
dWuUGFOe1b,jMt9cpvHJ8,BbadFv50Ei
IBvWjkFney,in19yTwFqy,d5Itwrg70X
UhCJbQG0jF,pIdz2ArSJd,cNCtFL47pi
Dlq94L7rPh,Xi0fOUOila,73X8UvpzrJ
dWuUGFOe1b,HACGEeYiTg,FTzUt60i3t
5SKHZGJsjV,7RYpyw9es0,TuRwdZL46L
FyAzhOpNly,KH4hmznKQN,0To5uOwhgK
xSCCF3BYWn,p3f6twELII,fZIWOmLNey
7n94AZBOkB,rdYk2JSFOZ,euXHsacguW
wU1wdmKEca,bjSmt6EX8o,Kpsmhl9j5r
umALkT56Xy,sUUNXUZjSB,980pBKGuMU
ryNb8O1TRs,czfBYIFNhs,NYfIzmKrJf
KQIGJ9eDk5,OLkEycvtOv,ttqLwIzqBw
socFXUsXAD,AZadqlHsUN,XN3NoHOiad
nZ4msLXxTY,kFNSGfDIXN,9sH0wNZVkP
9kQZDUILDP,UKHmNCJ1Ep,MlgnC1JEJn
KQIGJ9eDk5,4MVbu2iI15,g2UcU3ub3i
8pYnVWzpzR,nUFwyC0BAj,mTjlj8JQUH
WY3AmkQmxs,AZadqlHsUN,ck9zQiNv1C
7Hh3kV9mIX,bBMMbiXWX2,ttqLwIzqBw
cUrmX3GV4D,BejwYSNzm7,affVjALQAs
nZ4msLXxTY,bnQDB9V4ZQ,u136rWgBXY
VQtT65VuGn,UKHmNCJ1Ep,DTyXdNCZve
3H7BBv3j7C,A7oA1v9Ax1,9sH0wNZVkP
socFXUsXAD,VXBvjILW4l,xs3hkZG4oL
IBvWjkFney,TnFL7eVZD9,5JnQxcSlvJ
0OaJOGFGdD,KH4hmznKQN,xs3hkZG4oL
0OaJOGFGdD,bDcoTRYgku,ajPkfYW6Rd
XIFO3VhtQH,uQJBa7yRRm,BbadFv50Ei
xJZiBD5DIo,HUPang5JW4,EYWwooWyNH
ryNb8O1TRs,kFNSGfDIXN,d5Itwrg70X
umALkT56Xy,KoaWPsykpt,ttqLwIzqBw
5SKHZGJsjV,KH4hmznKQN,kE3nxUGutx
xyEInQvE1U,lA2l4dUPAN,ZGlh2Ehlh8
0OaJOGFGdD,ql0bQqFgKx,aI8k5G0Fqi
xUMVYgBI7J,BVP4o4g0u6,ttqLwIzqBw
tRJBEnEFaO,ejSgB4P19T,cNCtFL47pi
IBvWjkFney,nxtwKjphvt,dRLg8S96ZR
ZcXBxuYu7W,p3f6twELII,zpqJFscMr0
9Hzdyajzdu,nUFwyC0BAj,cEPKv4TyjC
45AVHG6SDL,kFNSGfDIXN,XrPPnXrnJ3
ryNb8O1TRs,AZadqlHsUN,9sH0wNZVkP
s9Fptw806W,nxtwKjphvt,73l1iRUEvw
5SKHZGJsjV,7ZZbCsXnv0,BbadFv50Ei
EMLwuAKAEG,sUUNXUZjSB,9sH0wNZVkP
s56xoRSQrg,A7oA1v9Ax1,9sH0wNZVkP
06DeQdaf4X,A7oA1v9Ax1,eViHIgFHdz
XIFO3VhtQH,ejSgB4P19T,BbadFv50Ei
xyEInQvE1U,sUUNXUZjSB,73l1iRUEvw
06DeQdaf4X,kFNSGfDIXN,FTzUt60i3t
ATeybFIuTQ,P9Vg4XQ5AK,BbadFv50Ei
uluou8izCd,nUFwyC0BAj,JiGAtz5G1E
0OaJOGFGdD,YOpJVyms0T,unLdpuPanW
cUrmX3GV4D,EZn2c6Sqao,73l1iRUEvw
7Hh3kV9mIX,rdYk2JSFOZ,Shlmc7tTVf
4hGbj2aBVR,hL6koxT8vK,MlgnC1JEJn
5Hq7fF9aK0,7ZZbCsXnv0,980pBKGuMU
0x1V8UVLqh,yz0xcnsOMA,0To5uOwhgK
ZcXBxuYu7W,KoaWPsykpt,pzZzDyittU
dWuUGFOe1b,in19yTwFqy,sepm9qaOY9
ldbBahbqLj,bDcoTRYgku,gOI6OsWLJo
3LnmekGoPa,YOpJVyms0T,affVjALQAs
ZxsJeaFpg5,P9Vg4XQ5AK,grkjTJPNEP
FE34LTqb2p,Xi0fOUOila,Za0P0MkdAR
FVzpxLJFKK,uQJBa7yRRm,aI8k5G0Fqi
EMLwuAKAEG,OLkEycvtOv,rPZH3cZgb2
VQtT65VuGn,AZadqlHsUN,tzykp8dkDt
Op8rarVKxa,VyLXDToji5,JiGAtz5G1E
FVzpxLJFKK,in19yTwFqy,kzGeE3aDwE
3LnmekGoPa,c1jIajAyha,1JtLYWK555
7n94AZBOkB,ql0bQqFgKx,pLeWEpjMyD
x7FolH1EsA,VXBvjILW4l,LPi87bcU5k
ryNb8O1TRs,p3f6twELII,ZGlh2Ehlh8
xyEInQvE1U,HUPang5JW4,iPPH0zeMY3
FE34LTqb2p,BVP4o4g0u6,jYIzpoPJ0v
socFXUsXAD,4MVbu2iI15,cEPKv4TyjC
tRJBEnEFaO,p3f6twELII,HmLOMDuZeY
s9Fptw806W,3lejckzNYS,XrPPnXrnJ3
Op8rarVKxa,KoaWPsykpt,Y2RhankEm6
4xp0ETTkc8,KH4hmznKQN,FTzUt60i3t
dWuUGFOe1b,nUFwyC0BAj,0To5uOwhgK
ZxsJeaFpg5,lA2l4dUPAN,eG28xzPp2m
xyEInQvE1U,bnQDB9V4ZQ,jZOwzhJjwa
5SKHZGJsjV,bnQDB9V4ZQ,RoApvB83jV
EOnkzmV7ND,VyLXDToji5,eOHiVGE6Qe
xSCCF3BYWn,OLkEycvtOv,9sH0wNZVkP
ryNb8O1TRs,sUUNXUZjSB,jkjQ2gMOyo
5Hq7fF9aK0,bBMMbiXWX2,r9FCNFdWIV
4xp0ETTkc8,bBMMbiXWX2,iPPH0zeMY3
UhCJbQG0jF,eAm5FaKjru,unLdpuPanW
dWuUGFOe1b,b9yOGUx3pl,oiFynE587v
dWuUGFOe1b,YOpJVyms0T,fZIWOmLNey
5SKHZGJsjV,fLM0vFMD6h,bniAJFNi0s
4hGbj2aBVR,A7oA1v9Ax1,BWDiNzBBNi
xJZiBD5DIo,HUPang5JW4,RoApvB83jV
5SKHZGJsjV,3lejckzNYS,ajPkfYW6Rd
UhCJbQG0jF,bjSmt6EX8o,He1HJCxk6B
7n94AZBOkB,bDcoTRYgku,Kpsmhl9j5r
0x1V8UVLqh,PWFixIVSN0,XMu0Qq8NyP
ATeybFIuTQ,sUUNXUZjSB,FTzUt60i3t
cUrmX3GV4D,bnQDB9V4ZQ,tzykp8dkDt
lGSxEQQ8bN,nUFwyC0BAj,dRLg8S96ZR
XIFO3VhtQH,nxtwKjphvt,eOHiVGE6Qe
XIFO3VhtQH,VyLXDToji5,He1HJCxk6B
s56xoRSQrg,b9yOGUx3pl,Shlmc7tTVf
dWuUGFOe1b,kFNSGfDIXN,0To5uOwhgK
EMLwuAKAEG,czfBYIFNhs,JiGAtz5G1E
tRJBEnEFaO,UKHmNCJ1Ep,cEPKv4TyjC
0OaJOGFGdD,czfBYIFNhs,tzykp8dkDt
cUrmX3GV4D,eAm5FaKjru,5JnQxcSlvJ
umALkT56Xy,rdYk2JSFOZ,tzykp8dkDt
xJZiBD5DIo,HULdxdPYgo,ajPkfYW6Rd
ATeybFIuTQ,fLM0vFMD6h,r9FCNFdWIV
QGoBUjHkki,HULdxdPYgo,t6IlYhIvCB
45AVHG6SDL,PWFixIVSN0,xQErweaCmw
ryNb8O1TRs,KoaWPsykpt,PjIzrpXBNV
cUrmX3GV4D,YOpJVyms0T,dRLg8S96ZR
UhCJbQG0jF,HACGEeYiTg,sepm9qaOY9
nZ4msLXxTY,nxtwKjphvt,XN3NoHOiad
s56xoRSQrg,yz0xcnsOMA,rPZH3cZgb2
Op8rarVKxa,L2vFnWn5yt,d5Itwrg70X
3H7BBv3j7C,pIdz2ArSJd,LPi87bcU5k
EMLwuAKAEG,YOpJVyms0T,hHWhQCncpK
4xp0ETTkc8,HACGEeYiTg,cNCtFL47pi
ryNb8O1TRs,kFNSGfDIXN,aI8k5G0Fqi
4hGbj2aBVR,bDcoTRYgku,euXHsacguW
4xp0ETTkc8,kFNSGfDIXN,1JtLYWK555
VQtT65VuGn,7ZZbCsXnv0,DTyXdNCZve
ryNb8O1TRs,fLM0vFMD6h,iPPH0zeMY3
KQIGJ9eDk5,7RYpyw9es0,kRtrxe3vK4
WY3AmkQmxs,PWFixIVSN0,jYIzpoPJ0v
5Hq7fF9aK0,bnQDB9V4ZQ,8blchiMxYL
ZxsJeaFpg5,lA2l4dUPAN,8blchiMxYL
xSCCF3BYWn,jMt9cpvHJ8,PjIzrpXBNV
ryNb8O1TRs,KH4hmznKQN,fq0bOHmieA
5SKHZGJsjV,nxtwKjphvt,6eHdxhCYK7
xSCCF3BYWn,bnQDB9V4ZQ,XrPPnXrnJ3
Dlq94L7rPh,pIdz2ArSJd,grkjTJPNEP
x7FolH1EsA,KoaWPsykpt,aKxqbNFC5Y
cUrmX3GV4D,HULdxdPYgo,dRLg8S96ZR
XIFO3VhtQH,b9yOGUx3pl,1JtLYWK555
s9Fptw806W,jMt9cpvHJ8,bWGH1JdS9n
tRJBEnEFaO,nxtwKjphvt,HmLOMDuZeY
VQtT65VuGn,b9yOGUx3pl,YFpN7AiA7C
EOnkzmV7ND,bBMMbiXWX2,affVjALQAs
ldbBahbqLj,BVP4o4g0u6,Shlmc7tTVf
umALkT56Xy,in19yTwFqy,XN3NoHOiad
45AVHG6SDL,nxtwKjphvt,Z6wCalTBGF
FVzpxLJFKK,ejSgB4P19T,bniAJFNi0s
4hGbj2aBVR,bOQ84LG8yQ,d5Itwrg70X
x7FolH1EsA,OLkEycvtOv,DxxYvfCFWM
45AVHG6SDL,MBxLmTyDx0,EYWwooWyNH
06DeQdaf4X,OLkEycvtOv,bniAJFNi0s
8pYnVWzpzR,kFNSGfDIXN,cNCtFL47pi
UhCJbQG0jF,7RYpyw9es0,zpqJFscMr0
7Hh3kV9mIX,YOpJVyms0T,ce0qNFLRK7
xJZiBD5DIo,lA2l4dUPAN,HmLOMDuZeY
3LnmekGoPa,KH4hmznKQN,fZIWOmLNey
ZxsJeaFpg5,p3f6twELII,pzZzDyittU
s56xoRSQrg,bBMMbiXWX2,eG28xzPp2m
Op8rarVKxa,7ZZbCsXnv0,BWDiNzBBNi
WY3AmkQmxs,KoaWPsykpt,grkjTJPNEP
ryNb8O1TRs,EZn2c6Sqao,Fmpvfxwswq
KQIGJ9eDk5,c1jIajAyha,Za0P0MkdAR
socFXUsXAD,L2vFnWn5yt,Y2RhankEm6
xyEInQvE1U,in19yTwFqy,LnsIRtVKVP
06DeQdaf4X,Xi0fOUOila,0To5uOwhgK
FVzpxLJFKK,bBMMbiXWX2,He1HJCxk6B
8pYnVWzpzR,A7oA1v9Ax1,ZGlh2Ehlh8
uluou8izCd,Xi0fOUOila,LnsIRtVKVP
0OaJOGFGdD,HACGEeYiTg,MlgnC1JEJn
s56xoRSQrg,bnQDB9V4ZQ,unLdpuPanW
FE34LTqb2p,lA2l4dUPAN,Auae4YJ0eg
3LnmekGoPa,fLM0vFMD6h,fq0bOHmieA
xJZiBD5DIo,7RYpyw9es0,LPi87bcU5k
4hGbj2aBVR,czfBYIFNhs,cEPKv4TyjC
EMLwuAKAEG,ejSgB4P19T,T53Bt0ctPZ
4hGbj2aBVR,VyLXDToji5,BWDiNzBBNi
XIFO3VhtQH,in19yTwFqy,jYIzpoPJ0v
xyEInQvE1U,KoaWPsykpt,DTyXdNCZve
FE34LTqb2p,b9yOGUx3pl,kE3nxUGutx
9Hzdyajzdu,nxtwKjphvt,ck9zQiNv1C
ZxsJeaFpg5,Xi0fOUOila,JiGAtz5G1E
socFXUsXAD,p3f6twELII,dRLg8S96ZR
cUrmX3GV4D,7RYpyw9es0,kE3nxUGutx
5SKHZGJsjV,czfBYIFNhs,uriR0kWoEY
cUrmX3GV4D,jMt9cpvHJ8,ZGlh2Ehlh8
EOnkzmV7ND,VyLXDToji5,5JnQxcSlvJ
tRJBEnEFaO,b9yOGUx3pl,rTCeMwk0w8
3LnmekGoPa,bDcoTRYgku,dRLg8S96ZR
KQIGJ9eDk5,pIdz2ArSJd,ttqLwIzqBw
x7FolH1EsA,rdYk2JSFOZ,73l1iRUEvw
wU1wdmKEca,czfBYIFNhs,aI8k5G0Fqi
4xp0ETTkc8,P9Vg4XQ5AK,YFpN7AiA7C
ldbBahbqLj,bDcoTRYgku,fZIWOmLNey
FyAzhOpNly,L2vFnWn5yt,XN3NoHOiad
ZxsJeaFpg5,bOQ84LG8yQ,980pBKGuMU
5Hq7fF9aK0,P9Vg4XQ5AK,9sH0wNZVkP
VQtT65VuGn,b9yOGUx3pl,ce0qNFLRK7
WY3AmkQmxs,EZn2c6Sqao,phZtjyot3B
lGSxEQQ8bN,BVP4o4g0u6,0nZQJHrEtZ
UhCJbQG0jF,YOpJVyms0T,OTAoG4WYc3
EMLwuAKAEG,PWFixIVSN0,XN3NoHOiad
7Hh3kV9mIX,nxtwKjphvt,g2UcU3ub3i
7n94AZBOkB,YOpJVyms0T,Kpsmhl9j5r
KQIGJ9eDk5,P9Vg4XQ5AK,ttqLwIzqBw
xJZiBD5DIo,KoaWPsykpt,HmLOMDuZeY
3H7BBv3j7C,PWFixIVSN0,XMu0Qq8NyP
xJZiBD5DIo,YOpJVyms0T,Y2RhankEm6
UhCJbQG0jF,uQJBa7yRRm,Kpsmhl9j5r
umALkT56Xy,jMt9cpvHJ8,ZGlh2Ehlh8
VQtT65VuGn,TnFL7eVZD9,Y2RhankEm6
9Hzdyajzdu,hL6koxT8vK,gf3kRlMeIx
nZ4msLXxTY,HUPang5JW4,fq0bOHmieA
EOnkzmV7ND,MBxLmTyDx0,unLdpuPanW
XIFO3VhtQH,7RYpyw9es0,x0XpZD2q1n
FE34LTqb2p,nxtwKjphvt,OTAoG4WYc3
IBvWjkFney,UKHmNCJ1Ep,gOI6OsWLJo
FVzpxLJFKK,ql0bQqFgKx,t6IlYhIvCB
9Hzdyajzdu,7ZZbCsXnv0,1JtLYWK555
IBvWjkFney,nxtwKjphvt,kE3nxUGutx
QGoBUjHkki,4MVbu2iI15,73l1iRUEvw
Dlq94L7rPh,kFNSGfDIXN,Shlmc7tTVf
xyEInQvE1U,bnQDB9V4ZQ,oe0L0cRFDB
7n94AZBOkB,4MVbu2iI15,rPZH3cZgb2
FE34LTqb2p,bjSmt6EX8o,grkjTJPNEP
EMLwuAKAEG,ql0bQqFgKx,tzykp8dkDt
s9Fptw806W,TnFL7eVZD9,rTCeMwk0w8
XIFO3VhtQH,HUPang5JW4,mTjlj8JQUH
x7FolH1EsA,VXBvjILW4l,eOHiVGE6Qe
nZ4msLXxTY,bjSmt6EX8o,eViHIgFHdz
9Hzdyajzdu,c1jIajAyha,uriR0kWoEY
EMLwuAKAEG,uQJBa7yRRm,DxxYvfCFWM
7n94AZBOkB,PWFixIVSN0,Za0P0MkdAR
4hGbj2aBVR,nxtwKjphvt,jZOwzhJjwa
Op8rarVKxa,bDcoTRYgku,5JnQxcSlvJ
VQtT65VuGn,Xi0fOUOila,LPi87bcU5k
4hGbj2aBVR,eAm5FaKjru,980pBKGuMU
dWuUGFOe1b,ql0bQqFgKx,t6IlYhIvCB
VQtT65VuGn,A7oA1v9Ax1,t6IlYhIvCB
x7FolH1EsA,MBxLmTyDx0,XMu0Qq8NyP
XIFO3VhtQH,KoaWPsykpt,rTCeMwk0w8
8pYnVWzpzR,A7oA1v9Ax1,MlgnC1JEJn
9kQZDUILDP,BejwYSNzm7,NYfIzmKrJf
xSCCF3BYWn,BejwYSNzm7,cNCtFL47pi
9kQZDUILDP,bjSmt6EX8o,bWGH1JdS9n
9Hzdyajzdu,HULdxdPYgo,rTCeMwk0w8
uluou8izCd,VyLXDToji5,HmLOMDuZeY
xUMVYgBI7J,nUFwyC0BAj,oiFynE587v
ldbBahbqLj,nUFwyC0BAj,sooFh3KOaz
ZxsJeaFpg5,lA2l4dUPAN,rPZH3cZgb2
9kQZDUILDP,in19yTwFqy,u136rWgBXY
ATeybFIuTQ,4MVbu2iI15,kzGeE3aDwE
VQtT65VuGn,P9Vg4XQ5AK,g2UcU3ub3i
VQtT65VuGn,L2vFnWn5yt,kE3nxUGutx
XIFO3VhtQH,eAm5FaKjru,fZIWOmLNey
9kQZDUILDP,bBMMbiXWX2,Gnw72VS0Di
ZcXBxuYu7W,VyLXDToji5,fq0bOHmieA
s9Fptw806W,7RYpyw9es0,cEPKv4TyjC
FE34LTqb2p,UKHmNCJ1Ep,Kpsmhl9j5r
0OaJOGFGdD,UKHmNCJ1Ep,ce0qNFLRK7
EOnkzmV7ND,VXBvjILW4l,0nZQJHrEtZ
xJZiBD5DIo,KH4hmznKQN,iPPH0zeMY3
06DeQdaf4X,TnFL7eVZD9,OTAoG4WYc3
4xp0ETTkc8,in19yTwFqy,bniAJFNi0s
4hGbj2aBVR,bnQDB9V4ZQ,0nZQJHrEtZ
lGSxEQQ8bN,HACGEeYiTg,zpqJFscMr0
FVzpxLJFKK,VyLXDToji5,grkjTJPNEP
ryNb8O1TRs,TnFL7eVZD9,eViHIgFHdz
4xp0ETTkc8,KH4hmznKQN,pzZzDyittU
cUrmX3GV4D,EZn2c6Sqao,9sH0wNZVkP
XIFO3VhtQH,eAm5FaKjru,LnsIRtVKVP
xUMVYgBI7J,HACGEeYiTg,rTCeMwk0w8
umALkT56Xy,in19yTwFqy,tzykp8dkDt
ryNb8O1TRs,7RYpyw9es0,grkjTJPNEP
xUMVYgBI7J,lA2l4dUPAN,pLeWEpjMyD
3LnmekGoPa,c1jIajAyha,BbadFv50Ei
uluou8izCd,fLM0vFMD6h,9sH0wNZVkP
0OaJOGFGdD,uQJBa7yRRm,oe0L0cRFDB
FyAzhOpNly,VXBvjILW4l,jZOwzhJjwa
xSCCF3BYWn,b9yOGUx3pl,XMu0Qq8NyP
socFXUsXAD,AZadqlHsUN,g2UcU3ub3i
wU1wdmKEca,lA2l4dUPAN,kFEdI1MQEO
umALkT56Xy,lA2l4dUPAN,kE3nxUGutx
Op8rarVKxa,OLkEycvtOv,t6IlYhIvCB
xUMVYgBI7J,kFNSGfDIXN,oe0L0cRFDB
5SKHZGJsjV,HUPang5JW4,aKxqbNFC5Y
xUMVYgBI7J,yz0xcnsOMA,BWDiNzBBNi
socFXUsXAD,OLkEycvtOv,YEaRUS13HE
Op8rarVKxa,p3f6twELII,EYWwooWyNH
ryNb8O1TRs,PWFixIVSN0,980pBKGuMU
socFXUsXAD,bOQ84LG8yQ,fZIWOmLNey
cUrmX3GV4D,nxtwKjphvt,jYIzpoPJ0v
FyAzhOpNly,TnFL7eVZD9,TuRwdZL46L
Dlq94L7rPh,L2vFnWn5yt,icb6Z9i2Lt
4hGbj2aBVR,nUFwyC0BAj,ck9zQiNv1C
KQIGJ9eDk5,MBxLmTyDx0,aI8k5G0Fqi
ryNb8O1TRs,OLkEycvtOv,aKxqbNFC5Y
XIFO3VhtQH,TnFL7eVZD9,rPZH3cZgb2
xSCCF3BYWn,hL6koxT8vK,cEPKv4TyjC
ldbBahbqLj,UKHmNCJ1Ep,Shlmc7tTVf
9kQZDUILDP,AZadqlHsUN,He1HJCxk6B
s9Fptw806W,PWFixIVSN0,aI8k5G0Fqi
5Hq7fF9aK0,rdYk2JSFOZ,FTzUt60i3t
xUMVYgBI7J,PWFixIVSN0,bniAJFNi0s
4hGbj2aBVR,nxtwKjphvt,Smau1GgGyc
0OaJOGFGdD,rdYk2JSFOZ,DxxYvfCFWM
7Hh3kV9mIX,bnQDB9V4ZQ,YEaRUS13HE
xyEInQvE1U,nxtwKjphvt,XrPPnXrnJ3
tRJBEnEFaO,A7oA1v9Ax1,affVjALQAs
3H7BBv3j7C,nxtwKjphvt,unLdpuPanW
0OaJOGFGdD,bDcoTRYgku,kFEdI1MQEO
EOnkzmV7ND,ejSgB4P19T,icb6Z9i2Lt
umALkT56Xy,UKHmNCJ1Ep,RoApvB83jV
06DeQdaf4X,KoaWPsykpt,1JtLYWK555
QGoBUjHkki,EZn2c6Sqao,kRtrxe3vK4
UhCJbQG0jF,bjSmt6EX8o,rPZH3cZgb2
umALkT56Xy,lA2l4dUPAN,XMu0Qq8NyP
06DeQdaf4X,VXBvjILW4l,sepm9qaOY9
06DeQdaf4X,bnQDB9V4ZQ,Auae4YJ0eg
xyEInQvE1U,KoaWPsykpt,NYfIzmKrJf
ZxsJeaFpg5,AZadqlHsUN,TuRwdZL46L
tRJBEnEFaO,uQJBa7yRRm,bg9WkaHMvV
Dlq94L7rPh,P9Vg4XQ5AK,euXHsacguW
FVzpxLJFKK,P9Vg4XQ5AK,Z6wCalTBGF
dWuUGFOe1b,HACGEeYiTg,bWGH1JdS9n
Op8rarVKxa,VXBvjILW4l,pzZzDyittU
7Hh3kV9mIX,MBxLmTyDx0,euXHsacguW
3LnmekGoPa,KoaWPsykpt,Gnw72VS0Di
s9Fptw806W,b9yOGUx3pl,5JnQxcSlvJ
wU1wdmKEca,Xi0fOUOila,NYfIzmKrJf
x7FolH1EsA,lA2l4dUPAN,uriR0kWoEY
06DeQdaf4X,ql0bQqFgKx,u136rWgBXY
xyEInQvE1U,VXBvjILW4l,pzZzDyittU
ryNb8O1TRs,EZn2c6Sqao,Smau1GgGyc
Dlq94L7rPh,3lejckzNYS,LPi87bcU5k
4xp0ETTkc8,YOpJVyms0T,hHWhQCncpK
ryNb8O1TRs,ql0bQqFgKx,dRLg8S96ZR
umALkT56Xy,eAm5FaKjru,rPZH3cZgb2
UhCJbQG0jF,sUUNXUZjSB,mTjlj8JQUH
s56xoRSQrg,uQJBa7yRRm,zpqJFscMr0
IBvWjkFney,pIdz2ArSJd,bWGH1JdS9n
cUrmX3GV4D,P9Vg4XQ5AK,0nZQJHrEtZ
VQtT65VuGn,ejSgB4P19T,6eHdxhCYK7
0OaJOGFGdD,P9Vg4XQ5AK,uOWyheTjfL
cUrmX3GV4D,lA2l4dUPAN,oiFynE587v
9Hzdyajzdu,c1jIajAyha,Gnw72VS0Di
FE34LTqb2p,bOQ84LG8yQ,0nZQJHrEtZ
x7FolH1EsA,eAm5FaKjru,jZOwzhJjwa
xSCCF3BYWn,pIdz2ArSJd,eG28xzPp2m
wU1wdmKEca,bnQDB9V4ZQ,aI8k5G0Fqi
ldbBahbqLj,c1jIajAyha,mTjlj8JQUH
4xp0ETTkc8,uQJBa7yRRm,xQErweaCmw
0OaJOGFGdD,bjSmt6EX8o,ce0qNFLRK7
xUMVYgBI7J,nUFwyC0BAj,fq0bOHmieA
ATeybFIuTQ,EZn2c6Sqao,ZGlh2Ehlh8
4xp0ETTkc8,pIdz2ArSJd,73X8UvpzrJ
wU1wdmKEca,TnFL7eVZD9,x0XpZD2q1n
tRJBEnEFaO,sUUNXUZjSB,bniAJFNi0s
xUMVYgBI7J,jMt9cpvHJ8,Kpsmhl9j5r
xSCCF3BYWn,HULdxdPYgo,cNCtFL47pi
xUMVYgBI7J,P9Vg4XQ5AK,EYWwooWyNH
FE34LTqb2p,L2vFnWn5yt,DxxYvfCFWM
WY3AmkQmxs,czfBYIFNhs,pLeWEpjMyD
VQtT65VuGn,BejwYSNzm7,euXHsacguW
KQIGJ9eDk5,A7oA1v9Ax1,bWGH1JdS9n
xJZiBD5DIo,Xi0fOUOila,YFpN7AiA7C
ATeybFIuTQ,A7oA1v9Ax1,XN3NoHOiad
ldbBahbqLj,EZn2c6Sqao,SLUB0VDe3L
FE34LTqb2p,PWFixIVSN0,PjIzrpXBNV
45AVHG6SDL,AZadqlHsUN,ajPkfYW6Rd
Dlq94L7rPh,KoaWPsykpt,OTAoG4WYc3
Op8rarVKxa,p3f6twELII,aKxqbNFC5Y
tRJBEnEFaO,7RYpyw9es0,u136rWgBXY
KQIGJ9eDk5,P9Vg4XQ5AK,Shlmc7tTVf
dWuUGFOe1b,b9yOGUx3pl,0To5uOwhgK
EMLwuAKAEG,7ZZbCsXnv0,affVjALQAs
umALkT56Xy,PWFixIVSN0,euXHsacguW
wU1wdmKEca,sUUNXUZjSB,YEaRUS13HE
s9Fptw806W,Xi0fOUOila,73l1iRUEvw
45AVHG6SDL,nxtwKjphvt,PjIzrpXBNV
s56xoRSQrg,VyLXDToji5,sepm9qaOY9
ryNb8O1TRs,czfBYIFNhs,He1HJCxk6B
IBvWjkFney,bjSmt6EX8o,grkjTJPNEP
ZcXBxuYu7W,c1jIajAyha,5JnQxcSlvJ
socFXUsXAD,fLM0vFMD6h,ttqLwIzqBw
Dlq94L7rPh,hL6koxT8vK,jYIzpoPJ0v
xJZiBD5DIo,VXBvjILW4l,xs3hkZG4oL
5SKHZGJsjV,pIdz2ArSJd,fq0bOHmieA
lGSxEQQ8bN,BejwYSNzm7,JiGAtz5G1E
tRJBEnEFaO,7ZZbCsXnv0,73X8UvpzrJ
9Hzdyajzdu,sUUNXUZjSB,Auae4YJ0eg
xyEInQvE1U,PWFixIVSN0,bniAJFNi0s
7Hh3kV9mIX,eAm5FaKjru,Auae4YJ0eg
9kQZDUILDP,eAm5FaKjru,kE3nxUGutx
8pYnVWzpzR,VyLXDToji5,PjIzrpXBNV
9Hzdyajzdu,c1jIajAyha,fZIWOmLNey
s9Fptw806W,pIdz2ArSJd,1JtLYWK555
s56xoRSQrg,AZadqlHsUN,Smau1GgGyc
7n94AZBOkB,HULdxdPYgo,Za0P0MkdAR
0OaJOGFGdD,hL6koxT8vK,bg9WkaHMvV
s9Fptw806W,VyLXDToji5,sepm9qaOY9
0x1V8UVLqh,HACGEeYiTg,uOWyheTjfL
cUrmX3GV4D,bjSmt6EX8o,9sH0wNZVkP
4hGbj2aBVR,4MVbu2iI15,x0XpZD2q1n
4xp0ETTkc8,ql0bQqFgKx,Gnw72VS0Di
xyEInQvE1U,OLkEycvtOv,xQErweaCmw
7n94AZBOkB,ql0bQqFgKx,RoApvB83jV
XIFO3VhtQH,uQJBa7yRRm,tzykp8dkDt
uluou8izCd,VXBvjILW4l,8blchiMxYL
socFXUsXAD,jMt9cpvHJ8,DxxYvfCFWM
WY3AmkQmxs,PWFixIVSN0,Z6wCalTBGF
3LnmekGoPa,rdYk2JSFOZ,PjIzrpXBNV
s56xoRSQrg,HULdxdPYgo,u136rWgBXY
s56xoRSQrg,bBMMbiXWX2,73X8UvpzrJ
tRJBEnEFaO,UKHmNCJ1Ep,kE3nxUGutx
VQtT65VuGn,Xi0fOUOila,EYWwooWyNH
umALkT56Xy,KoaWPsykpt,phZtjyot3B
VQtT65VuGn,Xi0fOUOila,rPZH3cZgb2
0x1V8UVLqh,BejwYSNzm7,unLdpuPanW
ldbBahbqLj,HACGEeYiTg,xs3hkZG4oL
EOnkzmV7ND,7ZZbCsXnv0,Kpsmhl9j5r
FVzpxLJFKK,in19yTwFqy,DxxYvfCFWM
Op8rarVKxa,lA2l4dUPAN,LnsIRtVKVP
9Hzdyajzdu,ejSgB4P19T,oiFynE587v
ldbBahbqLj,yz0xcnsOMA,XN3NoHOiad
ryNb8O1TRs,bnQDB9V4ZQ,He1HJCxk6B
x7FolH1EsA,bBMMbiXWX2,73X8UvpzrJ
Op8rarVKxa,P9Vg4XQ5AK,XrPPnXrnJ3
WY3AmkQmxs,KoaWPsykpt,dRLg8S96ZR
3LnmekGoPa,TnFL7eVZD9,d5Itwrg70X
IBvWjkFney,TnFL7eVZD9,fq0bOHmieA
9Hzdyajzdu,bOQ84LG8yQ,oe0L0cRFDB
Op8rarVKxa,KoaWPsykpt,icb6Z9i2Lt
xSCCF3BYWn,lA2l4dUPAN,d5Itwrg70X
XIFO3VhtQH,hL6koxT8vK,JiGAtz5G1E
9kQZDUILDP,HULdxdPYgo,bg9WkaHMvV
xUMVYgBI7J,HACGEeYiTg,jZOwzhJjwa
cUrmX3GV4D,VXBvjILW4l,Smau1GgGyc
4hGbj2aBVR,HUPang5JW4,r9FCNFdWIV
KQIGJ9eDk5,VyLXDToji5,sooFh3KOaz
umALkT56Xy,3lejckzNYS,grkjTJPNEP
UhCJbQG0jF,hL6koxT8vK,iPPH0zeMY3
VQtT65VuGn,nxtwKjphvt,mTjlj8JQUH
FyAzhOpNly,yz0xcnsOMA,NYfIzmKrJf
ldbBahbqLj,b9yOGUx3pl,ce0qNFLRK7
0OaJOGFGdD,Xi0fOUOila,gf3kRlMeIx
Op8rarVKxa,7ZZbCsXnv0,He1HJCxk6B
Dlq94L7rPh,YOpJVyms0T,5JnQxcSlvJ
xyEInQvE1U,sUUNXUZjSB,kzGeE3aDwE
5SKHZGJsjV,VyLXDToji5,euXHsacguW
5SKHZGJsjV,AZadqlHsUN,kE3nxUGutx
7n94AZBOkB,eAm5FaKjru,aKxqbNFC5Y
KQIGJ9eDk5,P9Vg4XQ5AK,kFEdI1MQEO
lGSxEQQ8bN,czfBYIFNhs,FTzUt60i3t
5SKHZGJsjV,fLM0vFMD6h,icb6Z9i2Lt
s9Fptw806W,pIdz2ArSJd,BbadFv50Ei
ZxsJeaFpg5,in19yTwFqy,bg9WkaHMvV
Dlq94L7rPh,EZn2c6Sqao,euXHsacguW
QGoBUjHkki,BVP4o4g0u6,jYIzpoPJ0v
x7FolH1EsA,HUPang5JW4,Fmpvfxwswq
5Hq7fF9aK0,A7oA1v9Ax1,ce0qNFLRK7
FE34LTqb2p,nxtwKjphvt,kzGeE3aDwE
45AVHG6SDL,KH4hmznKQN,0naFKFb6se
xJZiBD5DIo,p3f6twELII,ttqLwIzqBw
ryNb8O1TRs,BVP4o4g0u6,73X8UvpzrJ
UhCJbQG0jF,uQJBa7yRRm,kRtrxe3vK4
uluou8izCd,HACGEeYiTg,OTAoG4WYc3
0OaJOGFGdD,bOQ84LG8yQ,ajPkfYW6Rd
x7FolH1EsA,AZadqlHsUN,unLdpuPanW
EMLwuAKAEG,L2vFnWn5yt,JiGAtz5G1E
ZxsJeaFpg5,7ZZbCsXnv0,Smau1GgGyc
9kQZDUILDP,AZadqlHsUN,bg9WkaHMvV
dWuUGFOe1b,b9yOGUx3pl,jkjQ2gMOyo
FVzpxLJFKK,sUUNXUZjSB,r9FCNFdWIV
0OaJOGFGdD,KH4hmznKQN,6eHdxhCYK7
umALkT56Xy,AZadqlHsUN,phZtjyot3B
dWuUGFOe1b,UKHmNCJ1Ep,DxxYvfCFWM
uluou8izCd,VXBvjILW4l,Za0P0MkdAR
9Hzdyajzdu,A7oA1v9Ax1,rPZH3cZgb2
0x1V8UVLqh,TnFL7eVZD9,kzGeE3aDwE
xUMVYgBI7J,KH4hmznKQN,XN3NoHOiad
nZ4msLXxTY,bBMMbiXWX2,kFEdI1MQEO
UhCJbQG0jF,bjSmt6EX8o,aKxqbNFC5Y
cUrmX3GV4D,jMt9cpvHJ8,gf3kRlMeIx
umALkT56Xy,fLM0vFMD6h,Za0P0MkdAR
uluou8izCd,nxtwKjphvt,x0XpZD2q1n
9kQZDUILDP,7RYpyw9es0,aI8k5G0Fqi
XIFO3VhtQH,4MVbu2iI15,sepm9qaOY9
5Hq7fF9aK0,VXBvjILW4l,zpqJFscMr0
06DeQdaf4X,ejSgB4P19T,YFpN7AiA7C
0OaJOGFGdD,OLkEycvtOv,xs3hkZG4oL
3H7BBv3j7C,EZn2c6Sqao,grkjTJPNEP
ryNb8O1TRs,bjSmt6EX8o,kFEdI1MQEO
7Hh3kV9mIX,bBMMbiXWX2,dRLg8S96ZR
EMLwuAKAEG,bOQ84LG8yQ,TuRwdZL46L
KQIGJ9eDk5,uQJBa7yRRm,bg9WkaHMvV
5Hq7fF9aK0,eAm5FaKjru,xQErweaCmw
8pYnVWzpzR,KH4hmznKQN,d5Itwrg70X
3LnmekGoPa,hL6koxT8vK,fq0bOHmieA
lGSxEQQ8bN,TnFL7eVZD9,fq0bOHmieA
5SKHZGJsjV,UKHmNCJ1Ep,pzZzDyittU
ZxsJeaFpg5,KH4hmznKQN,xQErweaCmw
s56xoRSQrg,in19yTwFqy,JiGAtz5G1E
UhCJbQG0jF,VXBvjILW4l,LnsIRtVKVP
s56xoRSQrg,uQJBa7yRRm,He1HJCxk6B
XIFO3VhtQH,AZadqlHsUN,eG28xzPp2m
7Hh3kV9mIX,lA2l4dUPAN,eOHiVGE6Qe
xUMVYgBI7J,TnFL7eVZD9,0To5uOwhgK
xUMVYgBI7J,b9yOGUx3pl,unLdpuPanW
FyAzhOpNly,kFNSGfDIXN,He1HJCxk6B
x7FolH1EsA,7ZZbCsXnv0,Za0P0MkdAR
0x1V8UVLqh,yz0xcnsOMA,RoApvB83jV
umALkT56Xy,ejSgB4P19T,73l1iRUEvw
VQtT65VuGn,7ZZbCsXnv0,eViHIgFHdz
xUMVYgBI7J,b9yOGUx3pl,Y2RhankEm6
ryNb8O1TRs,bDcoTRYgku,g2UcU3ub3i
WY3AmkQmxs,pIdz2ArSJd,g2UcU3ub3i
umALkT56Xy,HUPang5JW4,tzykp8dkDt
x7FolH1EsA,Xi0fOUOila,DTyXdNCZve
FVzpxLJFKK,bnQDB9V4ZQ,jYIzpoPJ0v
7n94AZBOkB,fLM0vFMD6h,rTCeMwk0w8
VQtT65VuGn,ejSgB4P19T,jkjQ2gMOyo
s56xoRSQrg,hL6koxT8vK,YEaRUS13HE
4hGbj2aBVR,bOQ84LG8yQ,gf3kRlMeIx
x7FolH1EsA,HULdxdPYgo,cEPKv4TyjC
ZcXBxuYu7W,ejSgB4P19T,He1HJCxk6B
umALkT56Xy,VXBvjILW4l,kzGeE3aDwE
5Hq7fF9aK0,p3f6twELII,ZGlh2Ehlh8
ZxsJeaFpg5,hL6koxT8vK,jkjQ2gMOyo
IBvWjkFney,KoaWPsykpt,u136rWgBXY
ldbBahbqLj,bBMMbiXWX2,T53Bt0ctPZ
dWuUGFOe1b,BVP4o4g0u6,r9FCNFdWIV
ryNb8O1TRs,HUPang5JW4,Z6wCalTBGF
xyEInQvE1U,KH4hmznKQN,PjIzrpXBNV
9kQZDUILDP,MBxLmTyDx0,6eHdxhCYK7
xUMVYgBI7J,fLM0vFMD6h,u136rWgBXY
7n94AZBOkB,bDcoTRYgku,73X8UvpzrJ
EMLwuAKAEG,P9Vg4XQ5AK,DxxYvfCFWM
ryNb8O1TRs,b9yOGUx3pl,dRLg8S96ZR
ZcXBxuYu7W,ejSgB4P19T,dRLg8S96ZR
uluou8izCd,7ZZbCsXnv0,pzZzDyittU
XIFO3VhtQH,sUUNXUZjSB,Smau1GgGyc
wU1wdmKEca,hL6koxT8vK,mTjlj8JQUH
4hGbj2aBVR,nxtwKjphvt,XrPPnXrnJ3
xyEInQvE1U,bBMMbiXWX2,pzZzDyittU
s56xoRSQrg,lA2l4dUPAN,sepm9qaOY9
s9Fptw806W,p3f6twELII,5JnQxcSlvJ
umALkT56Xy,4MVbu2iI15,MlgnC1JEJn
nZ4msLXxTY,jMt9cpvHJ8,0nZQJHrEtZ
s9Fptw806W,bjSmt6EX8o,oe0L0cRFDB
wU1wdmKEca,fLM0vFMD6h,bg9WkaHMvV
tRJBEnEFaO,4MVbu2iI15,x0XpZD2q1n
UhCJbQG0jF,hL6koxT8vK,6eHdxhCYK7
cUrmX3GV4D,bnQDB9V4ZQ,fZIWOmLNey
45AVHG6SDL,PWFixIVSN0,ck9zQiNv1C
umALkT56Xy,jMt9cpvHJ8,sepm9qaOY9
EOnkzmV7ND,uQJBa7yRRm,BbadFv50Ei
Op8rarVKxa,c1jIajAyha,tzykp8dkDt
wU1wdmKEca,in19yTwFqy,EYWwooWyNH
7Hh3kV9mIX,YOpJVyms0T,SLUB0VDe3L
xJZiBD5DIo,BejwYSNzm7,0naFKFb6se
s9Fptw806W,BejwYSNzm7,kFEdI1MQEO
9kQZDUILDP,7RYpyw9es0,xs3hkZG4oL
VQtT65VuGn,uQJBa7yRRm,tzykp8dkDt
ryNb8O1TRs,7RYpyw9es0,sepm9qaOY9
ATeybFIuTQ,Xi0fOUOila,Z6wCalTBGF
ZcXBxuYu7W,nUFwyC0BAj,DTyXdNCZve
9Hzdyajzdu,7RYpyw9es0,9sH0wNZVkP
XIFO3VhtQH,jMt9cpvHJ8,EYWwooWyNH
FVzpxLJFKK,KH4hmznKQN,TuRwdZL46L
s56xoRSQrg,ql0bQqFgKx,rPZH3cZgb2
KQIGJ9eDk5,TnFL7eVZD9,jZOwzhJjwa
umALkT56Xy,BejwYSNzm7,bWGH1JdS9n
QGoBUjHkki,in19yTwFqy,Y2RhankEm6
4hGbj2aBVR,MBxLmTyDx0,BbadFv50Ei
EMLwuAKAEG,ql0bQqFgKx,YFpN7AiA7C
umALkT56Xy,P9Vg4XQ5AK,Z6wCalTBGF
KQIGJ9eDk5,UKHmNCJ1Ep,kFEdI1MQEO
cUrmX3GV4D,bOQ84LG8yQ,Y2RhankEm6
EOnkzmV7ND,yz0xcnsOMA,Smau1GgGyc
XIFO3VhtQH,bBMMbiXWX2,0nZQJHrEtZ
xJZiBD5DIo,eAm5FaKjru,fq0bOHmieA
VQtT65VuGn,AZadqlHsUN,5JnQxcSlvJ
dWuUGFOe1b,L2vFnWn5yt,DxxYvfCFWM
7Hh3kV9mIX,hL6koxT8vK,RoApvB83jV
xSCCF3BYWn,7RYpyw9es0,gf3kRlMeIx
s9Fptw806W,P9Vg4XQ5AK,x0XpZD2q1n
7n94AZBOkB,czfBYIFNhs,bWGH1JdS9n
XIFO3VhtQH,bOQ84LG8yQ,Smau1GgGyc
s9Fptw806W,uQJBa7yRRm,0nZQJHrEtZ
socFXUsXAD,bOQ84LG8yQ,TuRwdZL46L
xJZiBD5DIo,KoaWPsykpt,BWDiNzBBNi
ZcXBxuYu7W,L2vFnWn5yt,PjIzrpXBNV
UhCJbQG0jF,rdYk2JSFOZ,XN3NoHOiad
5Hq7fF9aK0,VXBvjILW4l,Fmpvfxwswq
IBvWjkFney,A7oA1v9Ax1,DxxYvfCFWM
IBvWjkFney,EZn2c6Sqao,jkjQ2gMOyo
wU1wdmKEca,bBMMbiXWX2,gOI6OsWLJo
4hGbj2aBVR,KH4hmznKQN,He1HJCxk6B
FVzpxLJFKK,PWFixIVSN0,r9FCNFdWIV
EOnkzmV7ND,A7oA1v9Ax1,mTjlj8JQUH
4xp0ETTkc8,7RYpyw9es0,kzGeE3aDwE
ryNb8O1TRs,nxtwKjphvt,aKxqbNFC5Y
7Hh3kV9mIX,nUFwyC0BAj,HmLOMDuZeY
4xp0ETTkc8,VXBvjILW4l,NYfIzmKrJf
uluou8izCd,czfBYIFNhs,ajPkfYW6Rd
wU1wdmKEca,jMt9cpvHJ8,ZGlh2Ehlh8
uluou8izCd,Xi0fOUOila,XN3NoHOiad
ZcXBxuYu7W,VXBvjILW4l,BbadFv50Ei
dWuUGFOe1b,HACGEeYiTg,rPZH3cZgb2
VQtT65VuGn,kFNSGfDIXN,oiFynE587v
EOnkzmV7ND,fLM0vFMD6h,jYIzpoPJ0v
3LnmekGoPa,nUFwyC0BAj,ajPkfYW6Rd
nZ4msLXxTY,4MVbu2iI15,affVjALQAs
XIFO3VhtQH,rdYk2JSFOZ,Kpsmhl9j5r
9kQZDUILDP,VXBvjILW4l,t6IlYhIvCB
lGSxEQQ8bN,sUUNXUZjSB,LPi87bcU5k
IBvWjkFney,ejSgB4P19T,gOI6OsWLJo
XIFO3VhtQH,7ZZbCsXnv0,grkjTJPNEP
0x1V8UVLqh,yz0xcnsOMA,bg9WkaHMvV
FyAzhOpNly,ejSgB4P19T,LPi87bcU5k
uluou8izCd,P9Vg4XQ5AK,He1HJCxk6B
socFXUsXAD,TnFL7eVZD9,eViHIgFHdz
xyEInQvE1U,p3f6twELII,icb6Z9i2Lt
FE34LTqb2p,bnQDB9V4ZQ,Gnw72VS0Di
cUrmX3GV4D,P9Vg4XQ5AK,YEaRUS13HE
5Hq7fF9aK0,sUUNXUZjSB,ajPkfYW6Rd
Dlq94L7rPh,fLM0vFMD6h,RoApvB83jV
tRJBEnEFaO,KoaWPsykpt,0naFKFb6se
xJZiBD5DIo,in19yTwFqy,Gnw72VS0Di
ZcXBxuYu7W,fLM0vFMD6h,jZOwzhJjwa
ZcXBxuYu7W,uQJBa7yRRm,0naFKFb6se
IBvWjkFney,yz0xcnsOMA,bWGH1JdS9n
lGSxEQQ8bN,7RYpyw9es0,kFEdI1MQEO
WY3AmkQmxs,fLM0vFMD6h,8blchiMxYL
FVzpxLJFKK,ql0bQqFgKx,jZOwzhJjwa
7n94AZBOkB,hL6koxT8vK,uOWyheTjfL
xSCCF3BYWn,bjSmt6EX8o,icb6Z9i2Lt
06DeQdaf4X,fLM0vFMD6h,8blchiMxYL
45AVHG6SDL,bnQDB9V4ZQ,jYIzpoPJ0v
WY3AmkQmxs,A7oA1v9Ax1,HmLOMDuZeY
dWuUGFOe1b,VXBvjILW4l,euXHsacguW
5Hq7fF9aK0,nxtwKjphvt,HmLOMDuZeY
tRJBEnEFaO,P9Vg4XQ5AK,hHWhQCncpK
x7FolH1EsA,nxtwKjphvt,Kpsmhl9j5r
ATeybFIuTQ,Xi0fOUOila,TuRwdZL46L
QGoBUjHkki,uQJBa7yRRm,OTAoG4WYc3
s56xoRSQrg,KoaWPsykpt,Shlmc7tTVf
IBvWjkFney,ql0bQqFgKx,Shlmc7tTVf
3LnmekGoPa,7RYpyw9es0,fq0bOHmieA
xSCCF3BYWn,in19yTwFqy,gOI6OsWLJo
5Hq7fF9aK0,BVP4o4g0u6,JiGAtz5G1E
xyEInQvE1U,HUPang5JW4,LnsIRtVKVP
5SKHZGJsjV,EZn2c6Sqao,phZtjyot3B
IBvWjkFney,Xi0fOUOila,rTCeMwk0w8
3LnmekGoPa,c1jIajAyha,pLeWEpjMyD
s56xoRSQrg,AZadqlHsUN,jkjQ2gMOyo
QGoBUjHkki,BejwYSNzm7,XN3NoHOiad
0OaJOGFGdD,7ZZbCsXnv0,ce0qNFLRK7
WY3AmkQmxs,Xi0fOUOila,NYfIzmKrJf
xyEInQvE1U,A7oA1v9Ax1,dRLg8S96ZR
ATeybFIuTQ,VXBvjILW4l,oe0L0cRFDB
uluou8izCd,jMt9cpvHJ8,ajPkfYW6Rd
KQIGJ9eDk5,rdYk2JSFOZ,iPPH0zeMY3
WY3AmkQmxs,ql0bQqFgKx,jZOwzhJjwa
lGSxEQQ8bN,EZn2c6Sqao,ZGlh2Ehlh8
VQtT65VuGn,yz0xcnsOMA,5JnQxcSlvJ
ryNb8O1TRs,kFNSGfDIXN,xQErweaCmw
7Hh3kV9mIX,ejSgB4P19T,tzykp8dkDt
WY3AmkQmxs,VyLXDToji5,ttqLwIzqBw
5Hq7fF9aK0,sUUNXUZjSB,rTCeMwk0w8
ZxsJeaFpg5,YOpJVyms0T,rTCeMwk0w8
FyAzhOpNly,hL6koxT8vK,aI8k5G0Fqi
Op8rarVKxa,KoaWPsykpt,eOHiVGE6Qe
socFXUsXAD,VyLXDToji5,phZtjyot3B
7n94AZBOkB,uQJBa7yRRm,YFpN7AiA7C
FVzpxLJFKK,bjSmt6EX8o,MlgnC1JEJn
Op8rarVKxa,czfBYIFNhs,icb6Z9i2Lt
8pYnVWzpzR,VyLXDToji5,ajPkfYW6Rd
tRJBEnEFaO,TnFL7eVZD9,FTzUt60i3t
lGSxEQQ8bN,4MVbu2iI15,He1HJCxk6B
0x1V8UVLqh,rdYk2JSFOZ,ajPkfYW6Rd
5Hq7fF9aK0,P9Vg4XQ5AK,uOWyheTjfL
ATeybFIuTQ,rdYk2JSFOZ,FTzUt60i3t
EMLwuAKAEG,in19yTwFqy,bWGH1JdS9n
s56xoRSQrg,bjSmt6EX8o,YFpN7AiA7C
xJZiBD5DIo,ejSgB4P19T,980pBKGuMU
ryNb8O1TRs,bOQ84LG8yQ,Shlmc7tTVf
uluou8izCd,HACGEeYiTg,1JtLYWK555
5SKHZGJsjV,TnFL7eVZD9,ce0qNFLRK7
45AVHG6SDL,jMt9cpvHJ8,BWDiNzBBNi
KQIGJ9eDk5,7ZZbCsXnv0,r9FCNFdWIV
0OaJOGFGdD,lA2l4dUPAN,affVjALQAs
4xp0ETTkc8,bBMMbiXWX2,ce0qNFLRK7
ATeybFIuTQ,bDcoTRYgku,iPPH0zeMY3
UhCJbQG0jF,ql0bQqFgKx,eG28xzPp2m
xyEInQvE1U,nxtwKjphvt,73X8UvpzrJ
dWuUGFOe1b,UKHmNCJ1Ep,kRtrxe3vK4
xUMVYgBI7J,rdYk2JSFOZ,OTAoG4WYc3
xUMVYgBI7J,P9Vg4XQ5AK,gf3kRlMeIx
s9Fptw806W,jMt9cpvHJ8,unLdpuPanW
umALkT56Xy,P9Vg4XQ5AK,icb6Z9i2Lt
4xp0ETTkc8,bnQDB9V4ZQ,He1HJCxk6B
xyEInQvE1U,KH4hmznKQN,unLdpuPanW
FyAzhOpNly,bOQ84LG8yQ,XN3NoHOiad
06DeQdaf4X,KH4hmznKQN,rTCeMwk0w8
Op8rarVKxa,bnQDB9V4ZQ,SLUB0VDe3L
Op8rarVKxa,A7oA1v9Ax1,BWDiNzBBNi
XIFO3VhtQH,HACGEeYiTg,980pBKGuMU
x7FolH1EsA,lA2l4dUPAN,oe0L0cRFDB
umALkT56Xy,HACGEeYiTg,XrPPnXrnJ3
x7FolH1EsA,hL6koxT8vK,gOI6OsWLJo
xUMVYgBI7J,rdYk2JSFOZ,oiFynE587v
3LnmekGoPa,lA2l4dUPAN,1JtLYWK555
x7FolH1EsA,ql0bQqFgKx,980pBKGuMU
QGoBUjHkki,p3f6twELII,oe0L0cRFDB
3H7BBv3j7C,3lejckzNYS,jYIzpoPJ0v
QGoBUjHkki,MBxLmTyDx0,73l1iRUEvw
ryNb8O1TRs,uQJBa7yRRm,aI8k5G0Fqi
8pYnVWzpzR,in19yTwFqy,bWGH1JdS9n
UhCJbQG0jF,UKHmNCJ1Ep,RoApvB83jV
4xp0ETTkc8,yz0xcnsOMA,aI8k5G0Fqi
nZ4msLXxTY,rdYk2JSFOZ,fZIWOmLNey
ZxsJeaFpg5,PWFixIVSN0,XMu0Qq8NyP
EOnkzmV7ND,AZadqlHsUN,cEPKv4TyjC
0OaJOGFGdD,P9Vg4XQ5AK,YEaRUS13HE
ldbBahbqLj,MBxLmTyDx0,kE3nxUGutx
ATeybFIuTQ,VXBvjILW4l,euXHsacguW
3LnmekGoPa,YOpJVyms0T,JiGAtz5G1E
wU1wdmKEca,bOQ84LG8yQ,0To5uOwhgK
FE34LTqb2p,YOpJVyms0T,He1HJCxk6B
tRJBEnEFaO,bjSmt6EX8o,sepm9qaOY9
8pYnVWzpzR,bjSmt6EX8o,YEaRUS13HE
WY3AmkQmxs,KH4hmznKQN,r9FCNFdWIV
0OaJOGFGdD,P9Vg4XQ5AK,g2UcU3ub3i
9Hzdyajzdu,sUUNXUZjSB,XN3NoHOiad
xSCCF3BYWn,MBxLmTyDx0,fZIWOmLNey
Dlq94L7rPh,kFNSGfDIXN,grkjTJPNEP
s9Fptw806W,czfBYIFNhs,5JnQxcSlvJ
5Hq7fF9aK0,eAm5FaKjru,1JtLYWK555
3H7BBv3j7C,UKHmNCJ1Ep,6eHdxhCYK7
4xp0ETTkc8,fLM0vFMD6h,icb6Z9i2Lt
5Hq7fF9aK0,lA2l4dUPAN,9sH0wNZVkP
s9Fptw806W,b9yOGUx3pl,1JtLYWK555
umALkT56Xy,pIdz2ArSJd,DTyXdNCZve
xUMVYgBI7J,MBxLmTyDx0,YFpN7AiA7C
0OaJOGFGdD,p3f6twELII,oe0L0cRFDB
0x1V8UVLqh,AZadqlHsUN,Kpsmhl9j5r
x7FolH1EsA,AZadqlHsUN,XrPPnXrnJ3
9Hzdyajzdu,rdYk2JSFOZ,fq0bOHmieA
ZcXBxuYu7W,bDcoTRYgku,MlgnC1JEJn
ZxsJeaFpg5,lA2l4dUPAN,LnsIRtVKVP
4xp0ETTkc8,4MVbu2iI15,aI8k5G0Fqi
5Hq7fF9aK0,7ZZbCsXnv0,affVjALQAs
KQIGJ9eDk5,bnQDB9V4ZQ,JiGAtz5G1E
