UO84xXWaFk,Norwegian Hefty Cabinet,Alder,Silk,Somewhat Strong,Gold
CUv5v6Xdiq,Homely Hefty Cabinet,Ash,Acetate,Somewhat Sturdy,Sky Blue
e4N74ZRbsQ,Homely Badass Table,Oak,Acrylic,Very Sturdy,Red
DIGd7pVmDw,Norwegian Ladylike Table,Maple,Cotton,Very Sturdy,Cyan
tbI7y1SPG9,German Wimpy Chair,Walnut,Cotton Blend,Sturdy,Sky Blue
eWGzBGluOm,Eccentric Macho Table,Fir,Olefin,Indestructable,Pink
mSqQa4pKte,Revolutionary Gaunt Desk,Teak,Silk,Wobbly,Purple
XfEUW9yRoy,Indian Hefty Chair,Beech,Olefin,Sturdy,Olive
IeqHqrksrD,Strong Angular Bedframe,Pine,Polyester,Very Strong,Indigo
RmfyTBjGNv,Revolutionary Jagged Chair,Purpleheart,Wool,Sturdy,Gold
34rfYWhENI,Modern Light Stool,Lindens,Cotton,Strong,Coral
Z7dL9FoeNk,Italian Chunky Table,Beech,Leather,Somewhat Strong,Maroon
wTPFpedKxy,Aged Ladylike Chair,Teak,Linen,Somewhat Wobbly,Teal
jDovuytOo3,German Thin Chair,Balsa,Polyester,Strong,Green
YWgi6pa5xx,Contemporary Meager Cabinet,Ebony,Acrylic,Somewhat Sturdy,Violet
jnNyiVGjxl,Modern Macho Bedframe,Beech,Cotton Blend,Somewhat Strong,Violet
G7Ccks70sT,Aged Slender Chair,Lindens,Polyester,Strong,White
i0FbNhdD4v,Indian Badass Stool,Pine,Acetate,Somewhat Wobbly,Violet
bVQBhBKLmu,Timeless Light Stool,Alder,Vinyl,Somewhat Strong,Pink
OxfbSpERI1,Contemporary Light Desk,Hemlock,Vinyl,Very Sturdy,Red
kIk12S6xoU,Revolutionary Jagged Bedframe,Fir,Linen,Very Wobbly,Magenta
1TDchSBeov,German Ladylike Desk,Teak,Olefin,Sturdy,Violet
CvrXxvaET5,Contemporary Slender Bedframe,Fir,Polyester,Strong,Violet
7dRg1lN4aF,Aged Hefty Stool,Elm,Acetate,Very Sturdy,Green
eQbrYaJIa9,Stylish Slender Bedframe,Aluminum,Cotton Blend,Very Strong,Magenta
TStJURWGNz,Eccentric Hefty Cabinet,Balsa,Leather,Very Strong,Maroon
yOHXFK8Ek6,Revolutionary Jagged Stool,Oak,Linen,Somewhat Wobbly,Red
bTNpLIcY5K,Rustic Chunky Stool,Walnut,Wool,Somewhat Sturdy,Red
lUVvXaqzLt,Eclectic Slender Cabinet,Teak,Acrylic,Somewhat Wobbly,Lavender
CgEi0rqx5c,Stylish Meager Desk,Magnesium Alloy,Acrylic,Somewhat Strong,Magenta
KNG9lK5OiG,Revolutionary Bowed Table,Cherry,Polyester,Somewhat Sturdy,Lavender
evfppQCPkq,Aged Jagged Table,Magnesium Alloy,Silk,Strong,Orange
xH8TrfHOyw,Large Angular Stool,Lindens,Nylon,Wobbly,Grey
OAYUjGCFnc,Modern Oblique Cabinet,Beech,Cotton Blend,Somewhat Wobbly,Grey
KCEl3t9aPf,German Slender Table,Afzelia,Silk,Very Strong,Grey
A0fZY06JEo,Large Oblique Stool,Birch,Acrylic,Indestructable,Teal
I0DFDbvAXc,Rustic Fat Cabinet,Hemlock,Cotton Blend,Very Strong,Violet
84cLQunGbC,Italian Bowed Desk,Hickory,Vinyl,Very Sturdy,Tan
s5xQyIFNnz,Aged Chunky Stool,Hemlock,Acrylic,Somewhat Strong,Salmon
VCGNZqtmAB,Rustic Thin Bedframe,Steel,Acrylic,Somewhat Wobbly,Orange
SCDbnkKYfZ,Eccentric Meager Table,Balsa,Cotton,Very Sturdy,Indigo
qlGrh0wDwn,Modern Macho Chair,Fir,Nylon,Very Sturdy,Violet
uMX873fyNO,Norwegian Fat Stool,Ash,Cotton,Very Sturdy,Green
M2VGwljbY2,Rustic Slender Desk,Afzelia,Nylon,Somewhat Sturdy,Olive
wES64WNPwF,Aged Fat Bedframe,Beech,Linen,Sturdy,Grey
1UpwbrwB6d,Indian Bowed Chair,Aluminum,Vinyl,Somewhat Wobbly,Turquoise
n9DtdenoTI,Large Chunky Cabinet,Alder,Wool,Sturdy,Magenta
k8UvkbfNxm,Eclectic Angular Table,Teak,Cotton,Somewhat Strong,Silver
TOOFiGvehT,Large Slender Desk,Fir,Silk,Somewhat Sturdy,Cyan
yOxxpgB72s,Indian Badass Cabinet,Cedar,Silk,Strong,Gold
TLjIC9Y7R5,Modern Macho Table,Beech,Cotton,Very Wobbly,Cyan
fOIwMX2kPs,Modern Jagged Table,Balsa,Linen,Very Wobbly,Red
Gd31KWZqiU,Ancient Badass Desk,Oak,Wool,Very Wobbly,Violet
XKzRPPL1ed,Homely Gaunt Stool,Hickory,Olefin,Indestructable,Gold
nOMsKtOFzn,Stylish Badass Cabinet,Steel,Polyester,Wobbly,Purple
jsKPzVnZCb,Aged Rounded Table,Magnesium Alloy,Nylon,Somewhat Strong,Cyan
k32rQUVZbK,Norwegian Ladylike Stool,Purpleheart,Acrylic,Indestructable,Yellow
fJ298RAOYQ,German Meager Bedframe,Oak,Acetate,Somewhat Sturdy,Salmon
eBFE02sObx,Large Fat Table,Steel,Linen,Sturdy,Tan
IZqzxTcbL3,Homely Jagged Cabinet,Beech,Cotton Blend,Somewhat Strong,Cyan
hj3cGvpiOt,German Meager Stool,Maple,Acrylic,Very Sturdy,Silver
3REe97dI6I,Eccentric Wimpy Stool,Walnut,Linen,Very Sturdy,Tan
TAEYSw6jsz,Large Angular Cabinet,Beech,Nylon,Strong,Red
EvkyJKPjRl,Norwegian Light Table,Lindens,Cotton,Wobbly,Salmon
ouZNXv6e6y,Modern Gaunt Chair,Steel,Wool,Somewhat Sturdy,Indigo
9Tv3jHqvWo,Timeless Badass Table,Maple,Leather,Very Strong,Orange
KmVPha8UAM,Rustic Oblique Stool,Coast Redwood,Wool,Very Strong,Turquoise
8JMBPVlGD2,Aged Jagged Cabinet,Oak,Nylon,Very Wobbly,Cyan
XtbgRBNuBw,Eccentric Badass Desk,Alder,Silk,Very Strong,Teal
kxQcrKrpbs,Contemporary Macho Table,Ash,Nylon,Very Sturdy,Maroon
EA5DKGjFuJ,Italian Angular Stool,Hickory,Silk,Very Wobbly,Orange
FcoCKZReNO,Norwegian Bowed Stool,Balsa,Nylon,Strong,Magenta
IdUjlAvDmO,Contemporary Genteel Bedframe,Birch,Leather,Wobbly,Silver
Hic9zxq4R2,Large Macho Bedframe,Ash,Leather,Very Sturdy,Black
JMk0gsylrb,Homely Thin Cabinet,Pine,Polyester,Wobbly,Olive
pXB7QmLlRf,Timeless Wimpy Stool,Fir,Acetate,Very Wobbly,Green
WALkUOaLZt,Eccentric Gaunt Bedframe,Ash,Cotton,Somewhat Sturdy,Purple
Rb5MdRRbZp,Timeless Hefty Stool,Ash,Nylon,Somewhat Sturdy,Red
d4j85xx1cP,Italian Badass Chair,Maple,Cotton Blend,Very Sturdy,Turquoise
s7PbdovKJm,Timeless Genteel Bedframe,Alder,Nylon,Very Wobbly,Turquoise
Gd2Rkd1BAM,Homely Oblique Desk,Lindens,Silk,Indestructable,Turquoise
BHnEguifyH,Aged Rounded Cabinet,Balsa,Acrylic,Wobbly,Maroon
Mw9ukBfPFq,Rustic Angular Cabinet,Purpleheart,Acetate,Sturdy,Lavender
BMKfkxbBOU,Timeless Thin Bedframe,Aluminum,Cotton Blend,Very Sturdy,Indigo
CHGrAEBEJ9,Large Ladylike Stool,Purpleheart,Polyester,Somewhat Wobbly,Olive
HAydWqAF2x,Eccentric Hefty Cabinet,Purpleheart,Leather,Very Wobbly,White
q5aj9fR6Or,German Rounded Cabinet,Birch,Acetate,Wobbly,Teal
SyqZUH2KGO,Indian Fat Desk,Cottonwood,Polyester,Wobbly,Lavender
ARzY7IxSTK,Italian Light Stool,Alder,Acetate,Very Strong,Red
Dvs3WG41cN,Rustic Ladylike Stool,Cherry,Wool,Wobbly,Silver
MXvu57RdQh,Rustic Oblique Stool,Elm,Cotton,Somewhat Sturdy,Purple
zmwTc0H5ky,Revolutionary Rounded Table,Alder,Acetate,Very Sturdy,Lavender
juJaOJUd9P,Indian Bowed Bedframe,Cherry,Olefin,Somewhat Strong,Violet
LZbcFexDwT,Large Jagged Stool,Cottonwood,Leather,Very Strong,Blue
QuzqOEbROL,Revolutionary Badass Cabinet,Teak,Acrylic,Wobbly,Black
HqSvQYsAB2,Modern Thin Cabinet,Steel,Linen,Very Strong,Yellow
cgVTlpPcfg,Futuristic Badass Cabinet,Coast Redwood,Cotton Blend,Somewhat Wobbly,Salmon
KbQs6m0lUk,Revolutionary Gaunt Cabinet,Afzelia,Cotton Blend,Somewhat Wobbly,Violet
b0iMhr4DBJ,Homely Light Bedframe,Hickory,Cotton Blend,Somewhat Wobbly,Turquoise
2AOOGS7BoV,Stylish Gaunt Chair,Hickory,Nylon,Somewhat Sturdy,Blue
I9bbdHJb14,Large Slender Cabinet,Cherry,Acetate,Sturdy,Turquoise
Qrq7F7O1o5,Italian Angular Cabinet,Cherry,Linen,Wobbly,Coral
qAFvg04zFf,Homely Bowed Stool,Cottonwood,Linen,Very Strong,Black
Hj2HuizkM6,Stylish Chunky Chair,Lindens,Wool,Very Strong,Yellow
6CqRygxOrx,Italian Ladylike Stool,Walnut,Acrylic,Very Strong,White
bNbQJ5VVtY,Aged Ladylike Chair,Cherry,Acetate,Somewhat Wobbly,Green
fSaiycEr4J,Rustic Genteel Desk,Beech,Leather,Very Strong,Blue
JVnWCeHmQB,Revolutionary Slender Chair,Fir,Cotton,Very Sturdy,Black
itcwxz8x5v,Eccentric Gaunt Chair,Pine,Acetate,Wobbly,Turquoise
JZJ5pk5xm2,Revolutionary Chunky Chair,Magnesium Alloy,Nylon,Strong,White
AUDz5IxYqB,Large Wimpy Bedframe,Purpleheart,Acetate,Very Wobbly,Lavender
pEBEsrNftY,German Angular Bedframe,Cedar,Vinyl,Very Wobbly,Olive
LkKv7DrsMK,Large Badass Table,Coast Redwood,Wool,Somewhat Strong,Grey
ZrR0bF5QXw,Timeless Meager Table,Maple,Cotton,Sturdy,Tan
JizIBAxCKK,Timeless Fat Bedframe,Ash,Silk,Somewhat Wobbly,Orange
GbcOoK7zEQ,Indian Genteel Cabinet,Maple,Nylon,Somewhat Strong,Gold
ji7VyjX3x4,Homely Jagged Chair,Alder,Leather,Very Sturdy,Salmon
XCE2SvYNQL,Norwegian Genteel Stool,Teak,Linen,Very Sturdy,Black
nM3qD6IsIM,Contemporary Gaunt Desk,Aluminum,Vinyl,Indestructable,Blue
Twsyk5rhDF,Large Angular Table,Balsa,Leather,Sturdy,Green
3gZT6eTVNM,Large Oblique Chair,Coast Redwood,Cotton,Very Strong,Purple
kQ3hmYSBWr,Italian Hefty Cabinet,Ebony,Olefin,Indestructable,Olive
N2Vc0LNaQ2,Modern Angular Cabinet,Ebony,Nylon,Wobbly,Coral
b6X7sRDHZE,Indian Light Cabinet,Ebony,Leather,Wobbly,Sky Blue
ox40fUMSpb,Stylish Badass Chair,Oak,Acrylic,Somewhat Wobbly,Green
C5bsBRaObE,Italian Gaunt Table,Beech,Cotton,Very Sturdy,Pink
wSk19ctOMs,Aged Wimpy Chair,Fir,Vinyl,Very Sturdy,Red
KJpG3RlKfQ,Contemporary Angular Table,Teak,Polyester,Indestructable,Blue
b0kSPtqJVr,Indian Slender Desk,Oak,Silk,Sturdy,Maroon
AYXY1xw6Jn,Stylish Meager Bedframe,Magnesium Alloy,Olefin,Strong,Black
lL5RM8IbEF,Rustic Chunky Bedframe,Hickory,Polyester,Very Strong,Lavender
BMzfMoVlYh,Indian Light Desk,Beech,Wool,Wobbly,Gold
l2F16QtLkm,Homely Rounded Cabinet,Magnesium Alloy,Nylon,Wobbly,Violet
bL9EZFjb24,Futuristic Oblique Cabinet,Cottonwood,Wool,Somewhat Wobbly,Yellow
LPeL6PByi2,Homely Oblique Cabinet,Walnut,Vinyl,Wobbly,Magenta
2zRO1JEROn,Contemporary Jagged Table,Afzelia,Polyester,Sturdy,Lavender
fspifRInAQ,Italian Jagged Table,Ebony,Cotton Blend,Very Sturdy,White
FxSGG0aVXI,Homely Meager Stool,Hemlock,Linen,Very Strong,Pink
mvVqEj4gF4,Aged Light Stool,Hickory,Leather,Somewhat Wobbly,Black
uqDGB6Htxt,Revolutionary Angular Table,Walnut,Leather,Very Wobbly,Violet
L1VQbGRC9K,Strong Ladylike Stool,Teak,Nylon,Indestructable,Black
byyRrf0QOW,Modern Chunky Table,Maple,Cotton,Indestructable,Black
QxdLATw93C,Indian Genteel Bedframe,Cherry,Linen,Strong,Magenta
gpBq8rHPNs,Timeless Rounded Stool,Ebony,Wool,Very Wobbly,Tan
OffAcR4pyy,Italian Rounded Chair,Elm,Wool,Somewhat Strong,Grey
n6E5RIoKDQ,Stylish Thin Cabinet,Purpleheart,Acrylic,Sturdy,Turquoise
Yu3iCQgQG3,Large Light Table,Alder,Silk,Strong,Green
RZkGXe2OFG,Indian Jagged Cabinet,Purpleheart,Cotton Blend,Very Strong,Magenta
p75Pf3jPOc,Norwegian Genteel Chair,Beech,Nylon,Very Strong,Cyan
XrH6FEaWnF,Rustic Bowed Desk,Ebony,Silk,Somewhat Sturdy,Yellow
il6EUHihrS,Eclectic Ladylike Desk,Elm,Leather,Strong,Olive
SnCSGSpgYT,Futuristic Hefty Chair,Birch,Olefin,Very Strong,Purple
drdzHDiW8a,German Genteel Chair,Beech,Olefin,Very Strong,Red
cHuaIqWreN,Ancient Badass Bedframe,Maple,Wool,Very Strong,Gold
vhMzt0ryTy,Large Thin Bedframe,Balsa,Wool,Somewhat Sturdy,Maroon
MRr88p0nYj,Modern Macho Chair,Aluminum,Nylon,Strong,Orange
c9chQUGBdi,Large Hefty Chair,Aluminum,Nylon,Strong,Salmon
DHjSIHVuB3,Contemporary Thin Stool,Hemlock,Vinyl,Very Sturdy,Teal
jO65mNIZtJ,Rustic Meager Chair,Walnut,Vinyl,Strong,Olive
QHviw93MxK,Norwegian Slender Desk,Balsa,Wool,Very Strong,Black
cIOKwWkJ72,Homely Jagged Desk,Maple,Cotton,Indestructable,Gold
cjdig1gpAc,Indian Gaunt Cabinet,Cottonwood,Polyester,Somewhat Sturdy,Purple
YFmGTzHB8s,Italian Bowed Table,Walnut,Acrylic,Very Strong,Olive
0KSjIO5LDu,Eclectic Bowed Desk,Cherry,Cotton,Sturdy,Black
vqVKi0zce7,Aged Genteel Desk,Cottonwood,Acrylic,Strong,Olive
rdmVNyRpIi,Norwegian Macho Bedframe,Oak,Polyester,Somewhat Sturdy,Magenta
sbFeVdyIqS,German Fat Desk,Alder,Linen,Very Strong,Grey
zqlJ2waid2,Timeless Oblique Desk,Elm,Vinyl,Somewhat Wobbly,Coral
f5ywG7SXQU,Homely Hefty Bedframe,Balsa,Acrylic,Somewhat Sturdy,Indigo
KvWB6kppgc,Eccentric Rounded Chair,Walnut,Linen,Very Sturdy,Yellow
BAPIt4p0sI,Strong Light Desk,Birch,Cotton Blend,Wobbly,Orange
261bsDpx62,Eccentric Rounded Chair,Hickory,Wool,Somewhat Wobbly,Yellow
TOlhgKw6dh,Revolutionary Slender Stool,Maple,Silk,Somewhat Sturdy,Blue
mcV4dlQ2BM,Strong Genteel Stool,Maple,Vinyl,Strong,Turquoise
7jPVGYjRn2,Eclectic Fat Table,Hemlock,Linen,Very Strong,Grey
6apEde5YAW,Eclectic Ladylike Stool,Magnesium Alloy,Acrylic,Somewhat Sturdy,Pink
U7MaLzWV7i,Stylish Slender Stool,Lindens,Linen,Very Sturdy,Sky Blue
W6MH7l0mBz,Timeless Jagged Table,Aluminum,Acetate,Somewhat Wobbly,Violet
h3oXQdTOsZ,Large Thin Stool,Alder,Nylon,Very Sturdy,Teal
WZdlOna8zu,Indian Bowed Cabinet,Steel,Cotton Blend,Somewhat Sturdy,Teal
VG6Zescfwu,Revolutionary Bowed Desk,Ebony,Cotton Blend,Very Strong,Grey
ARWEeRPMsm,Large Jagged Cabinet,Steel,Olefin,Somewhat Wobbly,Blue
V8DwHReBoG,Norwegian Slender Desk,Ash,Acetate,Very Wobbly,Green
qKNcfh4MV6,Large Oblique Desk,Aluminum,Wool,Very Strong,Yellow
9Gz3PgpxS9,Modern Oblique Desk,Maple,Olefin,Strong,Pink
uX1wRxyvKH,Eccentric Angular Stool,Balsa,Linen,Very Sturdy,Green
cpkCqv5MPO,Revolutionary Fat Stool,Ebony,Linen,Somewhat Wobbly,Orange
REs8Kkofe8,Ancient Slender Table,Teak,Linen,Somewhat Strong,Cyan
5FhFrb6Hhz,Futuristic Chunky Cabinet,Balsa,Nylon,Indestructable,Maroon
lucnZNg3E5,Stylish Light Desk,Cedar,Leather,Somewhat Strong,Purple
xYewjadppZ,Stylish Macho Desk,Balsa,Cotton,Wobbly,Silver
nBmHX2Hetj,Large Fat Cabinet,Cherry,Olefin,Somewhat Strong,Indigo
TiW8b2reOx,Italian Thin Stool,Walnut,Acrylic,Very Wobbly,Olive
ol4Cq22PYD,Timeless Light Cabinet,Teak,Nylon,Somewhat Wobbly,Yellow
K4nBYDeM9L,Revolutionary Badass Chair,Cottonwood,Wool,Wobbly,Pink
OQVV3hf1qL,Rustic Light Cabinet,Magnesium Alloy,Acrylic,Sturdy,Pink
CsFe3Q1tHE,Indian Rounded Desk,Elm,Cotton Blend,Indestructable,Violet
6BODAHr9hy,Large Jagged Bedframe,Beech,Wool,Very Wobbly,Violet
xDpBwTPA3D,Homely Oblique Chair,Maple,Cotton,Strong,Turquoise
LJImkOYMFr,Eclectic Macho Chair,Magnesium Alloy,Cotton Blend,Sturdy,Salmon
IOz2PTeAUm,Eccentric Wimpy Chair,Elm,Acrylic,Sturdy,Yellow
wBpcbkKZtf,Italian Ladylike Chair,Teak,Acrylic,Indestructable,Salmon
Uv6zHAk1bM,Stylish Macho Desk,Elm,Nylon,Very Wobbly,White
eZTLeRASH2,Strong Macho Bedframe,Teak,Leather,Very Sturdy,Purple
S26yqk0gDM,Revolutionary Angular Bedframe,Beech,Olefin,Very Strong,Violet
HrwA2ZGlPl,Timeless Badass Table,Teak,Nylon,Strong,White
kZnPDgCOm0,Modern Thin Chair,Cedar,Leather,Very Sturdy,Magenta
n1dC6Zc6kY,Modern Oblique Chair,Oak,Vinyl,Wobbly,Tan
vWR6uwNNdO,Eclectic Chunky Cabinet,Hemlock,Wool,Wobbly,Pink
MMz1JGlIKb,Indian Gaunt Chair,Hickory,Silk,Indestructable,Blue
phqZWhhAWU,Italian Fat Cabinet,Teak,Olefin,Very Strong,Salmon
2RdXzr9UxB,Timeless Hefty Bedframe,Ebony,Wool,Wobbly,Teal
vaDqjF7yXJ,Italian Jagged Desk,Cherry,Polyester,Wobbly,Grey
jXU9MdZE38,Aged Bowed Stool,Beech,Olefin,Somewhat Strong,Pink
s8ssyWIwiC,Homely Meager Table,Beech,Linen,Indestructable,Teal
pSTlXk6AKv,Homely Thin Chair,Pine,Vinyl,Strong,Silver
Hr3wkcW3Lg,Eccentric Angular Table,Purpleheart,Linen,Very Wobbly,Orange
qxl6oMfZru,Large Gaunt Chair,Purpleheart,Silk,Somewhat Sturdy,Grey
nQZCLh7IcI,Rustic Macho Desk,Alder,Olefin,Wobbly,Cyan
frbSrFpJk8,Homely Bowed Cabinet,Cedar,Silk,Very Wobbly,Maroon
rgBpu7NMrf,Aged Meager Chair,Oak,Leather,Somewhat Wobbly,Cyan
2nvIHb4NF7,Rustic Wimpy Cabinet,Hickory,Cotton,Very Wobbly,Magenta
H14fp3KtBU,Futuristic Oblique Desk,Purpleheart,Cotton Blend,Somewhat Wobbly,Sky Blue
e9Ao0ZZpfP,Eccentric Oblique Table,Fir,Cotton,Very Sturdy,Coral
5RfWzi7tOJ,Large Meager Desk,Balsa,Acrylic,Wobbly,Violet
P6A90qfk4C,Timeless Chunky Chair,Pine,Acrylic,Sturdy,Silver
KtyqKG2ZOq,Indian Light Cabinet,Cedar,Silk,Very Strong,Orange
spMc3s95Ic,Indian Jagged Table,Birch,Cotton,Sturdy,Blue
IVUQB6POuO,Contemporary Thin Desk,Pine,Leather,Very Strong,Magenta
p4QSn1Fb6L,Stylish Oblique Bedframe,Hemlock,Silk,Indestructable,Tan
OLFH7SPI6S,Homely Jagged Cabinet,Steel,Cotton,Somewhat Sturdy,Magenta
yoD8ryc0PO,Stylish Ladylike Desk,Cedar,Cotton Blend,Somewhat Strong,Grey
wK8rMbq3PJ,Ancient Genteel Desk,Balsa,Olefin,Very Wobbly,Yellow
rB0lOqzwyy,Aged Macho Bedframe,Alder,Wool,Wobbly,Salmon
A93xiWMRhT,Rustic Macho Bedframe,Alder,Olefin,Somewhat Strong,Turquoise
ZrgfToif0S,Aged Angular Chair,Oak,Acetate,Indestructable,Orange
n1zK0wRGHt,Norwegian Thin Stool,Elm,Leather,Somewhat Wobbly,White
LwsUn5AAEl,Aged Jagged Table,Hemlock,Vinyl,Indestructable,Green
NrXKS0Cv6m,Modern Wimpy Stool,Purpleheart,Cotton Blend,Wobbly,Red
FAvboviiBh,Homely Badass Bedframe,Aluminum,Wool,Indestructable,Silver
DztW9n6w9s,Stylish Ladylike Desk,Afzelia,Cotton Blend,Somewhat Wobbly,Violet
ZWBZvRETvr,Rustic Oblique Table,Hemlock,Nylon,Very Wobbly,Orange
wPRRgJdYQy,Eclectic Oblique Cabinet,Maple,Polyester,Somewhat Strong,Cyan
zUMj1N6hyT,Eclectic Jagged Stool,Elm,Polyester,Strong,Silver
m2TXfiOfHt,Contemporary Bowed Table,Lindens,Acetate,Somewhat Wobbly,Black
efbnO5BSZD,German Meager Bedframe,Aluminum,Polyester,Somewhat Wobbly,Orange
gI5bzH71GQ,German Meager Table,Ash,Olefin,Somewhat Strong,Yellow
Nu3OaR0C6k,Eclectic Slender Chair,Walnut,Cotton Blend,Wobbly,Cyan
O98AUHorU9,Modern Slender Table,Oak,Nylon,Very Sturdy,Gold
bcgN7pw4Rb,Contemporary Bowed Stool,Purpleheart,Nylon,Sturdy,Cyan
DwXEisPz7L,Modern Chunky Bedframe,Birch,Olefin,Very Strong,Turquoise
WYz2xwXdok,German Angular Bedframe,Cottonwood,Wool,Wobbly,Violet
o3v7qEI4xx,Large Oblique Bedframe,Ash,Acetate,Somewhat Sturdy,Teal
GWkNP8ylAk,Revolutionary Macho Stool,Fir,Nylon,Somewhat Strong,Red
MvcQunm5Y0,Strong Fat Desk,Steel,Silk,Somewhat Wobbly,Magenta
6eKQ1oNZ3k,Eclectic Meager Table,Ash,Acrylic,Strong,Magenta
UfT8MyZloB,Stylish Slender Chair,Steel,Olefin,Strong,Grey
3XPN4QGtYl,Futuristic Bowed Table,Ash,Vinyl,Somewhat Wobbly,Olive
mDq5iJ8hnw,Eclectic Fat Cabinet,Birch,Wool,Somewhat Sturdy,Magenta
T9sU0ACsPc,Italian Badass Chair,Elm,Cotton,Somewhat Sturdy,Cyan
77SbR2BtLW,Modern Jagged Desk,Hemlock,Cotton,Very Wobbly,Sky Blue
QTLPfzPDnU,Homely Oblique Table,Steel,Polyester,Very Wobbly,Indigo
SiSo5p4ZxD,Ancient Slender Cabinet,Cottonwood,Nylon,Sturdy,Red
GXoJ6xHDap,Norwegian Hefty Chair,Hemlock,Leather,Indestructable,White
Fgg9LKnFu3,German Meager Desk,Fir,Nylon,Indestructable,Turquoise
TtFvMir6em,Modern Rounded Table,Cedar,Acrylic,Sturdy,Magenta
9AwAVq2kqQ,Timeless Meager Cabinet,Teak,Olefin,Strong,Green
oYUjgXnGO6,Eccentric Thin Chair,Maple,Linen,Very Wobbly,Black
PstlUzTHfE,Eccentric Thin Chair,Magnesium Alloy,Cotton,Wobbly,White
lqKAZ0fWr5,Futuristic Rounded Cabinet,Walnut,Wool,Very Sturdy,Sky Blue
WLmp6byYFO,Contemporary Gaunt Cabinet,Cherry,Vinyl,Somewhat Wobbly,Red
B80nrfSPDY,Indian Meager Desk,Cherry,Olefin,Indestructable,Silver
KEQTt6SKwk,Italian Fat Bedframe,Alder,Cotton,Very Sturdy,White
aNFLgbBNqa,Contemporary Chunky Cabinet,Aluminum,Wool,Indestructable,White
hwUnL69ty0,Modern Jagged Table,Beech,Acrylic,Strong,Olive
a7YGG0UZcT,Revolutionary Wimpy Table,Afzelia,Silk,Very Wobbly,Salmon
9RjVh3x8tK,Rustic Ladylike Table,Ash,Cotton,Somewhat Sturdy,Blue
qJ1WwYYPV9,Strong Jagged Stool,Hemlock,Silk,Wobbly,Sky Blue
sYyuKDp1d6,Contemporary Light Chair,Lindens,Acrylic,Strong,Purple
0KSfx7M1IN,Contemporary Fat Desk,Elm,Cotton,Very Wobbly,Teal
VF7nVmjVl3,Eclectic Slender Table,Walnut,Silk,Somewhat Wobbly,Salmon
dEnOJ3MLSZ,Large Hefty Chair,Birch,Olefin,Very Sturdy,Green
uYeQUv4nyO,Norwegian Slender Cabinet,Cedar,Nylon,Very Sturdy,Indigo
rPWGVmbsWh,Strong Meager Chair,Pine,Nylon,Very Strong,Pink
mtzPnlkPaj,Strong Genteel Desk,Walnut,Wool,Somewhat Wobbly,Turquoise
wklKX7ZBab,Indian Light Stool,Fir,Vinyl,Very Wobbly,Gold
UzZJ79yHey,Large Gaunt Cabinet,Cottonwood,Vinyl,Wobbly,Silver
Vsh6r7aoII,Indian Bowed Desk,Coast Redwood,Nylon,Very Strong,Orange
8zBYbytzxN,Futuristic Badass Cabinet,Afzelia,Nylon,Somewhat Strong,Maroon
sLYEGMNXbq,Eclectic Badass Stool,Cedar,Silk,Somewhat Wobbly,Olive
yXPrp0SxTX,German Macho Desk,Hickory,Acrylic,Very Sturdy,Black
Xd5WJpWzEK,Timeless Badass Cabinet,Fir,Nylon,Very Strong,Magenta
V4dDgjqvet,Homely Gaunt Bedframe,Cedar,Linen,Somewhat Wobbly,Green
zbRCHmj3PE,Large Macho Bedframe,Ebony,Olefin,Somewhat Sturdy,Lavender
Yfk8fPaMMc,Norwegian Thin Desk,Beech,Acetate,Very Strong,Olive
fjw9XYXsTK,Strong Genteel Chair,Alder,Wool,Strong,Cyan
4im00eM9DI,Homely Slender Bedframe,Beech,Olefin,Somewhat Wobbly,Black
eoIN2kmm92,Homely Meager Desk,Ebony,Cotton Blend,Strong,Maroon
pR9pTufLk7,German Fat Desk,Birch,Acrylic,Somewhat Sturdy,Sky Blue
MYqS5DUkSq,Large Angular Stool,Alder,Linen,Somewhat Wobbly,Teal
XmhKQgS3wQ,Italian Light Table,Walnut,Leather,Somewhat Wobbly,Salmon
6TSiNZ1dwq,Rustic Badass Cabinet,Balsa,Wool,Wobbly,Grey
6CWdOcKxIT,Stylish Rounded Stool,Maple,Nylon,Indestructable,Sky Blue
RC1Iia93M7,Indian Gaunt Table,Cottonwood,Nylon,Somewhat Strong,Red
NJWMka2WM8,Revolutionary Jagged Table,Ebony,Cotton,Somewhat Wobbly,Maroon
MmSk58BlYS,Indian Angular Stool,Balsa,Silk,Somewhat Strong,Lavender
sv76zJQHKb,Stylish Meager Table,Hickory,Cotton Blend,Wobbly,Coral
vV9cyNPOiI,Italian Angular Chair,Birch,Linen,Somewhat Strong,Grey
FzLspeB3em,Eclectic Slender Desk,Pine,Vinyl,Wobbly,Black
3oJRUJXifV,Homely Macho Chair,Cherry,Cotton,Sturdy,Gold
hlv0i3VKBJ,Stylish Gaunt Chair,Balsa,Cotton Blend,Very Strong,Salmon
ORiQHJCgYh,Eclectic Oblique Cabinet,Maple,Cotton Blend,Somewhat Strong,Red
qbwBYCxSUp,Timeless Ladylike Bedframe,Pine,Acetate,Indestructable,Magenta
E8dzx4txzm,Ancient Wimpy Bedframe,Aluminum,Olefin,Somewhat Strong,Tan
pTJivvZ1qk,Eclectic Ladylike Chair,Balsa,Acetate,Wobbly,Tan
7XyXnOi3wk,Eclectic Jagged Bedframe,Aluminum,Cotton Blend,Strong,Green
JITkC0GZOH,Timeless Gaunt Table,Balsa,Acetate,Very Strong,Blue
9iMFg0tQMl,Eccentric Ladylike Chair,Afzelia,Linen,Strong,Indigo
A8yVI1Ag3v,Eccentric Wimpy Desk,Pine,Acetate,Strong,Lavender
lUZQdDbVGZ,Modern Bowed Cabinet,Beech,Leather,Sturdy,Olive
69e7uYBnCx,Norwegian Genteel Desk,Purpleheart,Cotton,Very Wobbly,Red
fActa60Op2,Modern Wimpy Stool,Cherry,Wool,Very Wobbly,Orange
5DajVqtLY1,Eclectic Rounded Bedframe,Elm,Wool,Very Sturdy,Tan
Zp7zOujqHJ,Rustic Macho Bedframe,Lindens,Linen,Strong,Black
htonUFapQZ,Aged Jagged Stool,Cherry,Cotton,Indestructable,Tan
iu0MEQVptP,Revolutionary Gaunt Cabinet,Walnut,Wool,Sturdy,Green
KzyxdT83vY,Futuristic Bowed Cabinet,Purpleheart,Linen,Somewhat Wobbly,Pink
6u06l2g2Sg,Large Chunky Stool,Birch,Silk,Very Sturdy,Black
TQrCNApRzN,Aged Slender Stool,Cottonwood,Silk,Somewhat Wobbly,Salmon
iamEgW0Ag2,Timeless Ladylike Stool,Cottonwood,Acetate,Sturdy,Red
UWYaQakgaT,Italian Fat Chair,Pine,Acrylic,Wobbly,Violet
5LVsPqQAOe,Homely Ladylike Bedframe,Balsa,Cotton,Somewhat Wobbly,Tan
FQzatdhmjv,Modern Macho Stool,Cottonwood,Cotton Blend,Somewhat Wobbly,Teal
5f1NWm6yVP,Contemporary Slender Stool,Oak,Cotton Blend,Somewhat Wobbly,Gold
7wxrLanEqe,Italian Chunky Stool,Birch,Acetate,Very Strong,Black
Fxtrcb6JVu,Futuristic Macho Stool,Oak,Vinyl,Strong,Black
mNTAzxDqkp,Italian Badass Bedframe,Steel,Cotton Blend,Indestructable,Grey
28RWBDWBSg,Eccentric Oblique Stool,Elm,Cotton Blend,Strong,Tan
2Vsqvr4pSG,German Rounded Chair,Pine,Linen,Wobbly,Tan
yf7wuw2h0N,Ancient Hefty Bedframe,Magnesium Alloy,Linen,Indestructable,Purple
RhVeGTjbHJ,Timeless Thin Cabinet,Oak,Leather,Sturdy,Blue
T3UWoWJI6d,Norwegian Chunky Cabinet,Cherry,Silk,Strong,Gold
fHDKhWgoyW,Eccentric Macho Chair,Teak,Acetate,Somewhat Strong,Lavender
brrbzqzg5i,Timeless Wimpy Table,Oak,Polyester,Somewhat Strong,Blue
FNlBck6S61,Large Fat Chair,Cedar,Acetate,Sturdy,Maroon
mkb6RZzXEm,Ancient Light Bedframe,Lindens,Acetate,Very Sturdy,Indigo
JLSo2PIe8o,German Genteel Table,Aluminum,Acetate,Very Strong,Violet
AmEdnMsefb,Modern Badass Bedframe,Birch,Polyester,Wobbly,Olive
FGichGMA8G,Contemporary Macho Stool,Afzelia,Acetate,Somewhat Sturdy,Red
9RZzrpKGxa,Futuristic Rounded Chair,Walnut,Acetate,Somewhat Sturdy,Maroon
chbdgVzJuq,Aged Bowed Cabinet,Lindens,Linen,Very Wobbly,Pink
riUq9SI8gq,Contemporary Oblique Chair,Elm,Wool,Somewhat Strong,Maroon
XxPiTF9xu3,Norwegian Rounded Desk,Maple,Cotton Blend,Strong,Salmon
jv0FBgYj9i,Aged Bowed Desk,Lindens,Acetate,Somewhat Strong,Yellow
tLBIkc5Fw4,Indian Chunky Chair,Pine,Cotton,Somewhat Wobbly,Cyan
Be9nvmOuJB,Italian Ladylike Table,Aluminum,Silk,Very Sturdy,Green
wbz0NbdhpJ,Strong Gaunt Table,Magnesium Alloy,Linen,Wobbly,Grey
2q15mUc98o,Norwegian Macho Cabinet,Oak,Nylon,Very Sturdy,Teal
4LKZ0FX7yJ,Timeless Hefty Stool,Maple,Olefin,Wobbly,Blue
CjDIWMAWkR,Rustic Bowed Cabinet,Ebony,Leather,Somewhat Sturdy,Black
wfuuErQI2B,Norwegian Thin Table,Teak,Silk,Wobbly,Purple
y21LVHAkEE,Strong Jagged Desk,Coast Redwood,Cotton,Somewhat Strong,Blue
VZXybYEP0q,Italian Ladylike Stool,Magnesium Alloy,Polyester,Very Wobbly,Magenta
q4RR6AXpIZ,Aged Fat Bedframe,Lindens,Olefin,Indestructable,Teal
TRNPXOSNS1,Large Gaunt Bedframe,Alder,Cotton Blend,Very Wobbly,Black
xEiXFQMNxU,Norwegian Slender Desk,Cherry,Wool,Indestructable,Cyan
jvVR6213Hy,Modern Bowed Table,Afzelia,Cotton,Very Sturdy,Salmon
02SVZ28q47,Ancient Angular Stool,Hemlock,Nylon,Very Wobbly,Silver
UJsmlB2VXD,Eccentric Badass Cabinet,Cedar,Leather,Very Sturdy,Gold
em4LxO6WY2,Homely Angular Bedframe,Afzelia,Wool,Sturdy,Violet
t46b40gnat,Modern Gaunt Table,Balsa,Acetate,Somewhat Strong,Magenta
GrjUlprJhx,Stylish Bowed Desk,Coast Redwood,Silk,Very Wobbly,Orange
KdidrJmCDu,Strong Macho Stool,Alder,Cotton,Somewhat Sturdy,Green
b8XWkMJ01T,Futuristic Wimpy Chair,Birch,Olefin,Somewhat Strong,Turquoise
wjzgUIVYh6,Indian Light Bedframe,Teak,Cotton,Very Strong,White
UCDvmTFnJX,Homely Rounded Bedframe,Coast Redwood,Vinyl,Strong,Gold
Nn628I1rS7,Norwegian Genteel Table,Cottonwood,Nylon,Somewhat Sturdy,Orange
LMR1hrrTLj,Indian Meager Desk,Oak,Nylon,Very Wobbly,Purple
hZuUdDpGAQ,Norwegian Meager Bedframe,Ash,Cotton,Somewhat Strong,Grey
Y9oPD5wbxV,Timeless Genteel Table,Magnesium Alloy,Olefin,Sturdy,Tan
GD8FikLpTa,Indian Genteel Chair,Oak,Leather,Indestructable,Yellow
kaQu8rAqdG,Timeless Macho Cabinet,Beech,Olefin,Somewhat Strong,Orange
68EUTc7joi,Eclectic Gaunt Cabinet,Teak,Nylon,Strong,Grey
RfBTVUqoof,Norwegian Angular Desk,Walnut,Wool,Wobbly,Turquoise
N5gFbniK9u,Contemporary Genteel Bedframe,Teak,Cotton Blend,Very Sturdy,Purple
54KU2z0wGS,Large Rounded Bedframe,Ash,Cotton Blend,Wobbly,Salmon
dAerV1FFCW,Norwegian Oblique Bedframe,Fir,Leather,Somewhat Sturdy,Black
mqlwxxdsh8,Strong Meager Cabinet,Cottonwood,Cotton,Strong,Cyan
obiDI1FkuR,Eccentric Rounded Cabinet,Elm,Linen,Very Strong,Purple
6qaaHgPjZ1,Italian Macho Desk,Ash,Leather,Very Sturdy,Sky Blue
9VRBIDn7Q5,Large Fat Table,Birch,Acrylic,Strong,Pink
j2NoKyFfmn,German Fat Table,Elm,Acrylic,Somewhat Sturdy,Gold
VjdhFLgHuA,Stylish Wimpy Cabinet,Ebony,Wool,Very Strong,Black
NN1gagsEQJ,Eclectic Rounded Stool,Alder,Nylon,Strong,Grey
yvjZP5CCOb,Large Chunky Chair,Cherry,Acrylic,Very Sturdy,Gold
2brCsqMwFv,Large Bowed Table,Hemlock,Leather,Very Strong,Maroon
qZ2CujzPhr,Eccentric Bowed Stool,Hickory,Leather,Very Strong,Black
TWusDLJc6c,Eclectic Fat Cabinet,Aluminum,Wool,Sturdy,Salmon
ceYelWAcpw,German Badass Desk,Cottonwood,Acetate,Somewhat Sturdy,Cyan
GLvHOXRjeP,Norwegian Wimpy Table,Ash,Linen,Somewhat Wobbly,Black
EHOc6EXxFj,Timeless Gaunt Chair,Alder,Vinyl,Very Sturdy,Olive
LqPaAknYqS,Eclectic Ladylike Chair,Coast Redwood,Wool,Indestructable,Lavender
G8RnagTNvh,Stylish Fat Stool,Cottonwood,Nylon,Very Wobbly,Salmon
4cuzlZ8ap6,Large Slender Stool,Cherry,Nylon,Very Strong,Green
0uzi2lU3dA,Large Wimpy Table,Fir,Polyester,Very Sturdy,Olive
9Fb2brEVnd,Eccentric Bowed Table,Maple,Wool,Very Sturdy,Green
TTAoSpkTam,German Thin Table,Pine,Olefin,Sturdy,Red
vbvyCoo9sD,Ancient Fat Table,Magnesium Alloy,Linen,Somewhat Wobbly,Indigo
o8wMrHSwUk,Stylish Wimpy Table,Coast Redwood,Acrylic,Very Wobbly,Black
V5zQLJc4wF,Eccentric Ladylike Bedframe,Afzelia,Nylon,Indestructable,Black
VT0XZUpVfr,Contemporary Gaunt Chair,Steel,Linen,Very Wobbly,Salmon
KeyDKmdExE,Large Gaunt Desk,Purpleheart,Olefin,Very Strong,Silver
baTrYfs79j,Stylish Wimpy Stool,Hemlock,Leather,Very Wobbly,Salmon
g0DBcceCIA,Rustic Chunky Cabinet,Afzelia,Acrylic,Wobbly,Cyan
cwF7vAc4zF,Timeless Rounded Bedframe,Hemlock,Acrylic,Very Sturdy,Silver
ws2tnVQbpJ,Eclectic Hefty Desk,Birch,Cotton,Very Sturdy,Grey
g3u7odqMAF,Contemporary Light Desk,Ash,Olefin,Very Strong,Gold
Sr0VEgPNfG,Aged Chunky Chair,Cottonwood,Wool,Somewhat Strong,Silver
qHHQVXgcBN,Homely Jagged Cabinet,Birch,Acetate,Very Wobbly,Indigo
9glVJgAsal,Indian Rounded Stool,Alder,Acrylic,Indestructable,Tan
19SSu37wFg,German Slender Desk,Aluminum,Acrylic,Strong,Salmon
N637Q5UVRN,Revolutionary Hefty Chair,Beech,Leather,Somewhat Sturdy,Black
xM7umn9NPq,Large Ladylike Desk,Ebony,Leather,Very Strong,Olive
txklYaJXFY,Modern Oblique Stool,Hemlock,Leather,Somewhat Strong,Sky Blue
nqiEt3X3cx,Rustic Light Stool,Oak,Cotton Blend,Sturdy,Teal
2lrpWbie85,Eclectic Macho Bedframe,Cottonwood,Cotton Blend,Sturdy,Olive
cA2Mk87mMX,Italian Fat Stool,Lindens,Polyester,Sturdy,Silver
Hk2n1nwkOU,Ancient Jagged Cabinet,Purpleheart,Nylon,Somewhat Strong,Teal
1ZsQkl9U36,Eclectic Macho Table,Cottonwood,Acrylic,Somewhat Sturdy,Tan
aVd9cieknO,Contemporary Fat Cabinet,Hickory,Cotton Blend,Somewhat Sturdy,Orange
TnD5znZtG5,Indian Ladylike Stool,Balsa,Nylon,Indestructable,Blue
tumqOtsN6l,Eccentric Macho Bedframe,Purpleheart,Acetate,Strong,Olive
sNdDpCk97e,Stylish Meager Chair,Magnesium Alloy,Wool,Very Sturdy,Violet
kYvH8E6DeR,Eccentric Oblique Desk,Maple,Wool,Somewhat Strong,Grey
iCfHwj4wRF,Revolutionary Slender Cabinet,Hickory,Wool,Indestructable,Black
mj6wu2FS3v,Revolutionary Slender Desk,Fir,Olefin,Somewhat Strong,White
L5XLpa5cap,Homely Hefty Chair,Coast Redwood,Acrylic,Very Strong,Teal
XcRH36IpsT,Stylish Bowed Chair,Lindens,Silk,Very Sturdy,Lavender
GcIytotvoZ,Large Light Stool,Ash,Cotton Blend,Sturdy,Lavender
B9pLVld0kA,Eclectic Ladylike Chair,Purpleheart,Polyester,Very Sturdy,Grey
53f2OD3dbm,Modern Rounded Chair,Aluminum,Silk,Sturdy,Olive
g2inQPejWv,Norwegian Macho Cabinet,Cedar,Leather,Very Wobbly,Teal
9kzx98bRlX,Revolutionary Thin Chair,Fir,Cotton,Wobbly,Orange
74X99J11Cq,Homely Badass Bedframe,Hemlock,Leather,Sturdy,Gold
7F34jaOWUE,Futuristic Light Stool,Walnut,Acetate,Strong,Yellow
xipKm4ZpqB,Modern Gaunt Table,Lindens,Wool,Very Strong,Salmon
ckWsjy0qfn,Homely Oblique Table,Ash,Leather,Very Strong,Grey
p1oRXmf0vp,Ancient Angular Stool,Magnesium Alloy,Linen,Very Wobbly,Blue
KQGJ8VD3wT,Eccentric Rounded Cabinet,Steel,Polyester,Sturdy,Black
QVogyjf8b8,Futuristic Chunky Table,Walnut,Vinyl,Strong,Gold
iOLcnTIVFy,Stylish Angular Cabinet,Oak,Acetate,Somewhat Wobbly,Maroon
KJ26kmXeX7,Contemporary Oblique Bedframe,Ash,Vinyl,Somewhat Wobbly,Green
wJCAz4XWFp,Eclectic Fat Chair,Cottonwood,Vinyl,Very Sturdy,Violet
UhCgTjSXvT,Homely Wimpy Cabinet,Hickory,Cotton,Very Wobbly,Cyan
GvAKFKkyM6,Large Genteel Chair,Elm,Polyester,Very Strong,Orange
dHh8gwYQIU,Rustic Chunky Bedframe,Ebony,Nylon,Sturdy,Sky Blue
pbfYqWNwCE,Indian Rounded Table,Walnut,Vinyl,Indestructable,Indigo
Kt8tyAGM90,Stylish Slender Chair,Walnut,Cotton,Somewhat Sturdy,Salmon
KrxJ7qsu83,Futuristic Genteel Chair,Maple,Acetate,Somewhat Wobbly,Lavender
lgGUlztw6f,Futuristic Fat Table,Hemlock,Silk,Indestructable,Silver
Eb4XgddODU,Large Angular Desk,Beech,Wool,Wobbly,Indigo
ppy6lB2izS,Large Chunky Cabinet,Teak,Leather,Wobbly,Olive
zP5MVohZt0,Rustic Badass Stool,Aluminum,Cotton,Somewhat Sturdy,Indigo
g6yeUpcwSe,Strong Jagged Stool,Walnut,Acetate,Indestructable,Blue
aAPFjHxG37,German Slender Table,Lindens,Wool,Very Wobbly,Salmon
oea3K10Fwk,Modern Thin Desk,Fir,Nylon,Wobbly,Magenta
tK3KIsYHjP,Contemporary Slender Chair,Oak,Polyester,Sturdy,Purple
MdgGwgxBYn,Eclectic Chunky Chair,Coast Redwood,Linen,Somewhat Wobbly,Green
jWSMNoSQXb,Timeless Fat Desk,Afzelia,Cotton,Sturdy,Teal
nrNZEpvXKy,Stylish Genteel Bedframe,Aluminum,Leather,Somewhat Wobbly,Black
2T97Qbshv3,Strong Hefty Stool,Cedar,Polyester,Very Strong,Green
wb4GUYHfE5,Eccentric Angular Chair,Steel,Vinyl,Very Wobbly,Maroon
eP6RB3BHpZ,Large Wimpy Cabinet,Fir,Wool,Sturdy,Tan
bvQG7AyzpP,Italian Oblique Table,Cherry,Polyester,Very Sturdy,Gold
daOHVUkZyg,Homely Chunky Desk,Steel,Linen,Very Strong,Grey
4gdDyqwGI5,Timeless Genteel Cabinet,Elm,Acrylic,Somewhat Strong,Blue
YLDtC2Xs9h,Rustic Bowed Stool,Balsa,Vinyl,Indestructable,Cyan
lHSxpq8uHs,Futuristic Light Chair,Ash,Cotton Blend,Strong,Magenta
q3rHteiF4D,Strong Ladylike Table,Walnut,Cotton Blend,Somewhat Strong,Grey
NijtnyBhEk,Norwegian Bowed Bedframe,Birch,Nylon,Very Strong,Coral
A9KNDK7NBZ,Modern Hefty Cabinet,Oak,Cotton,Indestructable,Blue
mMKW3QzCSq,Rustic Light Table,Afzelia,Polyester,Wobbly,Maroon
Lgi31OieR1,Timeless Thin Stool,Cedar,Wool,Indestructable,Black
PSHJKRB52C,Modern Badass Chair,Cherry,Wool,Wobbly,Olive
tI8FHUlyB6,Large Macho Bedframe,Oak,Acetate,Somewhat Sturdy,Maroon
F9O7dCYKoi,Eccentric Slender Bedframe,Teak,Nylon,Very Sturdy,Blue
NvpkimV72M,Strong Chunky Stool,Coast Redwood,Wool,Somewhat Sturdy,Salmon
EuKfwTbSMQ,Contemporary Badass Table,Ash,Acrylic,Strong,Red
kXNt3Uau7o,Homely Rounded Table,Cherry,Leather,Very Strong,Silver
4d0ndtZCfG,Strong Meager Cabinet,Fir,Silk,Strong,Red
78rJKTUJXk,Large Gaunt Chair,Afzelia,Leather,Indestructable,Pink
8A40NorlvK,Revolutionary Slender Stool,Cottonwood,Silk,Indestructable,Yellow
cGj6nectLJ,Modern Chunky Cabinet,Birch,Polyester,Wobbly,Pink
qjeiFxEKb6,Rustic Rounded Chair,Hickory,Silk,Strong,Maroon
c8lRknyeAJ,Aged Gaunt Desk,Ebony,Acrylic,Wobbly,Violet
RSUTq8hdLh,Modern Gaunt Desk,Beech,Acrylic,Somewhat Wobbly,Orange
ahSgDugH1u,Homely Ladylike Desk,Hemlock,Acrylic,Somewhat Strong,Red
gKs6UHPm7e,Large Ladylike Table,Ebony,Vinyl,Strong,Violet
qhXoRSIciU,Eclectic Badass Chair,Alder,Cotton Blend,Indestructable,Maroon
I8jgc1Rjp0,Italian Wimpy Bedframe,Oak,Acrylic,Somewhat Wobbly,Cyan
3FltIo53cP,Contemporary Ladylike Stool,Ash,Cotton Blend,Strong,Turquoise
eIkoTQGQI8,Rustic Chunky Stool,Fir,Cotton,Sturdy,Silver
EVOwoqvdnj,Aged Bowed Chair,Steel,Cotton Blend,Somewhat Wobbly,Black
iw90kcR4Vk,Strong Bowed Chair,Birch,Nylon,Wobbly,Green
L5NMAFhpum,Timeless Thin Table,Coast Redwood,Leather,Somewhat Sturdy,Olive
UcTFBzoeUN,Ancient Thin Cabinet,Pine,Cotton,Somewhat Sturdy,Turquoise
upjHz3f4Dn,Aged Hefty Table,Pine,Leather,Somewhat Strong,Silver
iPVdubkrTT,Eccentric Thin Desk,Purpleheart,Acetate,Indestructable,Purple
eTtf1QpjZ5,Indian Wimpy Table,Balsa,Wool,Wobbly,White
lE1lT4mlvB,Contemporary Light Bedframe,Purpleheart,Vinyl,Somewhat Strong,Tan
kFr0Ks1B69,Indian Fat Chair,Alder,Wool,Sturdy,Sky Blue
1gKp3k38G7,Modern Meager Desk,Hickory,Nylon,Strong,Gold
mFfSS1M6uW,Ancient Hefty Stool,Coast Redwood,Wool,Strong,Violet
EZyugc24Cp,Futuristic Thin Table,Aluminum,Silk,Somewhat Strong,Lavender
0mp9PGPdKw,Futuristic Bowed Bedframe,Balsa,Linen,Indestructable,Gold
fUnDO7oeNq,Revolutionary Genteel Cabinet,Cherry,Olefin,Strong,Salmon
o5zNeXCBE1,Timeless Jagged Chair,Lindens,Wool,Strong,Sky Blue
1ua6LeaubQ,Futuristic Gaunt Stool,Hickory,Silk,Strong,Silver
oaz6GsFlTI,Futuristic Bowed Desk,Steel,Wool,Wobbly,Teal
f8QKLaEMto,Aged Angular Bedframe,Ebony,Nylon,Wobbly,Olive
4aYM1g5Udu,Aged Badass Table,Birch,Nylon,Strong,Sky Blue
D7JQNJqEo3,Indian Wimpy Desk,Purpleheart,Nylon,Somewhat Wobbly,Teal
eo9Vsx0grh,German Gaunt Bedframe,Purpleheart,Acetate,Strong,Indigo
nCT1TAk7oS,Aged Gaunt Cabinet,Teak,Acrylic,Somewhat Strong,Orange
RW0RvYkERf,Ancient Bowed Cabinet,Cedar,Nylon,Somewhat Strong,Maroon
UE3Jqkzamq,Eclectic Slender Table,Ebony,Leather,Somewhat Wobbly,Maroon
mWr4Nj2Drh,Futuristic Ladylike Chair,Beech,Leather,Somewhat Sturdy,Maroon
NpMhIjL9wZ,Italian Fat Stool,Cedar,Linen,Very Sturdy,Grey
c644T1pacr,Norwegian Wimpy Stool,Oak,Cotton Blend,Very Strong,Olive
5ypLBtWgEG,Eclectic Jagged Bedframe,Maple,Acetate,Very Sturdy,Magenta
fTmo9qbApQ,Timeless Light Desk,Cherry,Cotton,Wobbly,Grey
mHUtZtrnmJ,Large Thin Chair,Steel,Olefin,Very Sturdy,Gold
xotbNFkT00,Modern Wimpy Chair,Afzelia,Cotton Blend,Somewhat Sturdy,Sky Blue
KXtrq5Cntm,Modern Jagged Desk,Afzelia,Nylon,Indestructable,Indigo
C6ALN8sYo8,Futuristic Oblique Stool,Magnesium Alloy,Linen,Strong,Salmon
iLk84yUBI0,Revolutionary Wimpy Table,Ebony,Cotton,Strong,Maroon
xDGyCXl7W1,Indian Oblique Stool,Purpleheart,Cotton Blend,Strong,Gold
KvXdWchurf,Aged Thin Stool,Cottonwood,Cotton,Strong,Cyan
l7v07sVia1,Modern Hefty Chair,Hickory,Leather,Somewhat Sturdy,Maroon
PNPFm4u1ku,Large Ladylike Cabinet,Lindens,Nylon,Sturdy,Turquoise
jTImt1RNH7,Ancient Chunky Table,Purpleheart,Polyester,Strong,Indigo
7WO5WXboBg,Aged Genteel Desk,Hemlock,Acrylic,Very Wobbly,Tan
ZGZvEISawB,Stylish Meager Chair,Purpleheart,Wool,Wobbly,Grey
l2k6uktmgm,Revolutionary Oblique Stool,Ash,Olefin,Very Sturdy,Silver
tOWU8CUbqF,Futuristic Light Table,Fir,Nylon,Very Sturdy,Yellow
5A75nuYO0H,Homely Gaunt Chair,Cottonwood,Leather,Somewhat Sturdy,Sky Blue
SmkuhLebC0,Homely Angular Cabinet,Steel,Linen,Very Strong,White
zFaSgPcO6x,Stylish Jagged Bedframe,Alder,Olefin,Sturdy,Salmon
sEf2YuCCVU,Norwegian Hefty Stool,Lindens,Cotton Blend,Indestructable,Turquoise
Z0CX8dldkM,Norwegian Macho Table,Ebony,Polyester,Sturdy,Red
3TxDSGOiXq,Revolutionary Gaunt Table,Hickory,Cotton Blend,Strong,Salmon
QDAUu4SYUK,Timeless Thin Stool,Cedar,Nylon,Very Strong,Green
VlM7pgv67Z,Italian Oblique Desk,Cottonwood,Acetate,Very Strong,Maroon
cte2Z9Iz14,Modern Ladylike Cabinet,Ash,Cotton Blend,Wobbly,Sky Blue
goGFjMBM8f,Large Wimpy Chair,Afzelia,Cotton Blend,Very Strong,Green
QKfCY0eASx,Futuristic Badass Stool,Aluminum,Silk,Sturdy,Salmon
zUOWCzFjaE,Contemporary Angular Stool,Cottonwood,Polyester,Very Strong,Gold
C1MROBSSQt,Homely Oblique Table,Lindens,Linen,Very Strong,Red
H1PXyv67Po,German Wimpy Stool,Alder,Acetate,Somewhat Sturdy,Teal
zZ9XWJ8UHM,German Oblique Stool,Ebony,Acrylic,Very Strong,Magenta
atZM3m7Sie,Aged Bowed Stool,Birch,Olefin,Somewhat Wobbly,Tan
Ro8r9BNhrj,Modern Genteel Desk,Hickory,Polyester,Strong,Grey
pyiwlScewT,Ancient Wimpy Cabinet,Ash,Cotton Blend,Very Strong,Silver
1R9yytBBIO,Timeless Chunky Table,Hickory,Silk,Very Sturdy,Lavender
XGcXVRWADX,Eccentric Fat Chair,Elm,Nylon,Indestructable,Green
40gb42Tabg,Aged Wimpy Cabinet,Walnut,Silk,Somewhat Sturdy,Blue
v71Sy0XAGp,Modern Wimpy Stool,Maple,Linen,Somewhat Wobbly,Turquoise
1FMLBRgTgJ,Modern Jagged Bedframe,Fir,Vinyl,Very Sturdy,White
iQPEGDveWn,Ancient Fat Table,Elm,Leather,Sturdy,Olive
dOtbm2vsJd,Homely Badass Table,Coast Redwood,Acetate,Somewhat Strong,Indigo
UM2jUjWP94,Stylish Gaunt Table,Lindens,Cotton Blend,Wobbly,Sky Blue
xOW0v7Bh8i,German Ladylike Desk,Cedar,Cotton,Somewhat Sturdy,Grey
obKXfkAJte,Ancient Slender Bedframe,Balsa,Cotton Blend,Somewhat Strong,Magenta
SIbscyn7QW,Timeless Badass Desk,Oak,Acrylic,Somewhat Sturdy,Turquoise
hJ4p3fo0D5,Ancient Slender Stool,Alder,Cotton Blend,Very Wobbly,Lavender
nbsvVJUjNU,Norwegian Thin Cabinet,Beech,Acrylic,Sturdy,Tan
jMo8rJp7id,Revolutionary Angular Stool,Fir,Cotton,Indestructable,Turquoise
pQdbpE9Xzb,Futuristic Chunky Desk,Teak,Acrylic,Very Wobbly,Grey
Do8uU3nC7r,Indian Genteel Stool,Coast Redwood,Vinyl,Somewhat Wobbly,Yellow
2E482dhyl7,Ancient Fat Cabinet,Cherry,Cotton,Somewhat Strong,Black
1dMKsDHhNY,Aged Meager Desk,Oak,Acetate,Very Wobbly,White
9pP4n6uevs,Ancient Slender Cabinet,Purpleheart,Silk,Sturdy,Salmon
Mr8FwUntD1,Aged Thin Table,Birch,Cotton Blend,Somewhat Sturdy,Yellow
R4cmBp2ZlB,Aged Gaunt Cabinet,Pine,Acetate,Somewhat Strong,Turquoise
mPjjYIenLZ,Rustic Meager Desk,Oak,Acetate,Very Wobbly,Violet
DyO6mjh7Dq,German Fat Bedframe,Ebony,Silk,Indestructable,Violet
9TNHcGDta2,Indian Badass Stool,Magnesium Alloy,Cotton,Somewhat Strong,Teal
5NwM4u2CRT,Timeless Ladylike Desk,Lindens,Silk,Very Sturdy,Black
qXfLcdQZ3W,Modern Hefty Bedframe,Walnut,Acetate,Very Strong,Olive
Vl2vCs1Bn3,Eccentric Light Cabinet,Magnesium Alloy,Nylon,Strong,Silver
rlv1diSS3U,Eclectic Macho Cabinet,Cottonwood,Cotton,Strong,Tan
9Gxsi0TOjW,Norwegian Hefty Bedframe,Lindens,Linen,Sturdy,Violet
gj6Mn48NdS,Contemporary Hefty Bedframe,Afzelia,Acetate,Sturdy,Blue
MjWFpulw3d,Strong Angular Cabinet,Beech,Cotton,Strong,Coral
zQImaMUMUb,Stylish Gaunt Table,Aluminum,Linen,Somewhat Strong,Purple
OduQpEPyaK,Modern Oblique Chair,Teak,Acetate,Very Sturdy,Grey
eQICr8bjKC,Large Thin Stool,Birch,Silk,Somewhat Wobbly,Olive
6eN33hCaLu,Contemporary Meager Bedframe,Birch,Nylon,Somewhat Sturdy,Yellow
xa5I0uRsws,Eccentric Meager Bedframe,Hemlock,Nylon,Indestructable,Indigo
wPOgmqgEY6,Italian Badass Table,Birch,Cotton,Very Strong,White
DGldqhAclw,Timeless Gaunt Stool,Purpleheart,Cotton,Wobbly,Pink
xggKcNGJXQ,Indian Genteel Desk,Beech,Wool,Indestructable,Tan
vXbO56JovI,Modern Angular Stool,Steel,Polyester,Somewhat Wobbly,Red
NSagjbHwWG,Timeless Bowed Table,Cherry,Silk,Sturdy,Coral
lk0V3L9On5,Modern Thin Stool,Fir,Olefin,Very Sturdy,Green
qxRgCLP3um,Modern Badass Cabinet,Birch,Leather,Somewhat Strong,Indigo
ikvGJmD334,Large Angular Table,Ash,Acrylic,Wobbly,Grey
IeuJp3BUnd,Norwegian Meager Table,Walnut,Vinyl,Sturdy,Black
ctQm0T24Wd,Norwegian Light Cabinet,Pine,Cotton Blend,Very Strong,Silver
ULDGuHWFAe,Stylish Badass Stool,Steel,Cotton Blend,Sturdy,Grey
bbnymUqQf0,Homely Chunky Bedframe,Oak,Silk,Somewhat Sturdy,Black
RjUiJFh34g,Eccentric Ladylike Cabinet,Ebony,Polyester,Indestructable,Coral
yyIAQoeWLb,Large Angular Table,Balsa,Olefin,Very Strong,Cyan
lz0cjYYJT4,Futuristic Badass Cabinet,Purpleheart,Linen,Somewhat Wobbly,Olive
kW9w63n70g,Strong Oblique Desk,Cottonwood,Nylon,Sturdy,Purple
JnxJCLw8rc,Large Thin Chair,Beech,Leather,Somewhat Wobbly,Magenta
Z2H6y0hP2k,Contemporary Wimpy Desk,Magnesium Alloy,Cotton Blend,Somewhat Strong,Tan
qReUtXtAiH,German Angular Desk,Cedar,Acrylic,Somewhat Strong,Yellow
f9uOTQqAlS,Eclectic Thin Chair,Fir,Leather,Somewhat Strong,Indigo
DwHt6Ep36W,German Genteel Stool,Cottonwood,Olefin,Very Strong,Green
vNSYA8Nxkq,Revolutionary Slender Bedframe,Afzelia,Cotton,Somewhat Sturdy,Green
T9Ojs2TtWx,Italian Rounded Chair,Lindens,Acrylic,Somewhat Wobbly,Green
7LQypSrc74,Contemporary Gaunt Bedframe,Alder,Wool,Very Wobbly,Black
ZftwHjTplA,Ancient Badass Stool,Coast Redwood,Polyester,Somewhat Wobbly,Indigo
srMNAowYSf,Italian Light Chair,Alder,Silk,Strong,Cyan
lrQhujYLp5,Ancient Genteel Cabinet,Magnesium Alloy,Polyester,Indestructable,Silver
ukxpIQAsjs,Modern Thin Cabinet,Cedar,Vinyl,Somewhat Strong,Green
vK4Rp98p4A,Futuristic Gaunt Chair,Lindens,Vinyl,Very Wobbly,Olive
ZJsxWlhBjX,Norwegian Meager Table,Hickory,Cotton,Sturdy,Turquoise
H7AK7JFI2z,Norwegian Ladylike Bedframe,Afzelia,Olefin,Wobbly,Indigo
fXvraD9YNG,Ancient Meager Bedframe,Hemlock,Nylon,Somewhat Wobbly,Black
hWUrtFkAw3,Italian Chunky Stool,Hickory,Acetate,Sturdy,Green
IOZsB5DZWZ,Contemporary Badass Chair,Ash,Polyester,Wobbly,Blue
p3egrsR6bB,Timeless Gaunt Table,Cedar,Cotton,Somewhat Wobbly,Magenta
Na6eh8GhyM,Futuristic Chunky Table,Cherry,Polyester,Somewhat Strong,Blue
A6SjLWwlXB,Homely Thin Cabinet,Beech,Vinyl,Indestructable,Tan
b6rtWt54KS,German Thin Desk,Elm,Vinyl,Strong,Sky Blue
kphIGiILcS,Modern Genteel Stool,Cedar,Cotton,Strong,Orange
5Rp7K137Nz,Ancient Hefty Table,Cherry,Leather,Very Sturdy,Violet
z64rw2UJEU,Homely Meager Cabinet,Coast Redwood,Cotton Blend,Wobbly,Turquoise
vYnVNULL4z,Timeless Jagged Stool,Fir,Cotton Blend,Somewhat Wobbly,Maroon
oIktr1HJn8,Stylish Genteel Bedframe,Lindens,Cotton Blend,Wobbly,Pink
IHbXNfy8by,Ancient Slender Chair,Steel,Cotton Blend,Somewhat Wobbly,Lavender
gQfkZcRjPQ,Strong Badass Chair,Afzelia,Olefin,Very Strong,Maroon
u74Du3qwkk,Timeless Gaunt Stool,Pine,Cotton,Very Strong,White
13ZGsM9x5l,Futuristic Gaunt Table,Cherry,Cotton Blend,Somewhat Strong,Indigo
8FbS1Dz5Z3,Modern Ladylike Stool,Cherry,Acetate,Very Sturdy,Yellow
FL1lFPjINy,Rustic Light Cabinet,Cherry,Olefin,Indestructable,Tan
s8wyITKro4,Rustic Slender Table,Hemlock,Vinyl,Very Sturdy,Purple
R0GOvJYKl5,Norwegian Macho Stool,Beech,Vinyl,Wobbly,Gold
hOg636jo7d,Strong Oblique Bedframe,Oak,Cotton Blend,Somewhat Sturdy,Gold
2CBJwmUBip,Stylish Jagged Chair,Alder,Wool,Very Sturdy,Tan
kbIajBs1gj,German Macho Chair,Pine,Cotton,Very Wobbly,Violet
2XgMPM5r9Z,Revolutionary Slender Desk,Birch,Vinyl,Very Wobbly,Gold
rebuWzEk53,Ancient Thin Cabinet,Magnesium Alloy,Nylon,Very Wobbly,Teal
msWH7nqeNv,Eclectic Macho Chair,Balsa,Cotton Blend,Somewhat Wobbly,Salmon
akAyKbuVUI,Ancient Chunky Cabinet,Magnesium Alloy,Acrylic,Somewhat Strong,Red
otAlnw3xge,Modern Oblique Stool,Hickory,Acrylic,Very Wobbly,Green
th5P1k3Cbd,Eclectic Jagged Chair,Coast Redwood,Cotton Blend,Strong,Blue
cAIXrJI623,Indian Jagged Stool,Pine,Olefin,Very Wobbly,Magenta
VoZTDm11AI,Ancient Slender Chair,Magnesium Alloy,Leather,Very Sturdy,Coral
64qLDK26KP,Norwegian Macho Chair,Lindens,Nylon,Somewhat Strong,Turquoise
x4tey11ARs,Revolutionary Thin Chair,Birch,Olefin,Wobbly,Grey
g6EcxgWqjW,Rustic Hefty Bedframe,Hemlock,Silk,Somewhat Wobbly,Purple
yIOQJr80CO,Rustic Genteel Stool,Maple,Linen,Somewhat Sturdy,White
sRbALWZaec,Futuristic Light Desk,Ebony,Cotton,Sturdy,Black
NwJ54M9lCh,Italian Wimpy Cabinet,Magnesium Alloy,Wool,Wobbly,Lavender
WVvDhAbel1,Indian Light Cabinet,Cherry,Polyester,Strong,Green
w79t2g838m,Strong Badass Stool,Alder,Silk,Sturdy,Black
uKeGwVAde7,Eccentric Gaunt Table,Ebony,Acetate,Very Wobbly,Sky Blue
2EBSj1noVT,Contemporary Fat Table,Maple,Wool,Sturdy,Orange
EcZRrSCIKb,Indian Rounded Stool,Walnut,Leather,Very Wobbly,Tan
r5JeUL5a39,Timeless Slender Desk,Hemlock,Acrylic,Sturdy,Teal
0vhyAaLCYg,Italian Rounded Bedframe,Pine,Cotton,Indestructable,Magenta
QmWyeLgRdE,Timeless Wimpy Desk,Walnut,Linen,Somewhat Strong,Black
fQGUqqENJn,Eclectic Slender Chair,Cedar,Silk,Sturdy,Yellow
t1Psl3AsAU,Italian Angular Chair,Beech,Cotton Blend,Somewhat Wobbly,Silver
xDgUNBMQ8f,Revolutionary Meager Table,Cherry,Acetate,Somewhat Sturdy,Green
HmHOkSYNQ0,Rustic Light Cabinet,Birch,Nylon,Wobbly,Yellow
FWtBhJEvtW,Norwegian Macho Desk,Magnesium Alloy,Cotton Blend,Somewhat Strong,White
KhObeoJfr9,Strong Hefty Cabinet,Pine,Silk,Somewhat Wobbly,Salmon
9IDrTc6hjp,Large Thin Desk,Fir,Leather,Somewhat Wobbly,White
MpkvpT5uke,Strong Badass Chair,Steel,Vinyl,Somewhat Sturdy,Salmon
gnJi8U9L6m,Ancient Bowed Table,Ebony,Vinyl,Wobbly,Grey
rZIbLyvhBG,Eccentric Wimpy Chair,Teak,Linen,Somewhat Wobbly,Magenta
vQvd80s43Q,Timeless Bowed Table,Oak,Wool,Somewhat Wobbly,Gold
PVFluEL9mE,Large Thin Bedframe,Cedar,Nylon,Somewhat Wobbly,Violet
SFtVPxi4d9,Indian Macho Chair,Walnut,Polyester,Indestructable,Silver
At69PCE9ZE,Italian Angular Cabinet,Purpleheart,Olefin,Sturdy,Sky Blue
G84omuq7Ii,Stylish Hefty Desk,Ash,Nylon,Strong,Maroon
RasAX0E7Hk,Indian Oblique Table,Lindens,Linen,Somewhat Strong,Teal
KFzxmyHdMw,Stylish Angular Stool,Coast Redwood,Acrylic,Very Sturdy,White
RlnoE3oj7f,Norwegian Meager Cabinet,Balsa,Leather,Somewhat Sturdy,Teal
OqE0H5xiY9,Indian Angular Chair,Birch,Cotton Blend,Somewhat Strong,Coral
ERyqzuBbxS,Futuristic Thin Chair,Walnut,Cotton,Somewhat Sturdy,Tan
ISmF5sCRfP,Norwegian Angular Desk,Lindens,Cotton Blend,Somewhat Sturdy,Red
E7YJRm7WHe,Homely Light Chair,Cottonwood,Cotton Blend,Sturdy,Tan
BkyRY8nyyt,Stylish Genteel Cabinet,Aluminum,Cotton Blend,Wobbly,Orange
Y1HJOdZw1f,Italian Oblique Cabinet,Purpleheart,Polyester,Somewhat Strong,Green
FOrgkISTik,Futuristic Oblique Desk,Ebony,Vinyl,Wobbly,Purple
4rbXnrcW86,Eclectic Thin Stool,Magnesium Alloy,Cotton Blend,Strong,Black
uHFcBb3Hd1,Homely Slender Chair,Elm,Acrylic,Very Wobbly,Yellow
uKSMHVuFL3,Rustic Bowed Stool,Beech,Cotton Blend,Strong,Olive
Aabanpg0HQ,Futuristic Meager Cabinet,Hemlock,Leather,Very Wobbly,Magenta
RnGMHZiHZr,Contemporary Chunky Table,Coast Redwood,Linen,Very Sturdy,Violet
82RjMF8Zgq,Contemporary Meager Desk,Teak,Linen,Indestructable,Olive
2oPMQdmtmW,Rustic Oblique Table,Afzelia,Linen,Indestructable,Purple
9sPvBZkGSB,Timeless Ladylike Chair,Steel,Cotton Blend,Very Wobbly,Magenta
h16P6bTVLj,Aged Macho Desk,Lindens,Cotton,Somewhat Sturdy,Olive
tG8hHtfzeE,Eccentric Chunky Cabinet,Purpleheart,Acrylic,Very Sturdy,Blue
4XjLHDRo54,Ancient Light Table,Cottonwood,Leather,Very Strong,Maroon
2siC5yZ1g2,Homely Fat Stool,Steel,Cotton,Somewhat Strong,Indigo
ghJ3FsBdDS,Ancient Light Bedframe,Steel,Olefin,Somewhat Wobbly,Blue
CJCyKUx9tG,Strong Hefty Stool,Coast Redwood,Vinyl,Very Strong,Tan
YQ9J5U6QGI,Timeless Badass Stool,Alder,Nylon,Very Sturdy,Tan
EokDv28lSq,Homely Hefty Cabinet,Hemlock,Polyester,Strong,Indigo
BRaEg58ygH,Revolutionary Fat Cabinet,Maple,Acetate,Sturdy,Cyan
6Fvlm8fP9z,Homely Rounded Chair,Cherry,Nylon,Sturdy,Gold
nPMaXczInW,German Macho Stool,Elm,Leather,Strong,Cyan
3weuZIFeOt,Futuristic Thin Chair,Birch,Acrylic,Somewhat Sturdy,Coral
VFvjuzND52,Aged Gaunt Table,Purpleheart,Acrylic,Somewhat Strong,Tan
mYOqbFITVg,Ancient Gaunt Cabinet,Magnesium Alloy,Polyester,Very Sturdy,Salmon
Ig7CjKPHvC,Homely Gaunt Stool,Alder,Nylon,Somewhat Sturdy,White
tFUqFGbFBZ,Stylish Meager Stool,Alder,Acetate,Somewhat Sturdy,Black
o729EHqYlV,Large Ladylike Cabinet,Balsa,Vinyl,Wobbly,Orange
PWDvBpYFAb,Revolutionary Macho Table,Oak,Acrylic,Very Wobbly,Blue
d4r3KXY6JB,Eccentric Badass Chair,Birch,Vinyl,Sturdy,Purple
RwiIDHEOHM,Indian Badass Bedframe,Ebony,Cotton,Strong,Purple
CE8VQ0I3QG,Indian Chunky Chair,Afzelia,Wool,Very Sturdy,Maroon
b1VPeAm02I,Futuristic Slender Bedframe,Teak,Leather,Somewhat Strong,Purple
93D0hl1oj7,Homely Hefty Bedframe,Purpleheart,Nylon,Somewhat Wobbly,Lavender
MKrdX3mYcD,Rustic Wimpy Chair,Cherry,Silk,Somewhat Wobbly,Red
vcyVOV3FVH,Aged Wimpy Desk,Maple,Cotton,Very Sturdy,Indigo
75BEGa66eX,Strong Macho Table,Maple,Silk,Very Sturdy,Violet
1Fy3WoazER,Strong Light Cabinet,Magnesium Alloy,Polyester,Sturdy,Grey
MZyDA4LYbG,Norwegian Macho Stool,Walnut,Nylon,Somewhat Wobbly,Green
78djBq6UFZ,Norwegian Jagged Stool,Ash,Acetate,Very Sturdy,Purple
naeA3Xec1n,Stylish Meager Cabinet,Hickory,Linen,Very Sturdy,Gold
m7XHKjUfrJ,Ancient Meager Chair,Hemlock,Acetate,Very Sturdy,Olive
vj5AfgpehJ,Strong Thin Desk,Birch,Cotton,Very Strong,Magenta
Qfr5SxW1Sy,Aged Hefty Cabinet,Birch,Nylon,Somewhat Strong,Yellow
5941PljvFQ,Eccentric Rounded Bedframe,Maple,Silk,Sturdy,Red
FplUtPU6y1,Aged Badass Bedframe,Cedar,Acetate,Somewhat Wobbly,Grey
yH2NmYUhU6,Aged Jagged Cabinet,Steel,Polyester,Very Wobbly,Magenta
JCedkVtvQK,Homely Meager Bedframe,Cottonwood,Cotton Blend,Somewhat Strong,Red
W9BvjZobEM,Futuristic Gaunt Desk,Birch,Linen,Wobbly,Grey
IGntYv8scu,Eccentric Bowed Bedframe,Teak,Cotton Blend,Sturdy,Magenta
gWWhFZ5zml,Strong Gaunt Desk,Steel,Wool,Somewhat Sturdy,Teal
PUwCfLAJPa,Rustic Badass Cabinet,Teak,Polyester,Somewhat Sturdy,Olive
R0Zi80BIhN,Ancient Chunky Table,Cedar,Silk,Very Wobbly,Teal
6fbrZp0XtP,Norwegian Rounded Desk,Hickory,Leather,Indestructable,Grey
k598Jv575W,Homely Bowed Stool,Walnut,Acrylic,Indestructable,Tan
Onk0JHFbxN,Aged Light Desk,Teak,Acetate,Strong,White
LU24DXYd38,Italian Rounded Bedframe,Elm,Cotton,Very Strong,Purple
aaFAH5nYyZ,Norwegian Thin Table,Beech,Polyester,Strong,Olive
K7rhYYYQRW,Modern Badass Chair,Elm,Leather,Strong,Magenta
hzclxDbNRt,Timeless Macho Bedframe,Cherry,Polyester,Indestructable,Maroon
t6KAQ650O0,Modern Jagged Table,Hickory,Acrylic,Indestructable,Salmon
ayPOjFDLoP,Homely Wimpy Stool,Aluminum,Wool,Somewhat Wobbly,Orange
Xa5Ppn2cWl,Contemporary Light Chair,Magnesium Alloy,Acetate,Very Wobbly,Violet
XcCIMOZvQe,Futuristic Oblique Desk,Elm,Olefin,Sturdy,Blue
XLlGxXGvec,Timeless Gaunt Bedframe,Coast Redwood,Vinyl,Very Sturdy,Olive
6qSmSYFQRj,Norwegian Ladylike Bedframe,Pine,Nylon,Strong,Blue
nRtOIYDun8,Eclectic Light Bedframe,Hemlock,Silk,Very Strong,Black
FkSjoylt6R,Stylish Jagged Cabinet,Ash,Linen,Somewhat Sturdy,Maroon
sblZciDTls,Ancient Light Bedframe,Alder,Linen,Somewhat Strong,Pink
cANIp3RVXL,Homely Meager Table,Balsa,Polyester,Somewhat Sturdy,Turquoise
h0vIBMNzp0,Modern Chunky Table,Alder,Vinyl,Somewhat Sturdy,White
WbTCssTZwc,Contemporary Badass Chair,Alder,Cotton,Very Wobbly,Grey
XRzhw6WO9O,Timeless Macho Table,Ebony,Linen,Somewhat Wobbly,Orange
1fKjS4JCV3,Modern Rounded Bedframe,Balsa,Vinyl,Very Sturdy,Cyan
fm6Xw7wXYr,Rustic Chunky Cabinet,Teak,Wool,Somewhat Sturdy,Blue
6saOyAWvxZ,Rustic Hefty Bedframe,Ash,Silk,Very Strong,Indigo
1aQEePSyjf,Aged Slender Chair,Afzelia,Nylon,Strong,Cyan
fIg5dDEAGQ,Ancient Oblique Chair,Cedar,Cotton Blend,Very Wobbly,Black
AnjFpDMOBx,Homely Gaunt Cabinet,Balsa,Acrylic,Strong,Purple
Q0drCQP8qU,Rustic Wimpy Chair,Cedar,Leather,Very Strong,Salmon
RCNZ71NFEI,Contemporary Genteel Table,Ebony,Cotton Blend,Wobbly,Teal
25M9T6hMA9,Rustic Light Desk,Lindens,Cotton,Very Strong,Indigo
h0540FeDJm,Rustic Genteel Cabinet,Pine,Acetate,Very Sturdy,Orange
TiCCrJl53A,Revolutionary Bowed Chair,Aluminum,Cotton Blend,Somewhat Strong,Gold
ciEhLlHOeR,Revolutionary Oblique Table,Alder,Cotton Blend,Very Strong,Yellow
yLBoDmDjne,Timeless Jagged Chair,Steel,Polyester,Very Wobbly,Cyan
XlUOikWMWz,Ancient Ladylike Cabinet,Aluminum,Polyester,Very Sturdy,Teal
LcVj0v6sUE,Italian Gaunt Desk,Teak,Leather,Strong,Sky Blue
MQuPikdako,Homely Badass Chair,Cottonwood,Acetate,Somewhat Sturdy,Blue
tjz9k8OWK1,Norwegian Chunky Desk,Hemlock,Acetate,Somewhat Wobbly,Sky Blue
47JKmJLwDR,Futuristic Wimpy Chair,Pine,Olefin,Somewhat Strong,Tan
u1a2FtF8k6,Strong Angular Cabinet,Teak,Silk,Strong,Violet
LK2raZM4jx,Italian Oblique Stool,Aluminum,Linen,Very Wobbly,Cyan
wzPlejTkCR,Eccentric Light Table,Alder,Polyester,Somewhat Sturdy,Sky Blue
f0hCgChgtD,Rustic Chunky Table,Hemlock,Acrylic,Wobbly,Turquoise
CYpf2UHCHO,Indian Macho Stool,Walnut,Wool,Somewhat Sturdy,Pink
k0cAZCrOJq,Aged Rounded Table,Alder,Acrylic,Somewhat Sturdy,Sky Blue
CVL6uiW4EB,Contemporary Genteel Stool,Birch,Acetate,Wobbly,Turquoise
zuymai4Anv,Revolutionary Wimpy Desk,Elm,Silk,Strong,Black
0JCfsD5Pck,Futuristic Rounded Stool,Maple,Linen,Sturdy,Grey
nKheWasaPw,Futuristic Hefty Table,Cherry,Acetate,Wobbly,Magenta
hv5bmT6oG9,Aged Genteel Desk,Teak,Linen,Somewhat Sturdy,Cyan
Q6bnjtqdG1,Modern Jagged Stool,Cottonwood,Silk,Very Sturdy,Cyan
SoHqDPBpNU,Revolutionary Angular Bedframe,Cherry,Wool,Sturdy,White
PWpYqI9QO5,Timeless Ladylike Chair,Cottonwood,Silk,Very Wobbly,Turquoise
vQxTS5lHsI,German Chunky Table,Afzelia,Cotton Blend,Somewhat Sturdy,Silver
NiYXMr2dk4,Homely Bowed Table,Teak,Silk,Wobbly,Yellow
JTNVbQph6T,Revolutionary Gaunt Cabinet,Hemlock,Silk,Strong,Grey
RwdPsOsjwz,Timeless Oblique Bedframe,Maple,Silk,Very Wobbly,Cyan
O00WawjnjT,Stylish Jagged Desk,Birch,Leather,Somewhat Wobbly,Lavender
O05FqVxarW,Strong Oblique Table,Fir,Olefin,Somewhat Wobbly,Red
r71U0p8LFB,Aged Jagged Desk,Steel,Polyester,Very Wobbly,Lavender
257iLHM3fO,Homely Light Stool,Birch,Vinyl,Somewhat Strong,Cyan
MH7TbchPTR,Modern Gaunt Chair,Afzelia,Cotton Blend,Somewhat Wobbly,White
z9Tns3qnZd,German Meager Bedframe,Ash,Olefin,Very Wobbly,Purple
80w6cbVfZL,Strong Badass Chair,Purpleheart,Silk,Somewhat Strong,Silver
gy46LYJCjQ,Italian Chunky Table,Teak,Cotton,Strong,Sky Blue
YnfwTyqtiV,Norwegian Gaunt Stool,Walnut,Vinyl,Wobbly,Olive
VM6ZTgV30Y,Homely Macho Cabinet,Afzelia,Cotton Blend,Strong,Violet
iDMX53zz9h,Futuristic Angular Table,Magnesium Alloy,Cotton,Indestructable,Grey
gDPRK4Bje2,Stylish Genteel Cabinet,Maple,Linen,Indestructable,Blue
HWPXxTrJ3t,Ancient Chunky Stool,Steel,Silk,Sturdy,Maroon
yby2xafAlP,Rustic Rounded Cabinet,Maple,Cotton Blend,Somewhat Sturdy,Olive
HkNMWDv7tK,Homely Wimpy Chair,Cottonwood,Cotton Blend,Sturdy,Magenta
UhfEXCi08Q,Stylish Light Table,Cottonwood,Vinyl,Somewhat Sturdy,Teal
lallwicfBB,Strong Gaunt Chair,Afzelia,Cotton Blend,Very Sturdy,Magenta
ZL8BQrm1Nb,Italian Ladylike Stool,Cottonwood,Acrylic,Wobbly,Violet
P4Z4AV7BCw,Futuristic Angular Chair,Coast Redwood,Silk,Somewhat Wobbly,Lavender
MInEQSaJ4E,Revolutionary Meager Cabinet,Lindens,Linen,Strong,Turquoise
4zStlQac1V,Norwegian Thin Chair,Lindens,Acetate,Somewhat Strong,Cyan
A3sU143KXm,Stylish Bowed Desk,Coast Redwood,Acrylic,Strong,Lavender
RwjRumemgQ,Large Chunky Desk,Ash,Wool,Strong,Black
B7rAOcBwHG,Indian Meager Chair,Walnut,Silk,Somewhat Sturdy,Yellow
wVJGvmFf2v,Rustic Genteel Desk,Walnut,Vinyl,Somewhat Strong,Black
cURUJoiDSc,German Meager Chair,Pine,Cotton Blend,Very Wobbly,Blue
2tNNpWUJYf,Modern Thin Chair,Magnesium Alloy,Cotton Blend,Wobbly,Coral
gikk14v6Ai,Rustic Chunky Chair,Hickory,Olefin,Somewhat Strong,Sky Blue
FslBs9Q7ni,Rustic Angular Desk,Afzelia,Vinyl,Somewhat Wobbly,Black
hO8K39itbJ,Modern Thin Chair,Birch,Acetate,Very Sturdy,Pink
FnHS1wUJTa,Norwegian Light Desk,Ash,Polyester,Wobbly,Sky Blue
gVR2PmYcZP,Contemporary Wimpy Stool,Walnut,Acrylic,Somewhat Wobbly,Purple
DiqDmYPSEP,Large Badass Table,Hickory,Acrylic,Somewhat Wobbly,Indigo
LA8UIuo0w9,Ancient Jagged Chair,Lindens,Polyester,Somewhat Wobbly,White
p8oSBgfnqc,Rustic Hefty Cabinet,Hemlock,Cotton,Very Sturdy,Violet
VQKhxrcAu9,Revolutionary Meager Stool,Pine,Polyester,Very Wobbly,Blue
kCia6FkdRZ,Ancient Chunky Table,Pine,Wool,Very Sturdy,Indigo
yPtJ8I5R9B,Modern Rounded Stool,Cottonwood,Silk,Somewhat Wobbly,Lavender
3iFEZ5IAU0,Eclectic Oblique Stool,Ash,Acetate,Very Wobbly,Pink
1SAvpQYN5L,Large Badass Bedframe,Alder,Linen,Somewhat Wobbly,Purple
FXbpy30qET,Large Wimpy Desk,Ebony,Acetate,Wobbly,Olive
9VQX9N7LAW,Ancient Slender Table,Steel,Nylon,Sturdy,White
XOjIoDORww,Aged Jagged Cabinet,Hemlock,Cotton Blend,Strong,Lavender
X6RGLIzE6W,Strong Angular Bedframe,Walnut,Acetate,Indestructable,Silver
rYL1Wu3rIO,Italian Slender Cabinet,Birch,Wool,Somewhat Wobbly,Turquoise
siZAfdCuoW,Modern Ladylike Cabinet,Maple,Silk,Strong,Silver
b74VBdq66F,Italian Slender Cabinet,Alder,Cotton,Indestructable,Magenta
zfWAfzHi6X,Revolutionary Oblique Chair,Balsa,Cotton,Somewhat Strong,Purple
dfVeYYYmOX,Ancient Chunky Stool,Coast Redwood,Acrylic,Wobbly,Pink
vtzW6hFzue,Rustic Wimpy Chair,Steel,Cotton Blend,Somewhat Sturdy,White
NAhgEfNipT,Eclectic Meager Cabinet,Steel,Polyester,Very Sturdy,Salmon
h01hhhDdVA,Rustic Genteel Bedframe,Maple,Acrylic,Strong,Orange
4ujxF6d4t9,Modern Bowed Stool,Maple,Leather,Somewhat Wobbly,Magenta
q1InoktNBz,Modern Badass Stool,Lindens,Silk,Very Wobbly,Olive
t8kPv0DeVr,Aged Slender Cabinet,Afzelia,Acetate,Wobbly,Cyan
2rdNz43QBq,Large Wimpy Bedframe,Magnesium Alloy,Nylon,Somewhat Wobbly,Yellow
vYVyaj4lIU,Ancient Angular Desk,Teak,Polyester,Very Strong,Gold
PSzK6bmDfr,Futuristic Rounded Desk,Fir,Wool,Very Sturdy,Teal
ixbMjwEoLa,Eclectic Thin Chair,Fir,Cotton Blend,Very Wobbly,Blue
GpIU01YkuL,German Rounded Stool,Pine,Wool,Sturdy,Tan
paIrUy7sna,Eclectic Hefty Chair,Walnut,Vinyl,Strong,Violet
0aBIk36Hs2,Contemporary Hefty Chair,Afzelia,Acetate,Very Strong,Indigo
R1pfqlsdxo,Homely Wimpy Chair,Birch,Polyester,Somewhat Strong,Grey
DWgOkeAHWG,Large Fat Table,Cherry,Acetate,Somewhat Sturdy,Teal
OXP2DaOYZi,Eccentric Ladylike Stool,Pine,Wool,Very Sturdy,Maroon
UjfaSIppps,Large Chunky Desk,Pine,Wool,Very Strong,Purple
ztlPreuxD2,Stylish Slender Cabinet,Purpleheart,Cotton Blend,Strong,Sky Blue
45IHJInpMG,Modern Oblique Table,Cherry,Cotton,Somewhat Strong,Red
yOY8ifG5Ye,Stylish Jagged Cabinet,Cedar,Cotton Blend,Wobbly,Indigo
OLooPODQyp,Strong Meager Chair,Oak,Cotton,Very Sturdy,Black
GT33uqqq5D,Strong Thin Bedframe,Hemlock,Polyester,Very Strong,Cyan
UfpJH1Lrjx,Large Light Table,Hemlock,Silk,Somewhat Sturdy,Black
qrFBAHWM17,Strong Angular Desk,Maple,Acrylic,Somewhat Sturdy,Coral
HHctoxPoHS,Italian Angular Cabinet,Hemlock,Silk,Somewhat Wobbly,Gold
Shd1ZZ6Uay,Indian Wimpy Cabinet,Pine,Acetate,Somewhat Strong,Olive
Z3GAdVZIQD,Ancient Wimpy Desk,Birch,Nylon,Very Strong,Cyan
cdiArDYM4d,Ancient Badass Bedframe,Magnesium Alloy,Vinyl,Very Strong,White
qZptIs4241,Futuristic Macho Chair,Elm,Cotton,Indestructable,Blue
yOqDj8tVXl,Strong Thin Table,Teak,Wool,Sturdy,Silver
CqosqwBi5P,Large Oblique Cabinet,Oak,Polyester,Sturdy,Grey
tOXQ8Hj1Qt,Aged Oblique Stool,Cherry,Acetate,Very Strong,Turquoise
oWM0imPFe6,Norwegian Thin Chair,Teak,Nylon,Indestructable,Coral
L3Pz2yquZm,Italian Slender Cabinet,Aluminum,Acrylic,Somewhat Sturdy,Sky Blue
00aWzohu8g,Ancient Genteel Desk,Ebony,Wool,Very Strong,Orange
lpeJdlV0y9,German Oblique Stool,Purpleheart,Olefin,Very Strong,Gold
r51GhroIT7,Modern Macho Bedframe,Walnut,Acetate,Wobbly,Orange
U6RzNL1xfo,Contemporary Angular Chair,Maple,Cotton Blend,Very Sturdy,Teal
C3vqyZv1dC,Revolutionary Light Chair,Cedar,Polyester,Sturdy,Grey
HUee3XYyou,German Slender Cabinet,Fir,Linen,Wobbly,Violet
v4QWRd9Qu4,Rustic Wimpy Stool,Elm,Cotton Blend,Indestructable,Salmon
lmslhAeKqY,Strong Wimpy Stool,Pine,Cotton Blend,Very Sturdy,Coral
BmYM2qCaO5,Homely Badass Table,Teak,Olefin,Very Strong,Sky Blue
dsRQYQzsjc,Revolutionary Light Desk,Teak,Acetate,Very Sturdy,Coral
si0AxsIm6G,Contemporary Macho Bedframe,Ash,Leather,Wobbly,Pink
XlxqxjH0In,Modern Gaunt Chair,Maple,Olefin,Sturdy,Teal
779atEW8cl,Homely Ladylike Stool,Fir,Acetate,Very Sturdy,Blue
xTDdNSuhJ8,Homely Fat Chair,Cedar,Polyester,Somewhat Strong,Blue
Kqjc0qioGS,Modern Fat Desk,Cottonwood,Nylon,Somewhat Sturdy,Orange
65cJP0Fn4w,Homely Angular Cabinet,Teak,Polyester,Somewhat Sturdy,Green
s3VgDBkiuY,Rustic Bowed Chair,Fir,Cotton Blend,Somewhat Sturdy,Grey
mNslV5utGi,Futuristic Gaunt Desk,Alder,Leather,Strong,Blue
1HY686UKIG,Futuristic Wimpy Stool,Oak,Leather,Very Sturdy,Magenta
JFq6agQU5b,Homely Ladylike Chair,Pine,Silk,Strong,Magenta
8BUjSKBD4C,Contemporary Fat Chair,Pine,Cotton,Very Wobbly,Magenta
eVonCglbDI,Timeless Bowed Stool,Purpleheart,Acetate,Wobbly,Lavender
HaCkJ3VX8l,Futuristic Bowed Cabinet,Purpleheart,Acetate,Somewhat Strong,Black
Dlome7OuHF,Revolutionary Hefty Stool,Cottonwood,Wool,Very Wobbly,Teal
fuQPkeaSIf,Rustic Ladylike Chair,Purpleheart,Cotton,Strong,Lavender
yinz3YJy7n,Futuristic Chunky Desk,Aluminum,Linen,Very Wobbly,Purple
18zmOHVRul,Timeless Angular Chair,Walnut,Cotton,Indestructable,Maroon
o9VVItvEAm,Norwegian Gaunt Table,Elm,Cotton,Somewhat Sturdy,Cyan
uRLLkSRH3N,Ancient Ladylike Desk,Teak,Vinyl,Sturdy,Silver
9ckqlzrFFm,Futuristic Hefty Table,Cherry,Acetate,Very Sturdy,Purple
S51q1LC1vk,Eclectic Hefty Chair,Maple,Leather,Indestructable,Tan
STXX3E7fU2,Rustic Thin Stool,Afzelia,Wool,Strong,Magenta
7COlubEJWc,Revolutionary Gaunt Table,Magnesium Alloy,Cotton,Indestructable,Blue
BZw1mo8x5e,Revolutionary Thin Cabinet,Walnut,Silk,Somewhat Strong,Gold
dH0FQfwE4h,Large Angular Bedframe,Cottonwood,Linen,Somewhat Wobbly,Yellow
8OvwpY9Trv,Norwegian Meager Table,Hemlock,Cotton,Sturdy,Magenta
ks8cloD2wc,Norwegian Light Chair,Maple,Olefin,Somewhat Wobbly,Orange
mGn1s6TMXk,Strong Light Table,Purpleheart,Cotton Blend,Strong,Pink
18ZhIAl9R1,Timeless Rounded Table,Purpleheart,Leather,Wobbly,Grey
TU5Wn6HaAv,Strong Badass Chair,Hemlock,Vinyl,Sturdy,Grey
qnu8DyEF1k,Contemporary Chunky Desk,Teak,Olefin,Somewhat Strong,Indigo
2WHYBFvyJt,Large Fat Bedframe,Maple,Leather,Indestructable,Orange
cDpdGk8TRM,Rustic Oblique Cabinet,Birch,Leather,Indestructable,Yellow
dJzGgEyYct,Aged Rounded Bedframe,Afzelia,Acrylic,Sturdy,Orange
dAhLSOhSok,Futuristic Macho Cabinet,Maple,Nylon,Very Wobbly,Silver
mIQWyUTyzg,Eclectic Hefty Chair,Hemlock,Acetate,Very Sturdy,Yellow
5jMtS9OrWm,Stylish Oblique Desk,Beech,Nylon,Very Wobbly,Salmon
HlNvM5ekTc,Indian Gaunt Table,Cottonwood,Polyester,Indestructable,White
6gJKuwxyNO,Strong Ladylike Desk,Aluminum,Linen,Somewhat Wobbly,Grey
yANemkzB1y,Stylish Wimpy Stool,Afzelia,Acrylic,Somewhat Wobbly,Pink
zGcr1zbiYL,Aged Light Stool,Coast Redwood,Olefin,Sturdy,White
suK6IYXUDu,Stylish Oblique Bedframe,Oak,Cotton Blend,Somewhat Wobbly,Grey
iywpxTa4CF,Eccentric Gaunt Stool,Lindens,Silk,Wobbly,Grey
XKuKFb7uK0,Futuristic Ladylike Chair,Birch,Acrylic,Wobbly,Blue
WjriTVDal4,German Chunky Cabinet,Steel,Acrylic,Somewhat Sturdy,Silver
vCEuKzMHZF,German Rounded Table,Maple,Silk,Somewhat Sturdy,Orange
aYDW6yvRrW,Timeless Light Bedframe,Oak,Linen,Very Sturdy,Cyan
LjYNcBMF1L,Futuristic Jagged Cabinet,Beech,Leather,Very Wobbly,Turquoise
NXOFx0bb05,Strong Bowed Stool,Fir,Cotton,Somewhat Strong,Olive
ymqFVMncBy,Eccentric Chunky Desk,Teak,Polyester,Wobbly,White
CxGmsL4X25,Eclectic Ladylike Bedframe,Ash,Acrylic,Sturdy,White
Ku1IDOrYEJ,Homely Slender Stool,Pine,Polyester,Very Wobbly,Salmon
KDmdI6TptV,Indian Angular Bedframe,Magnesium Alloy,Nylon,Sturdy,Teal
NVPcTENbU4,Aged Macho Bedframe,Teak,Nylon,Sturdy,Olive
mQugylHKPY,Stylish Wimpy Table,Hemlock,Vinyl,Indestructable,Sky Blue
glKNxMl18i,Homely Slender Stool,Beech,Linen,Somewhat Strong,Indigo
t0CgmqvpHh,Homely Slender Desk,Hemlock,Acetate,Wobbly,Blue
XVjhwgLmLZ,Revolutionary Slender Bedframe,Magnesium Alloy,Acetate,Very Wobbly,Coral
pQ1qdkWfg3,Homely Thin Cabinet,Ash,Wool,Very Wobbly,Green
JlSMc6fZkY,Norwegian Angular Chair,Cottonwood,Acetate,Somewhat Strong,Pink
PHalHg8aP9,Revolutionary Rounded Chair,Walnut,Cotton,Very Strong,Orange
MS9Plxv9Tq,Homely Ladylike Stool,Afzelia,Acetate,Indestructable,Coral
XvrvfRhwft,Strong Wimpy Table,Hickory,Polyester,Wobbly,Magenta
0T2PaDHCEw,Contemporary Light Chair,Pine,Acetate,Somewhat Wobbly,Gold
tjbSxgVsl7,Futuristic Angular Desk,Walnut,Nylon,Somewhat Sturdy,Black
gjDN4ECK9H,Italian Bowed Stool,Alder,Olefin,Somewhat Wobbly,Tan
Un3UokagPv,Ancient Badass Table,Elm,Acetate,Wobbly,Red
DtUiCw3Gsp,Indian Wimpy Bedframe,Lindens,Nylon,Strong,Black
pZlCPOfml9,Futuristic Jagged Stool,Magnesium Alloy,Nylon,Very Sturdy,Cyan
oOj5jAseDA,Timeless Hefty Stool,Cherry,Leather,Strong,Yellow
TZffQtiBZf,Modern Oblique Table,Teak,Wool,Strong,Orange
WBGqeEbq7t,Modern Slender Desk,Ebony,Vinyl,Somewhat Wobbly,Yellow
qfs0cQwXmd,Homely Oblique Stool,Cedar,Olefin,Very Strong,Tan
6O6pMG8LQb,Rustic Badass Stool,Cherry,Vinyl,Very Wobbly,Black
VgdO7YYbm5,Aged Bowed Bedframe,Elm,Silk,Very Wobbly,Violet
D5LJgDtmoK,Norwegian Wimpy Bedframe,Hickory,Acrylic,Indestructable,Red
qQgflb4lxc,Contemporary Macho Chair,Fir,Cotton Blend,Very Wobbly,Blue
pl5RMQ5K1T,Norwegian Oblique Table,Cherry,Polyester,Very Wobbly,Pink
J34HUtZIZf,Rustic Badass Stool,Coast Redwood,Acrylic,Somewhat Strong,Gold
BKr5yK9w4G,Modern Chunky Chair,Purpleheart,Leather,Very Sturdy,Teal
Y1xICpISfT,Futuristic Ladylike Cabinet,Hemlock,Silk,Very Wobbly,Violet
kdlOIicNQ0,Aged Genteel Desk,Hickory,Acetate,Somewhat Strong,Salmon
T4bZ68wokN,Stylish Meager Bedframe,Cedar,Leather,Wobbly,Black
i4Z9vVvw7o,Rustic Fat Table,Aluminum,Acrylic,Somewhat Wobbly,White
OoYpO5YfJz,Futuristic Hefty Bedframe,Aluminum,Cotton Blend,Somewhat Sturdy,Indigo
JdO8uqljvW,Modern Gaunt Cabinet,Alder,Cotton Blend,Wobbly,Sky Blue
NMy6ziCgqN,Eccentric Badass Table,Pine,Cotton,Sturdy,Violet
lHGkBlojS7,Revolutionary Ladylike Bedframe,Teak,Wool,Very Wobbly,White
lh4HiY9lhC,Eccentric Angular Table,Aluminum,Acetate,Very Sturdy,Silver
mkpI17Rzgd,Rustic Meager Stool,Cedar,Linen,Sturdy,Lavender
ULiDhqBfdJ,Ancient Jagged Table,Coast Redwood,Nylon,Very Sturdy,Olive
WgvnEenYs2,Norwegian Badass Table,Walnut,Cotton,Strong,Pink
Sr0rr5Be59,Futuristic Slender Cabinet,Oak,Acrylic,Somewhat Sturdy,Red
rhEXRnkokc,Rustic Slender Desk,Afzelia,Leather,Sturdy,Silver
wutKVFv7dc,Homely Badass Bedframe,Oak,Acrylic,Wobbly,Turquoise
c3bLdAGSph,Eclectic Gaunt Table,Purpleheart,Polyester,Somewhat Strong,Coral
HImIKPgcZ4,Modern Chunky Bedframe,Aluminum,Acetate,Wobbly,Violet
5TRWwBo6So,Indian Hefty Bedframe,Magnesium Alloy,Acrylic,Very Sturdy,Blue
eDeI1bKiL3,Modern Jagged Stool,Ebony,Acetate,Somewhat Strong,Blue
SKja1SFmn8,Modern Wimpy Desk,Steel,Olefin,Very Wobbly,Purple
gwb6R9WJcl,Strong Hefty Stool,Hemlock,Silk,Somewhat Strong,Pink
