UO84xXWaFk,M3ICWmOos6,6,5
CUv5v6Xdiq,YYtffLdToi,1,6
YWgi6pa5xx,lOSx07q27y,5,3
TStJURWGNz,Gv03yHEJF9,5,6
lUVvXaqzLt,JUlTNzYUCK,1,8
OAYUjGCFnc,xdPbx8LVvs,1,8
I0DFDbvAXc,PBNYNU7Z32,4,10
n9DtdenoTI,VGgfe6wSUq,1,2
yOxxpgB72s,Ah9dkJpM5l,1,5
nOMsKtOFzn,k0eykLHOQg,4,8
IZqzxTcbL3,ozcdChh89x,1,2
TAEYSw6jsz,4dwbXVTCrS,4,5
8JMBPVlGD2,sKArwz5hlz,2,1
JMk0gsylrb,qHCsnLF5Pe,2,2
BHnEguifyH,Ff9epP3nL3,1,4
Mw9ukBfPFq,B2HcAa1lrU,6,4
HAydWqAF2x,EJ2RCm1Pap,4,4
q5aj9fR6Or,OGbJCObGg6,3,2
QuzqOEbROL,WkGEOARcFS,2,9
HqSvQYsAB2,xLlrh67HMn,6,7
cgVTlpPcfg,tJe7vA6gk6,5,8
KbQs6m0lUk,9pUEWhW6pA,4,6
I9bbdHJb14,0eLPBgmxXc,3,6
Qrq7F7O1o5,MFnDdprcNn,5,1
GbcOoK7zEQ,X6pHjdNWTM,5,1
kQ3hmYSBWr,YbGAcRKjoA,2,5
N2Vc0LNaQ2,dXVoSBQutH,4,3
b6X7sRDHZE,luuuImnvBB,3,4
l2F16QtLkm,xrXesyCAxv,1,3
bL9EZFjb24,B2PGPgrcNv,4,4
LPeL6PByi2,tz7dAiyH5Y,5,5
n6E5RIoKDQ,ERzEGAlxcQ,6,3
RZkGXe2OFG,EOPfyn1XbH,6,4
cjdig1gpAc,C7h3A1x8FU,1,3
WZdlOna8zu,1Ddecxm7cb,1,7
ARWEeRPMsm,AIHvIisjvK,1,9
5FhFrb6Hhz,Xrrwxdca1D,2,6
nBmHX2Hetj,EhF7ilFnSu,2,4
ol4Cq22PYD,D9ycodUlVi,5,3
OQVV3hf1qL,v1w2QWafzh,2,5
vWR6uwNNdO,iSDo7Ll5Wa,4,3
phqZWhhAWU,JnPgPKih2G,6,1
frbSrFpJk8,jVEfjf4CK3,6,1
2nvIHb4NF7,KYaMUBtTYF,5,8
KtyqKG2ZOq,KVaPDdCgJ5,3,1
OLFH7SPI6S,VfCS693hRl,1,2
wPRRgJdYQy,neFwVZmrN4,5,1
mDq5iJ8hnw,ZqUBE5Lv4e,3,6
SiSo5p4ZxD,gE5dVDfZLG,4,1
9AwAVq2kqQ,Qv4wd3bRwo,3,8
lqKAZ0fWr5,RdCAp1jONx,3,10
WLmp6byYFO,7G62kY74qq,4,2
aNFLgbBNqa,4SxmLVmwvL,4,5
uYeQUv4nyO,dR8LKuyngj,2,2
UzZJ79yHey,QodtRNavDs,3,10
8zBYbytzxN,utO4wzHlDz,6,9
Xd5WJpWzEK,17ApLkPoU6,2,9
6TSiNZ1dwq,Kis0rvaYuM,1,5
ORiQHJCgYh,cSmzL6fGUC,4,2
lUZQdDbVGZ,SHCvqNHJvn,3,8
iu0MEQVptP,GeGjTFxfw7,1,1
KzyxdT83vY,GUO2HG94po,5,2
RhVeGTjbHJ,BjCBuBTV87,1,1
T3UWoWJI6d,a08rCU72tG,3,3
chbdgVzJuq,ecOQNoXm5s,1,2
2q15mUc98o,3jPPB5DgV3,2,4
CjDIWMAWkR,P7AvU8dD6M,3,9
UJsmlB2VXD,o3KLKzixrs,3,6
kaQu8rAqdG,7E7AwEptDm,4,10
68EUTc7joi,9OZaW28sqU,1,5
mqlwxxdsh8,9d5WA1XIWc,2,10
obiDI1FkuR,YEnAnFj68f,4,7
VjdhFLgHuA,uVi7EtCAf2,6,3
TWusDLJc6c,FTCU8ph3Xq,6,9
g0DBcceCIA,ShbclMzJao,6,4
qHHQVXgcBN,sNZ7Ytqh0L,6,5
Hk2n1nwkOU,axLSQ4VIzk,4,7
aVd9cieknO,3fPhRkO5BI,3,10
iCfHwj4wRF,Osv7GqggMy,3,8
g2inQPejWv,IRuWJJfcCm,2,6
KQGJ8VD3wT,OczleJbK65,2,4
iOLcnTIVFy,OPmWddVGdy,5,8
UhCgTjSXvT,UFb7AumGeh,2,2
ppy6lB2izS,ZNa8mquSiw,6,3
eP6RB3BHpZ,UDYoo8F309,6,10
4gdDyqwGI5,UNa5pLJskJ,3,2
A9KNDK7NBZ,dSfAhv67yI,6,5
4d0ndtZCfG,cb7Me1TlRb,1,8
cGj6nectLJ,REVp8m1Wmk,4,2
UcTFBzoeUN,rzm2f7unnx,2,5
fUnDO7oeNq,nawQ0Zbtam,4,4
nCT1TAk7oS,hgETxPledg,4,4
RW0RvYkERf,WPSOSLCKkn,5,9
PNPFm4u1ku,aVMnzJXw5L,2,5
SmkuhLebC0,KMLcn5t6RE,3,10
cte2Z9Iz14,udxnM0mR5I,1,4
pyiwlScewT,cAP3SCnkZC,1,2
40gb42Tabg,BgPPxiExMK,2,9
nbsvVJUjNU,9cuFDSnoIW,5,5
2E482dhyl7,09S4mRvuGE,6,8
9pP4n6uevs,8MMM5KVEAE,2,7
R4cmBp2ZlB,Zho0N2PhLn,1,3
Vl2vCs1Bn3,53S4nBUolG,6,8
rlv1diSS3U,J82d77ErTe,4,1
MjWFpulw3d,4uEa0JgHI2,6,2
qxRgCLP3um,lKqtaoFZ68,2,6
ctQm0T24Wd,LXG5lrfmmV,2,9
RjUiJFh34g,R8UrhbIANl,2,10
lz0cjYYJT4,7fwZpLisg4,1,4
lrQhujYLp5,OLpaQrVFme,2,4
ukxpIQAsjs,FZnsIdggdt,3,1
A6SjLWwlXB,5aQh37PHG9,2,9
z64rw2UJEU,xu6gWLeWjh,4,9
FL1lFPjINy,vWWjatwHcz,1,2
rebuWzEk53,B8md1ubOMK,6,3
akAyKbuVUI,ODHlhl22lJ,1,10
NwJ54M9lCh,JiOlDHKCwm,2,4
WVvDhAbel1,QhGb1ws09c,2,3
HmHOkSYNQ0,nt0a1whwfU,5,1
KhObeoJfr9,VlZT1M52nV,3,6
At69PCE9ZE,2YXJ88JhZg,2,3
RlnoE3oj7f,BUA8Mq7pOk,5,3
BkyRY8nyyt,A8K09GhSID,1,4
Y1HJOdZw1f,QflJrd8GrE,3,9
Aabanpg0HQ,X80MVXcdl0,3,2
tG8hHtfzeE,KnarYATsre,6,1
EokDv28lSq,VvHMZ2FFgl,1,9
BRaEg58ygH,uNNKR2pvLb,1,2
mYOqbFITVg,ZoXiFnE3tf,6,1
o729EHqYlV,0F6T8XT2R1,1,4
1Fy3WoazER,TdAJPua3Gl,6,7
naeA3Xec1n,iTb2ID3xr6,6,4
Qfr5SxW1Sy,NhamdoLYLz,4,9
yH2NmYUhU6,6HIQRwIXMS,4,10
PUwCfLAJPa,Wp0AfZH32a,2,5
FkSjoylt6R,Qrng3Fthtr,1,9
fm6Xw7wXYr,S8zTi00xfR,4,7
AnjFpDMOBx,RI2EnPCiBL,4,3
h0540FeDJm,hiR5MsjpWe,5,3
XlUOikWMWz,1MeDZxrjEP,4,6
u1a2FtF8k6,XbwNAezJZw,5,6
JTNVbQph6T,EkR3J0CKqC,2,4
VM6ZTgV30Y,ZRa2XNbo7f,5,2
gDPRK4Bje2,lBZuYj4mXa,6,10
yby2xafAlP,amOZnvalpN,6,10
MInEQSaJ4E,qT3oxsdNd3,6,3
p8oSBgfnqc,klQa2NrK39,2,1
XOjIoDORww,MEMybvnIEk,1,2
rYL1Wu3rIO,4V4wXGK9BV,6,4
siZAfdCuoW,cbQsAKE3Hy,3,2
b74VBdq66F,mUBqgNTl7A,3,9
NAhgEfNipT,1ykxqSZlb0,1,2
t8kPv0DeVr,5TgH0ciVY5,6,5
ztlPreuxD2,k7nh8X6Iq6,2,9
yOY8ifG5Ye,ypdUS4f35Y,3,1
HHctoxPoHS,Y0mulPetpu,3,6
Shd1ZZ6Uay,PthqQfqpEy,4,9
CqosqwBi5P,eGEZwm7l5o,3,3
L3Pz2yquZm,woizwiSfRU,4,6
HUee3XYyou,Nlz45MXCpt,2,7
65cJP0Fn4w,NVImDwVzGu,3,1
HaCkJ3VX8l,znuCd0f7bz,4,10
BZw1mo8x5e,Y2KqXTFd11,1,4
cDpdGk8TRM,kbFpBSOqNz,1,3
dAhLSOhSok,oZWcycHe64,5,2
WjriTVDal4,4SGhuCFBCV,1,5
LjYNcBMF1L,WORJx0ZfHy,1,6
pQ1qdkWfg3,g1th6LUjZM,5,6
Y1xICpISfT,INtjFxGvYo,1,1
JdO8uqljvW,re68B7vSvl,5,9
Sr0rr5Be59,lJOLBXP5rC,4,8
