M3ICWmOos6,50,53,66,New,460
YYtffLdToi,63,56,63,New,452
KWRVqjYatj,51,66,48,New,387
9IOFnkEdPl,55,62,52,New,443
SbEHQ0hkqF,68,55,68,New,456
5uP4WadjWy,58,53,71,New,414
Hh6nMHpaIF,55,50,70,New,450
I2tblNt4Ll,58,50,48,New,482
WsU5hV3BAb,56,48,60,New,441
hxCPNNK8vb,65,69,52,New,336
g2XkWJdCgi,65,54,52,New,431
85QVsmOXzq,63,50,49,New,420
ZmzeD1gypM,67,57,67,New,369
lOSx07q27y,70,66,71,New,320
kBfjAo8VpY,49,65,62,New,313
zmBrolXRio,62,52,51,New,388
Y0Y8buE8vo,48,59,55,New,327
6IxOQyhd4p,55,67,60,New,459
s1vmyFRwZ5,59,49,70,New,357
JzvIdKdE9f,71,64,49,New,323
Gv03yHEJF9,57,65,63,New,365
WxA3VQMmxp,69,50,66,New,321
SxFYhk3Xn4,51,48,60,New,457
JUlTNzYUCK,56,63,53,New,455
RUP3E0SHlf,58,63,63,New,316
ZFncfL1jqx,65,69,54,New,356
BUPKJQFtpa,71,57,68,New,498
dHZE0pUoLE,49,67,48,New,415
xdPbx8LVvs,52,48,69,New,394
mtpzxAfuQK,69,49,48,New,388
wPosOtvkxv,50,48,68,New,338
PBNYNU7Z32,49,54,54,New,463
H8dFqUvm3t,69,58,48,New,320
dCGLunmCyc,52,60,49,New,456
P37m4yzCt2,49,61,67,New,301
KVGjgjldJN,58,67,60,New,322
M8LeH13TWO,59,57,61,New,344
kLlGG17x17,48,54,70,New,364
PiK6jGX8Tq,59,59,67,New,475
VGgfe6wSUq,64,58,57,New,425
csZZnULbT5,49,58,48,New,385
FjQuBlOn0W,54,51,67,New,496
Ah9dkJpM5l,61,48,67,New,380
wmZUxHO47H,65,55,68,New,429
4NeTvOLwsz,57,57,52,New,316
qMvNqCkE7i,66,65,49,New,300
PDzTdzpkLW,63,58,53,New,382
k0eykLHOQg,52,60,69,New,317
E4LRGkpMfO,69,53,71,New,386
D63yXxSifw,67,52,48,New,378
55RTCXNUUV,51,60,65,New,417
ozcdChh89x,66,64,48,New,366
1IemqAoqLk,63,56,54,New,318
feHZaFXQ9f,59,66,61,New,439
4dwbXVTCrS,58,61,65,New,385
vzvQ0B2wj0,62,56,54,New,460
79P92RjtDL,49,51,70,New,395
bfKe24Fd4Q,48,56,61,New,457
E5xo5uBrzD,59,51,48,New,334
sKArwz5hlz,69,62,54,New,356
VIXK1GHefo,63,66,54,New,326
5z1u5oOC7W,70,50,59,New,312
52CLg2zVKj,48,53,59,New,415
O3fngJjYL4,51,59,57,New,437
qHCsnLF5Pe,63,51,69,New,308
kzJsNOPWDj,49,63,69,New,361
DYLEUl8hqR,62,65,54,New,372
BUQwknJgwd,53,67,71,New,466
KQ0ENnvQsf,68,55,51,New,382
Ff9epP3nL3,67,65,57,New,333
B2HcAa1lrU,49,49,68,New,414
R10YuuGqWH,65,69,50,New,444
EJ2RCm1Pap,65,55,64,New,310
OGbJCObGg6,66,66,60,New,303
MZsMWwY5RL,62,59,67,New,402
2O8vTBpTSp,67,68,60,New,438
zGY5pGMyOr,64,58,60,New,368
nY6KKoISmQ,71,66,59,New,383
gsSPKCaMWb,66,71,71,New,388
DqPWFuFsA9,59,62,54,New,486
WkGEOARcFS,71,60,58,New,322
xLlrh67HMn,64,59,55,New,351
tJe7vA6gk6,57,56,71,New,333
9pUEWhW6pA,52,67,54,New,381
sO9vlh65q0,69,50,51,New,306
0eLPBgmxXc,67,57,53,New,340
MFnDdprcNn,66,61,53,New,456
xUgtJjVX7v,52,65,63,New,315
omKJ4HLYTS,60,54,51,New,361
RPQPzfsNBN,65,49,61,New,362
Z0yuOVEN0b,70,49,53,New,444
n5QErXtONh,65,64,50,New,308
FhajG1Dg7L,52,67,53,New,305
EjwXPh69uc,54,67,59,New,319
OlPDiltcLJ,68,67,71,New,471
rdmzBeD1jF,62,49,62,New,498
SCO5u98NWZ,61,57,57,New,334
X6pHjdNWTM,64,66,65,New,449
FQDxCKNJXx,50,71,51,New,412
Qp3AiGFhUp,68,65,70,New,357
u3eqWOBqv9,65,53,48,New,455
ThnLcr5M5C,55,71,52,New,355
hSujI5vD8E,52,54,53,New,322
YbGAcRKjoA,57,54,55,New,477
dXVoSBQutH,60,48,69,New,446
luuuImnvBB,48,54,70,New,424
y3Neff9Wq3,60,63,55,New,492
OWRzSiJTAX,70,61,69,New,343
GygfE2IPwp,59,52,61,New,446
q2xvkIHzbY,56,70,61,New,315
ZX95PkR3pG,50,59,59,New,347
ORAUF31Wdx,55,66,58,New,309
xrXesyCAxv,58,51,70,New,448
B2PGPgrcNv,56,59,56,New,373
tz7dAiyH5Y,52,67,53,New,309
mISzbMdNjf,68,67,58,New,484
WisgHbu1O0,52,57,51,New,479
TtJQcnT2V7,71,50,71,New,463
IYk4Tjnd87,48,67,67,New,404
mhpbaJ8Xpx,62,65,69,New,313
9IARHd2No6,66,49,59,New,344
qlFRLQqo5P,59,63,61,New,495
TBFggdE1QF,53,52,67,New,393
bHLgUFys0k,55,51,62,New,391
ERzEGAlxcQ,66,67,67,New,327
x5gFxiVy2j,57,66,54,New,323
EOPfyn1XbH,53,55,71,New,483
BIIdamet75,58,61,59,New,446
NkZLUHYEhl,51,53,57,New,302
mpUFVMpP6A,66,50,67,New,310
swGjDfLaBn,64,49,51,New,319
Vltnb5yeZX,64,70,53,New,410
naKD0E52Nz,49,67,48,New,383
Y2qVmJo2uB,68,54,49,New,493
LBZt6AVaD4,59,68,50,New,371
b6hsCOBLCA,65,70,53,New,386
0t5AqpGvtk,63,65,65,New,372
t8dQH31GNL,64,50,52,New,434
C7h3A1x8FU,68,70,71,New,446
N7jNkE82AP,54,57,60,New,455
MCductqIeA,69,56,62,New,477
TVUyopZhfa,56,60,70,New,445
zLpogkCtwq,66,66,59,New,456
P61Sp3BKwy,65,69,66,New,437
UEBVxy1VdN,64,66,52,New,451
81KmRCeWSl,55,64,54,New,345
AdwYKHIuIy,48,68,67,New,466
ys1yHAvbiq,62,71,60,New,429
FhgEWDmxY6,54,51,53,New,338
iE7Fbm2c5F,64,53,48,New,334
hsIfYiuX5J,59,69,58,New,376
AeIw3hvCyI,55,68,68,New,427
S8xkyO6EOP,66,57,51,New,402
vgyB9sUrOv,64,51,63,New,402
1Ddecxm7cb,54,50,67,New,353
WJOQdy4fMf,59,51,65,New,351
AIHvIisjvK,66,56,71,New,468
t6iW7RQi8K,58,57,55,New,383
q7k3oxBNzn,65,49,54,New,390
uKRJqRk6h7,61,70,52,New,301
76Z5T6FLjM,58,55,68,New,319
MIKrm8r3JT,54,65,54,New,430
hXDtsulO5Y,54,66,59,New,321
Xrrwxdca1D,67,57,53,New,478
KX0EGPOKTY,69,69,59,New,435
7JvavE6vyu,63,58,48,New,484
EhF7ilFnSu,62,71,60,New,483
hl5DPYgzY0,48,68,71,New,497
D9ycodUlVi,60,71,55,New,321
uAKB7cnSHR,71,50,56,New,457
v1w2QWafzh,64,64,71,New,318
Rz0IwHwywS,62,68,64,New,356
6VrP35gei8,57,58,70,New,448
3KwL82EbD8,65,61,50,New,420
W4a3yMoFey,65,48,68,New,337
Et0mKgnbEP,62,66,62,New,348
UXa5U724BA,58,71,60,New,446
w8wNtHRZcM,70,68,51,New,313
Fy2agdZwRf,49,50,70,New,443
mfZhDE7q7R,57,54,59,New,357
iSDo7Ll5Wa,54,60,49,New,314
V8efUI0V1G,69,48,52,New,386
JnPgPKih2G,52,69,58,New,344
kxpVPufCMZ,65,60,65,New,488
f9NGwCrqKE,50,65,62,New,436
JpRPnNk7K5,70,55,53,New,400
bYUWbFtTT8,68,57,52,New,366
skcoYVfUvZ,57,62,67,New,398
geNt1uRkWR,69,61,67,New,352
pddmjMpmlr,56,71,70,New,424
jVEfjf4CK3,57,48,65,New,494
8ZZCKOIMcX,67,70,59,New,364
KYaMUBtTYF,66,49,59,New,405
IK3j4u8oPe,57,59,57,New,482
9DDghi334h,67,48,50,New,442
VBxlTx8XoA,60,55,56,New,489
zu8dF5D3zy,53,65,59,New,478
KVaPDdCgJ5,64,56,65,New,367
FDxN5hEdss,53,59,51,New,406
wspUxfyo8t,52,70,53,New,477
VfCS693hRl,67,59,49,New,364
XWPCmJq3d7,55,55,49,New,351
YKIaEpQJYB,68,54,50,New,431
M2yv6UguBB,51,59,67,New,364
UrLzfDipCD,56,62,61,New,493
NsloErkhqu,70,49,63,New,427
UR0dkFTMEH,52,61,51,New,371
W0p7aZ8Z8M,66,54,48,New,380
ztUtZ41jXc,54,71,64,New,339
neFwVZmrN4,69,55,56,New,308
nCfDbKm6cA,58,58,71,New,392
909lqqb4In,59,71,71,New,413
LTVMc6f1en,69,63,62,New,322
83hmOOnrOR,61,68,50,New,456
rs1KHxO28y,65,48,48,New,453
qQspdsibdN,50,67,51,New,304
Mwk99ODIv2,53,59,58,New,435
SdxFEZ4vmm,70,61,52,New,451
CmSVzxpawC,70,51,64,New,490
mlDWcMF5T9,67,65,63,New,374
jo5nf7lYpO,57,59,51,New,430
ZqUBE5Lv4e,48,56,65,New,359
JuLmn1pF0O,70,61,64,New,481
s1ZtLvJYb8,59,49,61,New,437
GM0VxYX3Wa,54,59,49,New,340
gE5dVDfZLG,70,59,50,New,400
A19T8a7QTJ,50,48,50,New,344
301ctu2OrC,60,51,55,New,339
JE0r5MqojX,48,68,51,New,406
Qv4wd3bRwo,65,55,55,New,475
NLtEcXe3Qq,52,48,71,New,461
0RzRFaHBm4,48,50,69,New,350
RdCAp1jONx,59,56,54,New,458
7G62kY74qq,57,71,55,New,418
3deDlxVPvv,52,70,50,New,332
4SxmLVmwvL,65,60,62,New,396
XNlqg8GgAM,58,62,68,New,312
klRHx8Opdi,64,57,53,New,347
QfBWiZbwfW,53,55,64,New,336
dFCS2K93sX,70,63,65,New,372
J0e7tIJyVx,52,57,65,New,452
kDkDLzR3uL,67,54,63,New,478
9oOqa3hRDv,53,54,56,New,435
BsVDxGcD05,69,58,68,New,380
dR8LKuyngj,55,53,56,New,357
mkxPLPZvg5,59,55,53,New,430
r7K5CAtBhV,48,63,70,New,487
Vc18pDVHBt,65,70,66,New,496
QodtRNavDs,69,57,52,New,418
YmEeLeMXob,50,50,53,New,440
utO4wzHlDz,49,60,67,New,383
C96OgY6RFU,53,62,71,New,437
g0B54LsEMr,51,54,57,New,435
17ApLkPoU6,51,63,71,New,347
jvvYihx2gh,67,62,53,New,415
VjFUYldP1E,69,61,69,New,396
rtGbrLDsQI,55,56,50,New,363
jjHvsnBoVI,67,59,66,New,498
gM0PzYd7Yf,65,49,69,New,458
G5SjvX21sC,68,50,54,New,314
Kis0rvaYuM,53,50,62,New,413
jaOulriNC1,59,60,49,New,382
nWp4sU0U5u,60,69,62,New,434
kWOL3dLII5,64,58,62,New,455
ArOw2bwWPW,50,68,57,New,426
o5168Ufmpa,55,70,62,New,371
hRBT2mPVww,71,62,71,New,303
aubPMURwCy,56,57,58,New,426
YU2ScebnGq,63,68,62,New,383
OwV4uH4Z79,51,68,60,New,409
cSmzL6fGUC,66,70,59,New,310
jbeNEBCyNu,71,64,60,New,449
IzgIQKu0Uh,51,54,51,New,433
nTMlrn5GZZ,48,64,58,New,412
gQWmD2Nkdy,66,49,67,New,382
SHCvqNHJvn,56,56,65,New,475
U2LxwaHbQG,54,66,62,New,466
gQOW1MDs17,63,65,51,New,399
0EbNx7hvlO,64,58,48,New,415
GeGjTFxfw7,57,65,67,New,487
GUO2HG94po,48,61,57,New,320
7pjSLsPkL4,59,50,66,New,327
3qI7CVoPFi,58,66,68,New,408
wGo67mb8y8,57,57,57,New,305
wUuhTdN7SD,58,52,71,New,316
G1pUzmt1od,66,54,57,New,303
1cJboIO6HA,50,55,59,New,486
Qp13lTymeR,63,69,68,New,337
GlvuC3ePFZ,67,61,58,New,366
CzFpzsxVkJ,52,65,57,New,403
mf9lXTHSfn,66,71,69,New,396
BjCBuBTV87,58,48,59,New,435
a08rCU72tG,52,63,58,New,478
Xj55oHbXL2,63,51,61,New,368
kKY3zws3pv,53,49,50,New,474
qlXApcWklk,51,66,64,New,458
gTEa9wTcaD,64,61,51,New,376
Bgl2OoTqWY,52,70,63,New,489
QMYNnOrfev,48,55,60,New,444
ecOQNoXm5s,63,53,59,New,341
r841Ks9YTV,50,63,57,New,389
CL3Y0Z9ozx,69,59,49,New,354
SVgZIFdEXY,54,68,60,New,459
F4vGj55wZS,49,60,63,New,431
QFbAeyw7NU,55,54,70,New,491
u98BeIZqpi,70,48,63,New,377
3jPPB5DgV3,52,53,61,New,475
Uz4C1w5iRD,60,65,71,New,452
P7AvU8dD6M,52,54,53,New,335
swb1dB4K2J,53,56,68,New,373
miLYw1bfaU,69,62,49,New,381
jrBfYCmLbV,59,61,59,New,442
SH5hnSmk7a,63,55,48,New,439
aQuUs8p6lz,60,57,68,New,455
mP4B5qhc42,67,65,54,New,479
o3KLKzixrs,59,68,59,New,327
P6dv5QNDoj,69,60,60,New,493
9JB5YzarpF,49,59,69,New,375
AHuwLCYIpT,59,59,59,New,361
tWkx6Hx59o,71,55,67,New,490
VZAHjHOlno,52,57,65,New,332
38JWLVLBbI,57,70,64,New,334
4uSXR0shjD,58,63,64,New,327
RHaZjjaBg9,57,52,61,New,427
7E7AwEptDm,49,48,52,New,452
9OZaW28sqU,55,67,60,New,399
ple4UgzKmP,62,56,63,New,385
9d5WA1XIWc,67,51,53,New,440
YEnAnFj68f,60,54,71,New,364
tmoS7QHLve,48,56,66,New,480
XXXBTfPdsx,62,66,51,New,466
jB4xRhoLBP,48,51,63,New,422
uVi7EtCAf2,50,59,61,New,414
zMAICY4TzH,50,65,69,New,451
bWJs4L6wi5,58,52,60,New,303
2h36eG3k1r,49,71,61,New,361
RqH8c9JAQj,62,71,66,New,333
FTCU8ph3Xq,65,49,70,New,369
TCTJcMOONz,62,60,59,New,411
sZW5tnwnlW,66,62,59,New,442
XaamgINdjL,64,48,69,New,440
Amcwi0FG4Z,50,58,71,New,379
bRkX3YwHs9,58,48,55,New,382
CNUCkuuTLf,67,66,65,New,382
WOkJ6K9ovL,68,64,63,New,399
KqbSbCmuVR,54,62,57,New,327
8snbjRMBWf,60,60,54,New,389
z2NMEJrRCH,55,68,50,New,386
nuyZH3CcPJ,60,67,49,New,312
nxFMpB7xC3,58,53,49,New,370
9MEekOe8ir,62,68,56,New,349
FkrFArSV3F,68,65,69,New,471
ShbclMzJao,66,48,62,New,459
60JRUilvEF,48,52,62,New,349
sgzarYnQj4,67,52,63,New,328
inK6jf0h5k,62,61,51,New,387
sNZ7Ytqh0L,59,49,61,New,489
vOjVHhzZgv,60,65,52,New,484
j33zTmQiyJ,52,57,48,New,422
Fi1hQA6cS2,61,57,54,New,396
3XZONY6DCR,69,53,61,New,476
Xa9OpPDHNI,55,50,59,New,392
w145smUEam,65,56,69,New,463
byu8Zx7cdI,51,49,60,New,302
axLSQ4VIzk,48,66,64,New,338
DoG6rPaZHt,71,49,53,New,498
3fPhRkO5BI,52,59,60,New,332
KRp6uvT5Nf,57,67,64,New,459
seCL8ifFhU,69,70,63,New,406
Hnt5HYflW5,53,51,54,New,489
Osv7GqggMy,68,67,71,New,433
9rAIjg791L,54,51,48,New,457
lzJtpeccTN,49,55,64,New,406
HJ3iaBG777,58,66,61,New,405
MtQT8kOW6U,64,71,70,New,457
PQqEGiyR4r,49,61,59,New,356
iaUK6QMaKU,58,51,61,New,338
IRuWJJfcCm,58,60,54,New,419
FGbihaiBTX,70,67,67,New,488
WEJNiXpBlg,66,70,71,New,363
cZkAanc316,63,52,49,New,310
lRDbuaczzr,71,67,67,New,359
QWsTD1blbZ,60,66,69,New,346
OczleJbK65,62,51,67,New,315
oeQ2n8LdNf,53,49,62,New,485
OPmWddVGdy,61,53,69,New,354
FMfX954w1a,71,62,68,New,424
UFb7AumGeh,55,57,67,New,440
UfeNeCW6rI,71,53,68,New,346
fpBgjKDisg,71,63,70,New,389
7V8ORMhQE1,58,57,64,New,408
vAUZ950mmY,70,67,65,New,476
wa4CgDMDnT,67,69,50,New,323
NUo95DQhDd,60,66,67,New,433
ZNa8mquSiw,64,55,71,New,391
pt2HIcBiDE,67,64,52,New,386
XLnFg0KyKk,50,53,58,New,314
WovsObBMYd,71,57,57,New,390
87LX1ok7Oo,63,58,57,New,442
W6xRuaYZIP,71,51,62,New,350
Di0tKcGWvi,62,69,49,New,321
cOsG1YfAWr,68,49,67,New,480
MRGNTzjRvt,60,56,50,New,468
8jBAAzCHNf,56,58,67,New,321
UDYoo8F309,71,55,60,New,385
oeVuTQPTMn,52,57,67,New,394
FJoSXKmLN4,58,63,61,New,483
UNa5pLJskJ,65,66,54,New,450
lf8g1qldIH,65,50,58,New,379
3c4v9htJja,56,65,58,New,433
u2HcbBBPYu,67,59,62,New,376
dSfAhv67yI,68,54,64,New,352
hSp0i2I93C,66,62,62,New,430
TjsBtad8Ti,64,59,69,New,459
Gsp1oyTWVV,50,55,53,New,318
mycJbeNVnV,64,66,65,New,317
LogjrAeClv,62,70,67,New,383
lZT2M9EjKH,48,62,63,New,362
cb7Me1TlRb,54,49,66,New,441
5xkiZgyeG0,57,63,70,New,467
VCAinafuiK,68,60,63,New,458
REVp8m1Wmk,53,62,69,New,395
yAt1IBxFoZ,48,64,66,New,346
RzHfSIqXgP,58,52,54,New,382
VBFPraduzj,61,67,54,New,378
twlJLK2Qxn,65,49,53,New,357
iPY7oXkxbG,49,57,50,New,410
cLg46jYGj9,62,68,48,New,439
7cXH6MUnJP,69,56,67,New,345
R0xcHH5PX7,63,61,54,New,343
xoMKVf2Z7B,53,61,54,New,355
dOPXsJxJ8h,59,71,68,New,442
q5htM6nVsZ,59,71,70,New,341
rzm2f7unnx,68,54,69,New,434
0EKsH99oc8,64,67,58,New,342
KuCNyobhUn,61,56,52,New,393
h74d4XA3pL,65,51,69,New,470
nvpA2wyRKA,60,50,67,New,484
lkAUfk1M16,61,68,57,New,342
Hc9m2wae84,67,67,57,New,399
dnQhIrjujX,55,60,53,New,307
nawQ0Zbtam,54,57,63,New,387
seKVFJFFYO,57,66,51,New,367
1ZIidFPuSJ,52,70,62,New,406
kGQZowfVFL,62,54,62,New,315
ngbRwZig6I,64,69,53,New,352
9QxQ5NRtJr,61,64,70,New,479
hgETxPledg,49,71,53,New,303
WPSOSLCKkn,65,63,63,New,486
FwZGvCfmwT,52,59,52,New,349
VRHprySXfT,52,70,70,New,371
wVjUNEfWxx,54,63,64,New,316
64xhiuIUx1,71,58,68,New,489
WNhIY8jjP1,68,63,56,New,441
JntKrXVnuF,69,63,65,New,354
IuXVxUVrZo,61,54,71,New,440
kEvRyce12p,54,69,62,New,468
LRpDbPR7cI,65,71,66,New,411
rrE2CISMvz,49,61,68,New,468
BOPaS43sDN,71,57,57,New,384
xYGIKWBdKc,49,54,69,New,495
y98oARUXxL,67,68,49,New,481
aVMnzJXw5L,55,70,51,New,387
Ad6JRXdq4s,50,59,56,New,337
WcAlV6cZTJ,64,52,61,New,473
uqWvv9tWlb,58,52,68,New,406
tCJ0Elw9Wt,63,60,65,New,309
umP5GHryuM,50,66,48,New,307
2PijUpIwmL,63,64,69,New,428
KMLcn5t6RE,62,53,56,New,358
VzAs94cV9Q,65,61,53,New,456
TjibUsT4JO,66,53,58,New,459
T793lWoEID,54,68,71,New,372
PWBbwEE9II,51,71,64,New,394
ytH8jVo4lK,54,57,48,New,332
udxnM0mR5I,54,49,56,New,467
ioBGB56OfM,52,53,71,New,364
srsrClgwt5,60,66,60,New,396
c9Fz2egnRm,71,58,60,New,421
5zHzt6CDKE,51,54,49,New,406
jXrt6S8AuX,68,50,65,New,499
vFZoLrq8RG,67,60,49,New,417
EieOidfdyb,48,63,62,New,491
mKtEJOlW49,58,64,60,New,428
cAP3SCnkZC,67,62,55,New,343
YYa5LhkqsG,62,52,69,New,480
7MWqakHdpZ,50,70,58,New,348
BgPPxiExMK,51,68,55,New,306
OOIZghGE0y,64,55,63,New,343
DPMtNuQ6Fw,68,48,66,New,452
eYzu2ezn4s,63,59,53,New,343
bMN2wYGfAQ,63,64,58,New,332
dzQLWdjkAr,54,60,52,New,332
r3jAxfmqy5,58,48,58,New,466
jeXtzxF74z,54,52,62,New,466
9cuFDSnoIW,57,60,63,New,476
5hfs6hr9f7,57,67,62,New,371
bMCPFeztb8,48,64,50,New,314
qYy6MAocfj,61,57,66,New,495
09S4mRvuGE,61,66,51,New,309
VJllEtQXTT,70,65,66,New,347
8MMM5KVEAE,48,67,70,New,312
75Hm1uogBt,66,63,53,New,483
Zho0N2PhLn,52,53,59,New,395
gKSXF9gaP5,61,49,59,New,411
XUuVn1dFBC,58,55,49,New,420
sqmXageVGs,65,53,56,New,438
53S4nBUolG,65,61,70,New,444
J82d77ErTe,70,67,61,New,416
4uEa0JgHI2,56,65,65,New,458
7yUeOGKO7U,67,67,65,New,492
yKSHqIlJZJ,64,70,62,New,411
kD2qSYGNla,66,63,48,New,383
EqPanBezpO,66,70,66,New,355
fa5G2jkkGG,57,51,61,New,469
29ilUDyZOJ,63,54,48,New,340
g5uTBymq3S,63,59,60,New,476
4arqe70auT,51,50,59,New,432
AZNnnOBx6C,55,67,55,New,431
lKqtaoFZ68,62,53,61,New,380
DgcJKTA7Wx,67,55,54,New,304
aPRQrQt2Fo,51,62,53,New,451
LXG5lrfmmV,62,57,58,New,336
GNu1LYF0tK,65,69,67,New,417
R8UrhbIANl,57,63,55,New,324
j15CBAh52T,58,64,59,New,436
7fwZpLisg4,60,63,57,New,446
UD9P60HOC9,71,58,52,New,303
OMEyFGRjfd,52,65,69,New,467
NytfXrxwCt,59,70,66,New,361
ThjeimthgL,55,52,55,New,347
jFoWkDQtlV,53,63,70,New,395
gnAXZ1nuT5,60,50,66,New,452
LmK7A5Ga28,67,55,53,New,349
QQcbhITp29,60,50,64,New,385
fdUqKPeyDL,71,61,59,New,486
OLpaQrVFme,67,63,60,New,453
FZnsIdggdt,50,50,60,New,441
ztSS0gleuP,69,69,53,New,378
E9bTFC90x2,55,55,66,New,498
b2Pt4DUiyB,65,57,53,New,351
JES2DVH6V0,58,63,66,New,313
8f9Fl5jVXi,71,57,58,New,345
2sZn2Q9ZtV,60,71,62,New,404
5aQh37PHG9,51,66,55,New,446
V6C78UkTWy,67,57,59,New,424
PMk9QBV4Cw,64,63,60,New,366
JD7r2jY9dt,50,51,58,New,462
xu6gWLeWjh,66,50,58,New,401
Kxbttvy5lB,56,63,49,New,393
JF621uJIT2,62,68,69,New,471
sEsiR6yJMF,71,61,71,New,424
cpclaPuacv,61,52,71,New,454
KYRW6ESOft,48,54,65,New,375
e16U2udsHw,48,67,68,New,480
vWWjatwHcz,58,49,68,New,408
Z1UzFEiSV6,51,51,68,New,352
Eymh2jAeRE,57,48,63,New,376
Y9106AM3E6,69,49,71,New,348
Puhf7QXGNk,67,64,49,New,415
hebUeaMvSc,58,58,70,New,449
B8md1ubOMK,71,56,53,New,322
GE2n5b9sgg,65,66,50,New,391
ODHlhl22lJ,51,61,59,New,487
xbEloN7duI,62,54,48,New,325
WLXc23U2rH,60,49,66,New,471
WiixP9Cn5G,58,52,53,New,354
V7XGzSNfl7,56,66,70,New,300
bIIbv2cr2m,71,49,50,New,325
DHLDytSFt0,55,66,62,New,490
Pz0gE6FRnL,66,56,61,New,321
SWcvt4Ctoq,53,65,62,New,302
JiOlDHKCwm,50,53,67,New,403
QhGb1ws09c,68,55,61,New,380
xSUN4w8bPj,49,50,69,New,440
2k6FCNLgQa,66,49,68,New,404
MNRqQBwIr6,60,51,58,New,326
ROr3sh6hhA,61,51,60,New,334
XNE7CuSSkg,48,65,50,New,475
tF1JcHkSV9,68,67,65,New,392
XuaXYvtRP4,69,65,57,New,350
FvxjTsh2gy,64,62,63,New,497
hwtxkTt2OF,70,70,60,New,407
nt0a1whwfU,58,68,53,New,340
db05znhbmP,69,51,52,New,362
VlZT1M52nV,51,64,49,New,318
szSWkNxCYr,53,62,50,New,431
WDEYJLAC8J,64,68,59,New,431
Ffapt2fEUu,53,54,63,New,464
6z7N10faqU,48,58,71,New,436
bgjY9ErRqj,50,51,69,New,486
Z9UVwO9oIr,51,71,70,New,388
2YXJ88JhZg,57,59,71,New,468
QOjQ6i4dHt,69,49,67,New,333
eQHfizum7l,55,65,51,New,482
iB49mpfM2A,62,61,65,New,496
BUA8Mq7pOk,57,71,65,New,367
OGcQk5eakv,62,62,58,New,388
FJpbeLUOGk,66,50,49,New,493
WNBx45h4GO,65,49,70,New,379
aCyHhGJaTj,62,58,57,New,434
A8K09GhSID,54,62,53,New,316
QflJrd8GrE,50,61,68,New,361
UnvX3gQaIf,63,48,54,New,338
brAXkYwNGb,51,58,59,New,342
JBazrdFBEj,70,64,65,New,320
OaB5YhBnsR,54,63,48,New,458
X80MVXcdl0,48,70,60,New,434
ryWYBUNgsi,59,50,66,New,306
PHYeChncek,55,56,70,New,388
DXZu6wUMqe,71,62,61,New,349
rE5bswVGNi,57,48,64,New,394
x8Fn1lrolh,65,53,49,New,372
KnarYATsre,63,70,52,New,419
r7vgXDsWZY,64,61,62,New,478
dWZqx9bQWy,66,59,53,New,376
fB8CTGobFM,64,63,53,New,374
kQt6lkg6Un,53,67,50,New,495
VvHMZ2FFgl,71,65,57,New,461
uNNKR2pvLb,70,70,62,New,455
YGXMTd2jGH,54,57,56,New,403
QSNyu2Sp9Y,50,50,54,New,430
JSW0WjNuVR,70,52,59,New,456
66avPnL5yk,67,51,56,New,352
ZoXiFnE3tf,48,58,65,New,481
Te5YuwZPgm,54,54,53,New,393
F0uNPgt1ul,56,49,64,New,458
0F6T8XT2R1,50,59,53,New,310
CfOI6H8adG,71,54,60,New,435
Y5aIbWjP1c,71,69,54,New,335
bUTC81moaL,54,69,56,New,494
1xIdirGiRI,54,51,66,New,405
0ZtpDsH7UG,50,59,49,New,372
dsZefDUO9U,68,68,48,New,441
TdAJPua3Gl,57,54,68,New,453
bPg7bETBat,69,56,69,New,409
KgCMQD8R17,68,69,61,New,462
iTb2ID3xr6,62,68,52,New,472
171xmqOt46,63,69,68,New,419
QUimg7Ps7X,51,56,65,New,304
NhamdoLYLz,59,60,64,New,391
6HIQRwIXMS,56,66,69,New,498
8HGoHnmFvl,63,58,48,New,430
fZr2edygbv,58,66,60,New,474
Wp0AfZH32a,49,58,61,New,327
TXHdPfsFYT,61,61,59,New,466
TK0iXbLfld,55,60,67,New,424
l8bTI5Fz8B,70,64,53,New,339
zVbm1k79BI,60,65,66,New,359
hZHmDmpZjN,61,50,50,New,411
QDNcKRp2My,62,54,50,New,393
vhOSO1vXQS,57,65,50,New,359
ZZYuFLNtpG,66,65,71,New,403
xhETtsaF24,70,52,50,New,499
r6uKykOpHt,60,66,51,New,418
Qrng3Fthtr,57,48,54,New,337
UxfHExYuyG,69,56,67,New,491
mN4J1BmpSv,62,69,62,New,477
onBHfzn1sa,53,60,70,New,320
ruRo9tnB72,63,61,60,New,394
S8zTi00xfR,68,58,65,New,401
NuPhAxlBZJ,51,61,52,New,433
7EMSoX7wYo,61,49,57,New,452
RI2EnPCiBL,62,57,53,New,315
OtUdawxejL,51,55,52,New,339
9OhypyK8GQ,63,55,71,New,355
N0U5Ih0m2j,68,64,48,New,497
hiR5MsjpWe,57,54,68,New,412
bKmcMtwZcr,68,61,60,New,301
7oqNlwfszj,65,64,63,New,402
JRi3b5PMXg,58,53,50,New,320
1MeDZxrjEP,60,67,63,New,400
Ek1ezoWC1b,67,50,48,New,347
PDhd8Kn8rC,71,51,70,New,481
Adfjeohajd,71,65,58,New,454
YE4oxFpahH,52,68,69,New,301
XbwNAezJZw,64,54,61,New,434
GobcKP0cmr,54,56,67,New,302
ZFf9epsv3d,48,64,68,New,452
VGZNBVbRcZ,49,69,57,New,385
Ax0ElFp59b,64,50,60,New,301
MhHk29sq9K,57,60,58,New,373
zPR1VzgW8E,68,56,55,New,475
sem0lGlNgW,68,48,65,New,322
CpimH4aP6x,60,66,63,New,412
ChgrkYP0L2,68,61,70,New,384
nWnpBFER2O,60,66,67,New,448
lOmDi8WGAY,63,67,48,New,461
SSRmmVv3fK,49,71,55,New,420
6wdiSd4mc0,53,59,70,New,399
MMP3fQGqFM,53,51,60,New,334
EkR3J0CKqC,61,51,64,New,448
iPYpYRgcra,49,49,48,New,311
Ybxr5pSrS0,50,63,63,New,448
qc6nFMm6yy,60,49,51,New,332
RmRrIdKOFj,48,56,67,New,464
BnErnI6Ye6,53,52,65,New,378
2oXo7jOoTO,59,59,52,New,419
BQG44KSOVc,53,49,59,New,304
DQKaDxbHDx,53,65,58,New,369
ZRa2XNbo7f,70,52,63,New,301
IjsRBAoUb2,60,55,61,New,404
lBZuYj4mXa,60,68,71,New,459
0snow42N9H,62,52,56,New,325
amOZnvalpN,66,61,51,New,463
7QKenaA0I5,61,65,49,New,474
hsoJlsyGOx,51,69,52,New,495
Qjjejq5BSW,59,64,63,New,318
erhKJSMqrw,51,60,65,New,395
e2Z3gptFAl,53,52,51,New,419
qT3oxsdNd3,56,55,49,New,399
uHFoEFdL7C,50,60,56,New,337
knPm3FomPT,66,48,52,New,469
Prq9hFyuMP,70,69,66,New,494
7JJYllJJKi,71,65,52,New,403
u3jNI1qLSL,63,59,51,New,381
oqckr7agBF,49,64,58,New,480
Cn4f3BbLyn,66,59,66,New,422
WOa1Z93iGN,49,56,48,New,358
5sX4ygONIN,65,50,70,New,419
Fat4b31HUL,52,54,62,New,427
qFed5dTeis,48,49,52,New,338
wDcFUnVUq7,48,55,59,New,379
q3gvbCv0Kn,67,55,64,New,431
NDdoE0S7lZ,54,65,69,New,375
klQa2NrK39,52,57,51,New,415
eDAUneX9eK,54,68,55,New,465
2IQOLQOPsC,49,48,53,New,327
h3cpwqk1TS,59,48,71,New,404
PckX6vXwFV,56,69,48,New,306
X2TeLCnuxt,49,61,62,New,456
dBCDRfMoik,71,55,71,New,336
MEMybvnIEk,66,48,52,New,416
4V4wXGK9BV,69,49,53,New,372
cbQsAKE3Hy,55,62,58,New,385
mUBqgNTl7A,67,71,61,New,476
yZqFgWADuw,71,65,60,New,396
LQHqgNIn73,62,71,66,New,421
DRDlGbZpFt,63,61,67,New,371
1ykxqSZlb0,60,57,50,New,322
4mFkBSA9sZ,53,69,62,New,445
dOt7DRVJEJ,60,58,66,New,477
5TgH0ciVY5,53,59,51,New,304
CwiCwtkAnz,64,52,49,New,326
P7DDvUNqJU,61,65,55,New,458
30B5Vsjt9F,60,67,55,New,458
8wf4p8WNr6,69,50,48,New,411
1mtTrTYoiN,49,68,65,New,476
vnuu0dT5jB,70,56,62,New,494
kkHnmijtRf,59,53,61,New,481
iKQ1kwItXy,69,62,60,New,460
mgcdBHYy4J,68,62,65,New,398
CBZHLtdI9P,55,63,48,New,484
k7nh8X6Iq6,59,60,58,New,345
teVMPQLFLl,49,48,68,New,300
ypdUS4f35Y,57,62,61,New,468
535bz7JF6u,70,57,53,New,396
cYEaSodNl8,65,56,59,New,476
Br6BaxQHW6,54,50,58,New,372
Y0mulPetpu,63,61,68,New,419
PthqQfqpEy,65,49,68,New,310
YlhEoTFUR8,69,67,58,New,325
UUaVP0m5KI,63,53,61,New,375
CwHaAVW1e4,71,58,62,New,349
eGEZwm7l5o,57,59,54,New,368
OIBxVyz7O7,66,50,57,New,491
1OHH0exARc,62,67,66,New,305
woizwiSfRU,65,63,55,New,308
5MugiPD2JZ,70,57,51,New,401
ihtgZlHY86,70,63,67,New,455
qtKzuPsF0S,49,66,68,New,336
40XBXpXqu9,57,62,66,New,371
Nlz45MXCpt,54,58,55,New,318
ssnR0x2T8J,66,69,56,New,313
KWwmrGpHTR,63,52,68,New,354
eUrZH74XUf,71,69,54,New,361
1Lnhya8ugI,68,54,49,New,322
WPChc1fQ8u,69,55,59,New,486
3CyrMBvrG2,54,48,60,New,499
uabuZ9Vx04,71,64,67,New,475
WlbA1N4mkn,59,57,58,New,405
NVImDwVzGu,58,48,48,New,444
fJWqiegvYU,51,60,62,New,310
DwBuENJu3E,60,53,70,New,418
IW9Ks180Mu,68,69,64,New,405
jYegnQmZVR,52,63,58,New,345
gQtVQXDTXP,51,67,48,New,482
tZTFvfKR6X,64,50,51,New,406
znuCd0f7bz,70,66,69,New,447
dGB6QUriDu,58,56,65,New,408
O8waxuTUEl,70,64,58,New,306
eRqDFJGIfy,52,57,71,New,377
PBh3xdOeUK,65,71,63,New,339
I9yBo1aYO2,69,71,49,New,493
tVDoMSuBEu,48,58,59,New,396
ZMpjnlmOeJ,67,63,56,New,453
4FsRw9nHzb,51,58,56,New,433
Oz50PV8MxJ,65,51,70,New,435
ad66ZQL4Tb,56,63,50,New,464
Y2KqXTFd11,63,56,52,New,434
4OsyaTUMoa,63,52,66,New,424
2DUG1Jtxtm,60,69,66,New,452
rNWGFlYztp,69,62,53,New,483
VTJGwTlnVJ,69,66,69,New,418
xGPah0mxTp,68,61,68,New,417
c3X0AQH8VN,48,69,68,New,432
kbFpBSOqNz,71,58,48,New,461
oZWcycHe64,69,51,71,New,405
hvY3k1PSKx,54,50,57,New,316
JPbGMlfRZy,62,59,57,New,386
PTvlI5lnj5,71,69,54,New,499
ptus07w31G,70,61,61,New,470
nsfiUC8eEg,53,56,59,New,440
r0Yb25HsQ6,63,71,50,New,328
jlEA7LU9cJ,70,53,54,New,410
i1EDClJQ2N,68,49,56,New,333
4SGhuCFBCV,49,54,60,New,432
5aOBbHcU2Z,68,71,63,New,374
WORJx0ZfHy,48,64,67,New,414
RvX4ytIegz,66,63,68,New,401
J2ptGfv5vA,70,51,64,New,461
okooiKNnqU,70,62,56,New,490
NoemC8Mkpg,62,71,65,New,318
OMeAaXgdtd,49,52,65,New,498
AqYdWJJ3AD,58,66,63,New,471
g1th6LUjZM,70,55,57,New,401
zK9t6bUO5X,52,53,65,New,497
t3JuZyBep1,63,65,64,New,488
vrVQVyMVnt,49,67,57,New,301
NUZEizPvrm,67,68,71,New,409
vu2aSNxvzd,55,48,48,New,424
rfdNWY50J2,50,56,50,New,468
Znze1tXzAD,71,69,62,New,494
71zh2iToTY,67,48,60,New,332
jgwcq8gYMa,55,50,55,New,447
tERwaxuN0R,49,68,54,New,365
v3i1WjAeL3,57,51,50,New,323
F76betNzEY,63,52,64,New,465
x7yzCVULTD,51,51,61,New,426
Qc2PHzeWuc,57,56,68,New,428
dwRQ8UH4FV,64,64,67,New,311
1masnS2t5q,52,49,50,New,463
efn9ub52CF,51,63,60,New,356
b6YJxg0eJ2,70,68,49,New,477
INtjFxGvYo,59,66,63,New,477
p0dWOyDwNr,61,58,56,New,320
7BZGLJD1O3,68,61,63,New,353
re68B7vSvl,62,51,48,New,331
2orEiGE7st,52,49,65,New,322
pR9ua5p2Yi,50,56,61,New,424
gxJj4NvT79,55,65,69,New,340
JdmIWNpFCJ,68,63,51,New,368
8rKLTmqzke,57,51,67,New,343
lJOLBXP5rC,51,56,64,New,448
fSiM5um0Ex,56,60,50,New,369
asp9peEKW2,48,51,67,New,452
GrCUiw8PJI,57,53,70,New,345
zjK3T0kCUs,51,61,58,New,470
l50Om0jSwT,55,64,51,New,465
pDngwZGUCD,54,54,61,New,472
RdSue7G8AN,69,52,52,New,435
IMrKfsNAIb,67,58,50,New,384
SHOtU9EGd3,61,71,54,New,401
R4w73uBBZc,62,58,49,New,471
jJZRodRq5l,51,53,60,New,304
x69Q6Y0dyF,51,55,62,New,415
SSt38xaj21,61,66,62,New,439
TBraGAJvxH,67,64,49,New,419
4aIF7fQt9g,49,55,53,New,371
8gUP1oZKLL,48,61,56,New,360
nBI483imBv,48,53,52,New,469
TNptCu061V,69,59,69,New,458
4gbL5z9MhU,62,55,61,New,431
dqS8QJxLN0,49,63,54,New,455
UXavEZBQNK,61,59,62,New,360
WCMxPu8ltm,48,55,48,New,379
LN92eE8g5a,66,57,69,New,489
flBYJBIBly,48,70,69,New,410
4HD6wmnoqZ,53,58,48,New,408
zR4xcfAeWJ,52,58,51,New,344
lQbGmGsTtI,54,69,57,New,447
HCj81SQPEC,50,71,67,New,335
tu6UqxrGaB,56,67,58,New,478
I5fDmObhjN,54,69,68,New,458
6E7nXDm8bf,54,59,57,New,302
mZ6ORVL2W3,62,62,69,New,492
MvjJv7AGGC,71,67,55,New,327
TIjZUVNxec,54,70,66,New,414
cXZ8e3lAkv,66,62,55,New,341
g3v6PqXumq,70,67,56,New,382
e6pju8Q3zW,69,70,65,New,473
kwCRf0TVgs,67,54,61,New,460
lUFgm4aYCX,49,53,53,New,363
dcss2jLKda,48,56,70,New,353
EvNFLuE45b,67,52,68,New,446
IS1hbXLs73,61,55,64,New,304
1w5tI7NgfU,58,62,48,New,485
k9BfN0PRth,64,59,69,New,345
4VnhuVtW98,66,49,49,New,346
Dk1l2Lbmeb,50,52,60,New,384
F2a7ksM6lh,48,51,49,New,326
qaz3x83yOD,67,65,50,New,355
zRE9U77Op0,51,59,64,New,470
gGJzw7TZpq,57,70,51,New,472
Qa3c95h25o,50,69,69,New,325
BF2PJvoFlp,66,66,70,New,403
ruqcDfz14S,70,48,52,New,493
4xG7cmYsI9,50,50,71,New,439
2Gxq1tj463,57,55,62,New,367
gBgft0enfw,50,51,68,New,446
pKYv5ti7Bh,54,57,60,New,412
XiYDcm8CEU,70,59,63,New,465
U18TxB4F8j,52,50,60,New,458
dnuwJL7xJO,53,53,55,New,384
Qkq1sCH9XH,56,67,58,New,391
Sz7TjcY24y,63,48,48,New,483
TXqHgKgRYR,49,61,64,New,358
n7QrtAsnKr,61,51,58,New,352
Bz69kl16Sl,54,54,53,New,456
IwDQuuLUav,69,69,51,New,321
XFN5vRJx0e,59,63,55,New,484
qGVQKT34f2,70,61,67,New,352
yJXZNovOpf,50,53,64,New,391
fLjvITOdm0,48,56,58,New,494
0hMisTAJ6K,66,60,68,New,311
0WxtLk4cbX,57,49,54,New,302
8qDNpaqlGH,64,48,52,New,411
D7AtUjblag,66,66,49,New,423
ihIHjMVCfv,59,69,59,New,330
HtYs1OkClU,56,64,49,New,487
rnzCxJCJLF,53,69,51,New,307
nWiJWiKk8k,59,57,51,New,489
TqX272Ranf,60,67,52,New,330
gM3dpaGdxP,58,71,69,New,303
s4MMb2fuwp,69,64,55,New,336
bSsN14XT56,51,59,49,New,303
KGMk2QeZrp,62,66,61,New,300
Moinl7kad6,64,58,56,New,421
KL9WUIt7UH,63,55,50,New,393
bs5qQvFcH2,51,64,67,New,396
jFjuCX5VZ6,67,48,62,New,331
PuLAFJBTxp,53,57,65,New,467
ZlYz0uxQWd,64,52,61,New,434
3rKKBAng5K,66,62,66,New,408
EW88yKwYpk,71,60,67,New,459
XSiN5hiXGe,71,65,53,New,416
Fr6uWvbtWt,62,60,61,New,374
ziyPUHD28N,49,71,65,New,312
G32ruTHYhI,59,60,48,New,385
Wj0TAgN9Nc,51,70,66,New,412
b7tTwTVBTJ,62,64,59,New,319
rqmntf0QB4,68,54,50,New,420
G8fjT7qSm7,54,66,69,New,320
BRJBDEr3bM,66,68,54,New,447
Bfy15YbXtu,51,52,48,New,486
yZ79v1XGaf,64,60,62,New,347
XfQke0BxYp,71,57,61,New,383
wlTBnowx5r,71,62,69,New,406
IqHZJUCU9l,68,51,61,New,354
d6YnubPGmk,64,50,59,New,419
VLqwOV1UKE,48,52,57,New,349
GjjUxIwHYG,52,66,64,New,382
HIz1MJXQfO,55,71,57,New,433
KPL19kGp9v,61,69,63,New,442
j6kQ35jXPM,53,54,49,New,442
Fst6RoqCCY,51,64,56,New,450
NIlsug0XLa,51,65,60,New,468
ldNqcQQqVm,69,67,70,New,400
yhHow2u2X2,59,57,53,New,369
w3s0Vxl1RL,57,50,62,New,438
VP2wfJMDqJ,68,49,68,New,304
Bb9CFywfO2,60,65,48,New,445
knAmPl4Spo,48,54,60,New,348
oKeVbOc6r5,57,61,63,New,450
RVCrlOG9Rk,63,51,61,New,341
PY6mBjDQ21,65,54,66,New,343
uHdAFcG7HG,54,50,58,New,328
tROyjl9FJo,52,67,61,New,418
EenPN4fduE,54,70,48,New,440
3yCAuwIV7n,68,53,56,New,399
vTn2ie1ykx,55,62,52,New,362
vHF99QoJWZ,50,48,59,New,490
ODecZWIxup,58,65,52,New,344
l1r9vR7zau,71,55,51,New,436
aZVzUFTSMo,67,66,60,New,481
XuWDZA29uG,55,51,64,New,457
p99Ao1eS5u,71,61,69,New,440
onTkkVJHoW,69,66,57,New,305
OpEVCBxmwV,66,56,61,New,385
ogJbErjFRR,52,61,63,New,464
VXQairAyPC,71,51,69,New,373
iSvXePLg3H,65,49,49,New,463
HuQJNBkYgN,57,56,63,New,462
VwKUTHhGc0,50,64,64,New,335
MEhoTl7mVu,57,66,64,New,347
x70TI0Kchb,59,65,50,New,403
aahJ85B0zU,71,55,53,New,377
UrsFoV3koY,71,61,56,New,479
WM2csUd8dM,50,59,66,New,328
z7wAZTGHgB,61,53,60,New,390
