e4N74ZRbsQ,KWRVqjYatj,8,5,Rectangular
DIGd7pVmDw,9IOFnkEdPl,4,7,Round
eWGzBGluOm,5uP4WadjWy,7,5,Rectangular
Z7dL9FoeNk,g2XkWJdCgi,4,6,Rectangular
KNG9lK5OiG,ZFncfL1jqx,4,8,Rectangular
evfppQCPkq,BUPKJQFtpa,4,6,Round
KCEl3t9aPf,mtpzxAfuQK,9,8,Rectangular
SCDbnkKYfZ,P37m4yzCt2,9,11,Round
k8UvkbfNxm,csZZnULbT5,4,10,Round
TLjIC9Y7R5,wmZUxHO47H,9,7,Round
fOIwMX2kPs,4NeTvOLwsz,7,8,Rectangular
jsKPzVnZCb,E4LRGkpMfO,8,8,Round
eBFE02sObx,55RTCXNUUV,5,11,Round
EvkyJKPjRl,vzvQ0B2wj0,7,6,Round
9Tv3jHqvWo,bfKe24Fd4Q,5,6,Round
kxQcrKrpbs,5z1u5oOC7W,7,10,Round
zmwTc0H5ky,gsSPKCaMWb,6,11,Rectangular
LkKv7DrsMK,rdmzBeD1jF,6,5,Round
ZrR0bF5QXw,SCO5u98NWZ,4,5,Round
Twsyk5rhDF,ThnLcr5M5C,5,7,Rectangular
C5bsBRaObE,OWRzSiJTAX,5,10,Rectangular
KJpG3RlKfQ,q2xvkIHzbY,7,4,Rectangular
2zRO1JEROn,mISzbMdNjf,5,9,Round
fspifRInAQ,WisgHbu1O0,8,7,Rectangular
uqDGB6Htxt,mhpbaJ8Xpx,8,4,Round
byyRrf0QOW,qlFRLQqo5P,5,11,Round
Yu3iCQgQG3,x5gFxiVy2j,9,6,Rectangular
YFmGTzHB8s,N7jNkE82AP,5,9,Round
7jPVGYjRn2,iE7Fbm2c5F,6,5,Rectangular
W6MH7l0mBz,S8xkyO6EOP,4,4,Rectangular
REs8Kkofe8,hXDtsulO5Y,4,4,Round
HrwA2ZGlPl,w8wNtHRZcM,9,10,Rectangular
s8ssyWIwiC,JpRPnNk7K5,4,4,Rectangular
Hr3wkcW3Lg,skcoYVfUvZ,6,9,Round
e9Ao0ZZpfP,9DDghi334h,8,6,Rectangular
spMc3s95Ic,FDxN5hEdss,8,7,Round
LwsUn5AAEl,NsloErkhqu,6,5,Rectangular
ZWBZvRETvr,ztUtZ41jXc,8,4,Round
m2TXfiOfHt,909lqqb4In,5,8,Round
gI5bzH71GQ,LTVMc6f1en,6,11,Round
O98AUHorU9,rs1KHxO28y,4,7,Round
6eKQ1oNZ3k,CmSVzxpawC,8,4,Round
3XPN4QGtYl,jo5nf7lYpO,6,6,Round
QTLPfzPDnU,GM0VxYX3Wa,7,6,Round
TtFvMir6em,JE0r5MqojX,4,9,Round
hwUnL69ty0,XNlqg8GgAM,5,7,Rectangular
a7YGG0UZcT,klRHx8Opdi,9,11,Rectangular
9RjVh3x8tK,QfBWiZbwfW,8,4,Rectangular
VF7nVmjVl3,9oOqa3hRDv,6,10,Rectangular
XmhKQgS3wQ,G5SjvX21sC,5,9,Rectangular
RC1Iia93M7,nWp4sU0U5u,8,10,Rectangular
NJWMka2WM8,kWOL3dLII5,8,8,Rectangular
sv76zJQHKb,o5168Ufmpa,6,10,Rectangular
JITkC0GZOH,IzgIQKu0Uh,9,8,Rectangular
brrbzqzg5i,kKY3zws3pv,4,6,Rectangular
JLSo2PIe8o,gTEa9wTcaD,5,9,Rectangular
Be9nvmOuJB,QFbAeyw7NU,8,11,Rectangular
wbz0NbdhpJ,u98BeIZqpi,8,9,Rectangular
wfuuErQI2B,swb1dB4K2J,8,10,Rectangular
jvVR6213Hy,aQuUs8p6lz,5,4,Rectangular
t46b40gnat,P6dv5QNDoj,5,7,Round
Nn628I1rS7,VZAHjHOlno,8,7,Rectangular
Y9oPD5wbxV,4uSXR0shjD,6,9,Rectangular
9VRBIDn7Q5,XXXBTfPdsx,4,4,Round
j2NoKyFfmn,jB4xRhoLBP,7,10,Rectangular
2brCsqMwFv,2h36eG3k1r,7,9,Rectangular
GLvHOXRjeP,sZW5tnwnlW,6,6,Round
0uzi2lU3dA,WOkJ6K9ovL,4,10,Rectangular
9Fb2brEVnd,KqbSbCmuVR,9,4,Rectangular
TTAoSpkTam,8snbjRMBWf,8,4,Rectangular
vbvyCoo9sD,z2NMEJrRCH,7,7,Round
o8wMrHSwUk,nuyZH3CcPJ,9,10,Rectangular
1ZsQkl9U36,DoG6rPaZHt,4,8,Round
xipKm4ZpqB,cZkAanc316,9,8,Rectangular
ckWsjy0qfn,lRDbuaczzr,5,7,Rectangular
QVogyjf8b8,oeQ2n8LdNf,7,9,Rectangular
pbfYqWNwCE,fpBgjKDisg,6,8,Round
lgGUlztw6f,wa4CgDMDnT,7,8,Rectangular
aAPFjHxG37,WovsObBMYd,8,5,Round
bvQG7AyzpP,oeVuTQPTMn,9,11,Round
q3rHteiF4D,u2HcbBBPYu,9,5,Rectangular
mMKW3QzCSq,hSp0i2I93C,5,9,Rectangular
EuKfwTbSMQ,LogjrAeClv,7,6,Rectangular
kXNt3Uau7o,lZT2M9EjKH,7,4,Round
gKs6UHPm7e,iPY7oXkxbG,7,9,Rectangular
L5NMAFhpum,q5htM6nVsZ,7,6,Rectangular
upjHz3f4Dn,0EKsH99oc8,8,6,Round
eTtf1QpjZ5,h74d4XA3pL,6,6,Round
EZyugc24Cp,dnQhIrjujX,8,10,Rectangular
4aYM1g5Udu,ngbRwZig6I,6,5,Round
UE3Jqkzamq,FwZGvCfmwT,4,4,Rectangular
iLk84yUBI0,rrE2CISMvz,8,7,Round
jTImt1RNH7,Ad6JRXdq4s,5,10,Round
tOWU8CUbqF,umP5GHryuM,4,11,Round
Z0CX8dldkM,TjibUsT4JO,6,5,Round
3TxDSGOiXq,T793lWoEID,4,9,Round
C1MROBSSQt,5zHzt6CDKE,6,5,Round
1R9yytBBIO,YYa5LhkqsG,4,4,Rectangular
iQPEGDveWn,DPMtNuQ6Fw,7,9,Rectangular
dOtbm2vsJd,eYzu2ezn4s,7,6,Rectangular
UM2jUjWP94,bMN2wYGfAQ,4,6,Rectangular
Mr8FwUntD1,75Hm1uogBt,6,7,Rectangular
zQImaMUMUb,7yUeOGKO7U,4,11,Round
wPOgmqgEY6,EqPanBezpO,8,8,Rectangular
NSagjbHwWG,4arqe70auT,4,9,Round
ikvGJmD334,DgcJKTA7Wx,4,5,Rectangular
IeuJp3BUnd,aPRQrQt2Fo,4,4,Round
yyIAQoeWLb,j15CBAh52T,4,4,Round
ZJsxWlhBjX,E9bTFC90x2,5,8,Rectangular
p3egrsR6bB,8f9Fl5jVXi,7,9,Round
Na6eh8GhyM,2sZn2Q9ZtV,6,6,Rectangular
5Rp7K137Nz,JD7r2jY9dt,9,10,Rectangular
13ZGsM9x5l,KYRW6ESOft,9,4,Round
s8wyITKro4,Z1UzFEiSV6,7,6,Round
uKeGwVAde7,2k6FCNLgQa,9,6,Round
2EBSj1noVT,MNRqQBwIr6,4,7,Rectangular
xDgUNBMQ8f,hwtxkTt2OF,7,10,Rectangular
gnJi8U9L6m,Ffapt2fEUu,9,6,Round
vQvd80s43Q,bgjY9ErRqj,4,8,Round
RasAX0E7Hk,eQHfizum7l,6,5,Round
RnGMHZiHZr,ryWYBUNgsi,6,6,Rectangular
2oPMQdmtmW,DXZu6wUMqe,7,5,Round
4XjLHDRo54,r7vgXDsWZY,7,10,Round
VFvjuzND52,66avPnL5yk,9,4,Round
PWDvBpYFAb,CfOI6H8adG,9,6,Rectangular
75BEGa66eX,dsZefDUO9U,4,6,Rectangular
R0Zi80BIhN,TXHdPfsFYT,8,8,Rectangular
aaFAH5nYyZ,hZHmDmpZjN,5,11,Round
t6KAQ650O0,vhOSO1vXQS,4,10,Round
cANIp3RVXL,UxfHExYuyG,8,9,Rectangular
h0vIBMNzp0,mN4J1BmpSv,6,8,Round
XRzhw6WO9O,ruRo9tnB72,8,4,Rectangular
RCNZ71NFEI,9OhypyK8GQ,7,6,Round
ciEhLlHOeR,7oqNlwfszj,9,6,Rectangular
wzPlejTkCR,ZFf9epsv3d,8,5,Round
f0hCgChgtD,VGZNBVbRcZ,5,9,Rectangular
k0cAZCrOJq,MhHk29sq9K,4,6,Rectangular
nKheWasaPw,ChgrkYP0L2,8,7,Rectangular
vQxTS5lHsI,6wdiSd4mc0,5,4,Round
NiYXMr2dk4,MMP3fQGqFM,8,7,Round
O05FqVxarW,Ybxr5pSrS0,6,4,Rectangular
gy46LYJCjQ,BQG44KSOVc,6,8,Round
iDMX53zz9h,IjsRBAoUb2,8,10,Rectangular
UhfEXCi08Q,hsoJlsyGOx,7,4,Rectangular
DiqDmYPSEP,q3gvbCv0Kn,9,6,Round
kCia6FkdRZ,2IQOLQOPsC,6,4,Round
9VQX9N7LAW,dBCDRfMoik,8,4,Rectangular
DWgOkeAHWG,iKQ1kwItXy,6,9,Rectangular
45IHJInpMG,teVMPQLFLl,5,9,Round
UfpJH1Lrjx,cYEaSodNl8,6,9,Rectangular
yOqDj8tVXl,CwHaAVW1e4,8,7,Round
BmYM2qCaO5,eUrZH74XUf,9,4,Rectangular
o9VVItvEAm,I9yBo1aYO2,6,8,Rectangular
9ckqlzrFFm,ZMpjnlmOeJ,9,8,Round
7COlubEJWc,ad66ZQL4Tb,6,4,Rectangular
8OvwpY9Trv,4OsyaTUMoa,9,5,Round
mGn1s6TMXk,rNWGFlYztp,4,5,Rectangular
18ZhIAl9R1,VTJGwTlnVJ,8,5,Round
HlNvM5ekTc,PTvlI5lnj5,6,9,Rectangular
vCEuKzMHZF,5aOBbHcU2Z,4,9,Round
mQugylHKPY,NoemC8Mkpg,6,6,Round
XvrvfRhwft,NUZEizPvrm,6,7,Round
Un3UokagPv,71zh2iToTY,9,7,Round
TZffQtiBZf,v3i1WjAeL3,8,4,Rectangular
pl5RMQ5K1T,1masnS2t5q,7,4,Rectangular
i4Z9vVvw7o,7BZGLJD1O3,6,8,Round
NMy6ziCgqN,2orEiGE7st,5,10,Rectangular
lh4HiY9lhC,pR9ua5p2Yi,5,10,Round
ULiDhqBfdJ,JdmIWNpFCJ,6,6,Rectangular
WgvnEenYs2,8rKLTmqzke,7,6,Round
c3bLdAGSph,asp9peEKW2,9,9,Round
